-361.5472297,1.7924540,-0.0015725
-361.9261708,0.8662543,-0.0013941
-362.3053016,-0.0598240,-0.0011788
-362.6846534,-0.9857226,-0.0009301
-363.0642259,-1.9114138,-0.0006558
-363.4440159,-2.8368938,-0.0003964
-363.8240337,-3.7621798,-0.0001560
-364.2043161,-4.6872985,0.0000501
-364.5848242,-5.6123241,0.0002057
-364.9652974,-6.5374075,0.0002454
-365.3459227,-7.4624720,0.0002217
-365.7267421,-8.3874966,0.0001672
-366.1077545,-9.3124844,0.0000987
-366.4889533,-10.2374235,0.0000170
-366.8703245,-11.1623016,-0.0000640
-367.2518649,-12.0871143,-0.0001464
-367.6335640,-13.0118571,-0.0002175
-368.0154016,-13.9365170,-0.0002765
-368.3973697,-14.8610900,-0.0003290
-368.7794499,-15.7855751,-0.0003536
-369.1616279,-16.7099586,-0.0003735
-369.5438860,-17.6342434,-0.0003735
-369.9262108,-18.5584170,-0.0003568
-370.3085810,-19.4824783,-0.0003327
-370.6909776,-20.4064318,-0.0002902
-371.0733840,-21.3302683,-0.0002455
-371.4557756,-22.2539874,-0.0001867
-371.8381332,-23.1775894,-0.0001237
-372.2204366,-24.1010722,-0.0000599
-372.6026630,-25.0244468,0.0000106
-372.9847837,-25.9477026,0.0000844
-373.3667762,-26.8708403,0.0001612
-373.7486247,-27.7938770,0.0002320
-374.1302895,-28.7168029,0.0003084
-374.5117522,-29.6396277,0.0003826
-374.8929811,-30.5623504,0.0004617
-375.2739525,-31.4849871,0.0005359
-375.6546365,-32.4075344,0.0006132
-376.0350116,-33.3300047,0.0006855
-376.4150348,-34.2523979,0.0007584
-376.7946812,-35.1747229,0.0008319
-377.1739239,-36.0969944,0.0009142
-377.5527291,-37.0192240,0.0009878
-377.9310637,-37.9414032,0.0010682
-378.3089079,-38.8635572,0.0011490
-378.6862151,-39.7856853,0.0012268
-379.0629604,-40.7078096,0.0013091
-379.4391140,-41.6299309,0.0013988
-379.8146257,-42.5520623,0.0014792
-380.1894807,-43.4742163,0.0015632
-380.5636514,-44.3964081,0.0016526
-380.9370868,-45.3186379,0.0017405
-381.3097623,-46.2409254,0.0018287
-381.6816508,-47.1632826,0.0019163
-382.0526910,-48.0857207,0.0019954
-382.4228739,-49.0082457,0.0020719
-382.7921658,-49.9308668,0.0021532
-383.1605235,-50.8535999,0.0022257
-383.5279176,-51.7764578,0.0022895
-383.8943168,-52.6994369,0.0023473
-384.2596538,-53.6225723,0.0023903
-384.6239232,-54.5458504,0.0024238
-384.9870896,-55.4692724,0.0024531
-385.3491135,-56.3928632,0.0024672
-385.7099528,-57.3166188,0.0024722
-386.0695889,-58.2405508,0.0024655
-386.4279251,-59.1646676,0.0024355
-386.7849642,-60.0889665,0.0023960
-387.1406846,-61.0134453,0.0023449
-387.4950233,-61.9381091,0.0022837
-387.8479445,-62.8629630,0.0022156
-388.1994200,-63.7879968,0.0021479
-388.5493515,-64.7132485,0.0020525
-388.8977254,-65.6386884,0.0019540
-389.2445261,-66.5643162,0.0018654
-389.5896839,-67.4901351,0.0017749
-389.9331576,-68.4161497,0.0017036
-390.2749202,-69.3423560,0.0016493
-390.6148422,-70.2687862,0.0016038
-390.9529066,-71.1954267,0.0015700
-391.2891076,-72.1222759,0.0015846
-391.6233592,-73.0493415,0.0016325
-391.9556195,-73.9766478,0.0017235
-392.2858507,-74.9041771,0.0018683
-392.6139286,-75.8319972,0.0020431
-392.9397975,-76.7601046,0.0022599
-393.2634673,-77.6885174,0.0025418
-393.5848354,-78.6172619,0.0028627
-393.9038537,-79.5463769,0.0032304
-394.2204855,-80.4758777,0.0036373
-394.5345919,-81.4058420,0.0040614
-394.8461060,-82.3363099,0.0044705
-395.1550313,-83.2673048,0.0048880
-395.4612523,-84.1988970,0.0052668
-395.7647201,-85.1311372,0.0055981
-396.0653991,-86.0640770,0.0058564
-396.3631454,-86.9978027,0.0059927
-396.6578873,-87.9323797,0.0059740
-396.9496427,-88.8678314,0.0058022
-397.2383025,-89.8042465,0.0054259
-397.5238679,-90.7416542,0.0048486
-397.8063598,-91.6800807,0.0040721
-398.0857050,-92.6195725,0.0030582
-398.3620102,-93.5601106,0.0018645
-398.6354844,-94.5016478,0.0005524
-398.9063151,-95.4440977,-0.0007749
-399.1750165,-96.3872955,-0.0019336
-399.4421616,-97.3310293,-0.0026910
-399.7080628,-98.2751435,-0.0029182
-399.9724912,-99.2196124,-0.0026648
-400.2349842,-100.1644913,-0.0021140
-400.4951701,-101.1097949,-0.0013655
-400.7528617,-102.0554919,-0.0004895
-401.0078526,-103.0015701,0.0004474
-401.2598844,-103.9480292,0.0013689
-401.5088718,-104.8948519,0.0022365
-401.7547407,-105.8420122,0.0030551
-401.9972886,-106.7895133,0.0037675
-402.2365226,-107.7373355,0.0043774
-402.4724009,-108.6854693,0.0049083
-402.7047968,-109.6339214,0.0053295
-402.9336243,-110.5827087,0.0056256
-403.1589242,-111.5318131,0.0058550
-403.3805426,-112.4812746,0.0059774
-403.5984674,-113.4310815,0.0060105
-403.8127464,-114.3812506,0.0060030
-404.0232979,-115.3317777,0.0059449
-404.2300277,-116.2827135,0.0058236
-404.4330004,-117.2340444,0.0056933
-404.6321197,-118.1857947,0.0055260
-404.8273123,-119.1379900,0.0053211
-405.0186803,-120.0906177,0.0051332
-405.2061837,-121.0437007,0.0049552
-405.3897353,-121.9972508,0.0047707
-405.5693816,-122.9512708,0.0046071
-405.7450900,-123.9057760,0.0044646
-405.9167212,-124.8607824,0.0043011
-406.0844130,-125.8162856,0.0041667
-406.2481528,-126.7722691,0.0040723
-406.4078772,-127.7287577,0.0039848
-406.5635937,-128.6857350,0.0039192
-406.7153256,-129.6432012,0.0038905
-406.8628889,-130.6011706,0.0038349
-407.0064121,-131.5596247,0.0037858
-407.1459297,-132.5185430,0.0037766
-407.2813775,-133.4779307,0.0037704
-407.4127455,-134.4377739,0.0037756
-407.5400877,-135.3980463,0.0038063
-407.6632120,-136.3587646,0.0038055
-407.7821869,-137.3199096,0.0037831
-407.8971086,-138.2814505,0.0037952
-408.0079111,-139.2433758,0.0037962
-408.1145732,-140.2056699,0.0037986
-408.2171600,-141.1683149,0.0038222
-408.3155099,-142.1313100,0.0038109
-408.4095876,-143.0946361,0.0037569
-408.4995635,-144.0582582,0.0037181
-408.5853671,-145.0221643,0.0036722
-408.6669792,-145.9863375,0.0036174
-408.7444562,-146.9507506,0.0035772
-408.8177014,-147.9154060,0.0035197
-408.8865922,-148.8802811,0.0033989
-408.9513125,-149.8453482,0.0032921
-409.0118201,-150.8105992,0.0031715
-409.0680792,-151.7760063,0.0030447
-409.1201460,-152.7415508,0.0029208
-409.1679851,-153.7072249,0.0027977
-409.2114200,-154.6730111,0.0026069
-409.2506131,-155.6388844,0.0024185
-409.2855615,-156.6048304,0.0022370
-409.3162131,-157.5708337,0.0020273
-409.3426138,-158.5368750,0.0018289
-409.3647784,-159.5029390,0.0016399
-409.3825288,-160.4690044,0.0014086
-409.3959637,-161.4350610,0.0011623
-409.4051390,-162.4010822,0.0009274
-409.4099635,-163.3670635,0.0006796
-409.4104921,-164.3329806,0.0004414
-409.4067650,-165.2988186,0.0002299
-409.3986445,-166.2645636,-0.0000020
-409.3861370,-167.2301874,-0.0002420
-409.3693585,-168.1956882,-0.0004549
-409.3481929,-169.1610414,-0.0006735
-409.3226925,-170.1262342,-0.0008677
-409.2929195,-171.0912462,-0.0010305
-409.2587833,-172.0560633,-0.0011853
-409.2202194,-173.0206635,-0.0013546
-409.1773690,-173.9850394,-0.0014785
-409.1301309,-174.9491660,-0.0016079
-409.0785290,-175.9130289,-0.0017275
-409.0226452,-176.8766103,-0.0018142
-408.9624331,-177.8399049,-0.0018759
-408.8977877,-178.8028754,-0.0019523
-408.8288494,-179.7655316,-0.0020074
-408.7555513,-180.7278328,-0.0020495
-408.6778608,-181.6897709,-0.0020991
-408.5958906,-182.6513359,-0.0021158
-408.5096261,-183.6125129,-0.0021134
-408.4189678,-184.5732704,-0.0021224
-408.3240042,-185.5336034,-0.0021182
-408.2247385,-186.4934985,-0.0021012
-408.1210661,-187.4529284,-0.0021117
-408.0131188,-188.4118855,-0.0020922
-407.9009211,-189.3703612,-0.0020616
-407.7843861,-190.3283202,-0.0020285
-407.6635496,-191.2857610,-0.0019985
-407.5384737,-192.2426736,-0.0019501
-407.4090069,-193.1990118,-0.0019334
-407.2752791,-194.1547825,-0.0019193
-407.1373430,-195.1099771,-0.0018729
-406.9951385,-196.0645706,-0.0018277
-406.8486569,-197.0185468,-0.0017976
-406.6979967,-197.9718870,-0.0017419
-406.5430030,-198.9245779,-0.0017189
-406.3837492,-199.8765816,-0.0017055
-406.2203425,-200.8279275,-0.0016724
-406.0527357,-201.7785702,-0.0016319
-405.8808999,-202.7284995,-0.0016058
-405.7049383,-203.6777044,-0.0015597
-405.5247349,-204.6261577,-0.0015303
-405.3402658,-205.5738323,-0.0015305
-405.1517001,-206.5207423,-0.0015089
-404.9590041,-207.4668502,-0.0014812
-404.7621452,-208.4121489,-0.0014641
-404.5611996,-209.3566292,-0.0014222
-404.3561190,-210.3002652,-0.0013854
-404.1467873,-211.2430028,-0.0014031
-403.9333949,-212.1848745,-0.0013976
-403.7159418,-213.1258542,-0.0013792
-403.4943930,-214.0659193,-0.0013667
-403.2688003,-215.0050641,-0.0013421
-403.0391701,-215.9432649,-0.0013001
-402.8053148,-216.8804656,-0.0013126
-402.5674184,-217.8166825,-0.0013312
-402.3255265,-218.7519074,-0.0013260
-402.0795923,-219.6861103,-0.0013169
-401.8296488,-220.6192886,-0.0013022
-401.5757465,-221.5514271,-0.0012674
-401.3177074,-222.4824483,-0.0012747
-401.0556148,-223.4123804,-0.0013034
-400.7895854,-224.3412135,-0.0013043
-400.5195507,-225.2689119,-0.0013054
-400.2455389,-226.1954709,-0.0012996
-399.9676123,-227.1208948,-0.0012726
-399.6856491,-228.0451057,-0.0012679
-399.3996285,-228.9680927,-0.0012968
-399.1097080,-229.8898874,-0.0013064
-398.8158154,-230.8104309,-0.0013126
-398.5179717,-231.7297256,-0.0013263
-398.2162386,-232.6477686,-0.0013095
-397.9105544,-233.5645131,-0.0012965
-397.6008218,-234.4799079,-0.0013302
-397.2872072,-235.3939909,-0.0013379
-396.9696594,-236.3067341,-0.0013587
-396.6481725,-237.2181074,-0.0013808
-396.3228145,-238.1281202,-0.0013798
-395.9935733,-239.0367365,-0.0013735
-395.6603111,-239.9439085,-0.0014065
-395.3231719,-240.8496498,-0.0014284
-394.9821435,-241.7539541,-0.0014520
-394.6371854,-242.6567713,-0.0014818
-394.2883739,-243.5581267,-0.0015048
-393.9357216,-244.4579906,-0.0015023
-393.5791149,-245.3563085,-0.0015416
-393.2186219,-246.2530976,-0.0015776
-392.8542941,-247.1483452,-0.0015953
-392.4860460,-248.0420005,-0.0016416
-392.1139648,-248.9340875,-0.0016815
-391.7380854,-249.8245957,-0.0016971
-391.3583166,-250.7134813,-0.0017268
-390.9746741,-251.6007118,-0.0017718
-390.5872512,-252.4863238,-0.0018019
-390.1959343,-253.3702432,-0.0018527
-389.8008016,-254.2524917,-0.0019027
-389.4019168,-255.1330721,-0.0019304
-388.9992199,-256.0119381,-0.0019567
-388.5926750,-256.8890606,-0.0020069
-388.1823962,-257.7644703,-0.0020308
-387.7682843,-258.6381049,-0.0020824
-387.3503718,-259.5099673,-0.0021422
-386.9287556,-260.3800659,-0.0021751
-386.5034037,-261.2483727,-0.0022009
-386.0742512,-262.1148472,-0.0022401
-385.6414170,-262.9795112,-0.0022674
-385.2048246,-263.8423283,-0.0022998
-384.7644597,-264.7032478,-0.0023604
-384.3204398,-265.5623283,-0.0023996
-383.8727497,-266.4195382,-0.0024222
-383.4213401,-267.2748266,-0.0024562
-382.9662867,-268.1282093,-0.0024726
-382.5075744,-268.9796631,-0.0024844
-382.0451136,-269.8291217,-0.0025430
-381.5790456,-270.6766389,-0.0025757
-381.1093871,-271.5221926,-0.0025906
-380.6360869,-272.3657516,-0.0026126
-380.1591848,-273.2073090,-0.0026210
-379.6787189,-274.0468656,-0.0026160
-379.1945523,-274.8843161,-0.0026533
-378.7068160,-275.7197227,-0.0026881
-378.2155608,-276.5530851,-0.0026965
-377.7207460,-277.3843567,-0.0027019
-377.2223815,-278.2135304,-0.0027042
-376.7205352,-279.0406168,-0.0026796
-376.2150601,-279.8655162,-0.0026974
-375.7060360,-280.6882405,-0.0027210
-375.1935653,-281.5088430,-0.0027246
-374.6776028,-282.3272647,-0.0027193
-374.1581536,-283.1434892,-0.0027141
-373.6352909,-283.9575332,-0.0026756
-373.1088887,-284.7693179,-0.0026695
-372.5789503,-285.5787971,-0.0026970
-372.0456273,-286.3860537,-0.0026902
-371.5088747,-287.1910458,-0.0026839
-370.9686955,-287.9937465,-0.0026729
-370.4251575,-288.7941753,-0.0026399
-369.8781952,-289.5922619,-0.0026051
-369.3277182,-290.3879433,-0.0026287
-368.7739039,-291.1812941,-0.0026281
-368.2167273,-291.9722891,-0.0026168
-367.6561798,-292.7608958,-0.0026034
-367.0923180,-293.5471341,-0.0025774
-366.5251300,-294.3309686,-0.0025298
-365.9544900,-295.1122978,-0.0025422
-365.3805474,-295.8911832,-0.0025345
-364.8033102,-296.6676354,-0.0025190
-364.2227553,-297.4416003,-0.0025080
-363.6389263,-298.2130996,-0.0024809
-363.0518609,-298.9821213,-0.0024366
-362.4614248,-299.7485607,-0.0024243
-361.8677190,-300.5124486,-0.0024232
-361.2707899,-301.2738226,-0.0023994
-360.6705930,-302.0326141,-0.0023921
-360.0671784,-302.7888428,-0.0023709
-359.4605848,-303.5425234,-0.0023211
-358.8507384,-304.2935534,-0.0022975
-358.2376461,-305.0419356,-0.0022976
-357.6214079,-305.7877216,-0.0022678
-357.0019582,-306.5308410,-0.0022631
-356.3793461,-307.2713055,-0.0022477
-355.7536276,-308.0091317,-0.0021995
-355.1247568,-308.7442641,-0.0021635
-354.4926874,-309.4766515,-0.0021590
-353.8575495,-310.2063617,-0.0021349
-353.2192754,-310.9333220,-0.0021146
-352.5778931,-311.6575392,-0.0021045
-351.9334674,-312.3790470,-0.0020674
-351.2859910,-313.0977997,-0.0020262
-350.6353916,-313.8137238,-0.0020103
-349.9817789,-314.5268953,-0.0019869
-349.3251238,-315.2372571,-0.0019605
-348.6654159,-315.9447662,-0.0019449
-348.0027361,-316.6494931,-0.0019160
-347.3370915,-317.3514080,-0.0018700
-346.6684246,-318.0504297,-0.0018535
-345.9967955,-318.7466028,-0.0018197
-345.3222324,-319.4399121,-0.0017816
-344.6446674,-320.1302809,-0.0017706
-343.9642003,-320.8177785,-0.0017482
-343.2808470,-321.5024038,-0.0016996
-342.5945773,-322.1840771,-0.0016655
-341.9054109,-322.8628097,-0.0016359
-341.2133981,-323.5386267,-0.0015819
-340.5184533,-324.2114146,-0.0015659
-339.8206752,-324.8812361,-0.0015522
-339.1200986,-325.5481121,-0.0015069
-338.4166895,-326.2119897,-0.0014632
-337.7104536,-326.8728334,-0.0014283
-337.0014605,-327.5306987,-0.0013686
-336.2896216,-328.1854619,-0.0013425
-335.5749894,-328.8371560,-0.0013255
-334.8576483,-329.4858301,-0.0012892
-334.1375610,-330.1314397,-0.0012395
-333.4147198,-330.7739411,-0.0012062
-332.6891983,-331.4133850,-0.0011470
-331.9609349,-332.0496672,-0.0011089
-331.2299171,-332.6827628,-0.0010996
-330.4962561,-333.3127707,-0.0010713
-329.7599381,-333.9396348,-0.0010251
-329.0209504,-334.5633161,-0.0009934
-328.2793425,-335.1838600,-0.0009398
-327.5350983,-335.8011949,-0.0008898
-326.7881393,-336.4152280,-0.0008893
-326.0386138,-337.0260734,-0.0008765
-325.2865015,-337.6337164,-0.0008412
-324.5318034,-338.2381063,-0.0008163
-323.7745443,-338.8392727,-0.0007764
-323.0147478,-339.4371867,-0.0007248
-322.2523024,-340.0316912,-0.0007339
-321.4873278,-340.6229104,-0.0007389
-320.7198592,-341.2108665,-0.0007303
-319.9498761,-341.7954915,-0.0007159
-319.1774008,-342.3768106,-0.0007004
-318.4024736,-342.9548290,-0.0006535
-317.6249955,-343.5293836,-0.0006677
-316.8450233,-344.1005464,-0.0006961
-316.0626444,-344.6683776,-0.0006998
-315.2778123,-345.2328185,-0.0007068
-314.4905651,-345.7938683,-0.0007085
-313.7009502,-346.3515674,-0.0006908
-312.9088833,-346.9057869,-0.0006941
-312.1143861,-347.4565085,-0.0007378
-311.3175559,-348.0038474,-0.0007527
-310.5183588,-348.5477248,-0.0007735
-309.7168171,-349.0881542,-0.0007982
-308.9129827,-349.6251653,-0.0007869
-308.1068221,-350.1586891,-0.0007896
-307.2982985,-350.6886368,-0.0008420
-306.4875162,-351.2151405,-0.0008605
-305.6744611,-351.7381379,-0.0008861
-304.8591377,-352.2576251,-0.0009206
-304.0416058,-352.7736403,-0.0009294
-303.2218560,-353.2861534,-0.0009239
-302.3998341,-353.7950408,-0.0009670
-301.5756382,-354.3004179,-0.0009907
-300.7492683,-354.8022606,-0.0010121
-299.9207205,-355.3005242,-0.0010477
-299.0900463,-355.7952649,-0.0010590
-298.2572699,-356.2864769,-0.0010537
-297.4223266,-356.7740420,-0.0010759
-296.5852959,-357.2580270,-0.0011042
-295.7461995,-357.7384513,-0.0011127
-294.9050156,-358.2152254,-0.0011339
-294.0617979,-358.6884292,-0.0011504
-293.2165859,-359.1580687,-0.0011429
-292.3693297,-359.6240472,-0.0011462
-291.5200644,-360.0863708,-0.0011600
-290.6688567,-360.5451053,-0.0011590
-289.8156473,-361.0001383,-0.0011760
-288.9605050,-361.4515273,-0.0011849
-288.1034635,-361.8993171,-0.0011760
-287.2445062,-362.3434250,-0.0011614
-286.3836361,-362.7838083,-0.0011653
-285.5209172,-363.2205651,-0.0011511
-284.6563105,-363.6535730,-0.0011570
-283.7898534,-364.0828593,-0.0011608
-282.9216011,-364.5084920,-0.0011452
-282.0515501,-364.9304187,-0.0011286
-281.1796830,-365.3485627,-0.0011237
-280.3060557,-365.7630252,-0.0011023
-279.4306621,-366.1737015,-0.0010843
-278.5534996,-366.5805693,-0.0010944
-277.6746392,-366.9837269,-0.0010852
-276.7940778,-367.3831383,-0.0010624
-275.9118078,-367.7787263,-0.0010524
-275.0278700,-368.1705571,-0.0010254
-274.1422726,-368.5585856,-0.0009946
-273.2549919,-368.9427110,-0.0010081
-272.3660987,-369.3230630,-0.0010075
-271.4756046,-369.6996257,-0.0009876
-270.5835013,-370.0723327,-0.0009724
-269.6898233,-370.4412086,-0.0009474
-268.7945865,-370.8062687,-0.0009122
-267.8977543,-371.1673521,-0.0009302
-266.9993842,-371.5245855,-0.0009379
-266.0995204,-371.8779908,-0.0009194
-265.1981443,-372.2275110,-0.0009074
-264.2952795,-372.5731406,-0.0008913
-263.3909578,-372.9149327,-0.0008538
-262.4851346,-373.2527084,-0.0008591
-261.5778600,-373.5865446,-0.0008797
-260.6691776,-373.9165279,-0.0008699
-259.7590870,-374.2425955,-0.0008610
-258.8475950,-374.5647307,-0.0008488
-257.9347473,-374.8830019,-0.0008119
-257.0204973,-375.1972575,-0.0008114
-256.1048760,-375.5074787,-0.0008415
-255.1879416,-375.8138237,-0.0008458
-254.2696918,-376.1162248,-0.0008418
-253.3501359,-376.4146719,-0.0008400
-252.4293235,-376.7092174,-0.0008066
-251.5072272,-376.9997759,-0.0007879
-250.5838393,-377.2862333,-0.0008248
-249.6592352,-377.5687733,-0.0008338
-248.7334121,-377.8473569,-0.0008299
-247.8063915,-378.1219623,-0.0008372
-246.8781972,-378.3926357,-0.0008186
-245.9488455,-378.6593454,-0.0007848
-245.0182971,-378.9219328,-0.0008089
-244.0866281,-379.1805530,-0.0008178
-243.1538548,-379.4352112,-0.0008155
-242.2199728,-379.6858618,-0.0008215
-241.2850238,-379.9325438,-0.0008090
-240.3490229,-380.1752733,-0.0007698
-239.4119453,-380.4138884,-0.0007774
-238.4738408,-380.6484761,-0.0007869
-237.5347349,-380.8790998,-0.0007809
-236.5946259,-381.1056757,-0.0007817
-235.6535569,-381.3282481,-0.0007712
-234.7115414,-381.5468575,-0.0007322
-233.7685659,-381.7613785,-0.0007226
-232.8246671,-381.9718080,-0.0007309
-231.8798779,-382.1782576,-0.0007146
-230.9341852,-382.3806301,-0.0007185
-229.9876429,-382.5789565,-0.0007103
-229.0402545,-382.7732958,-0.0006765
-228.0920331,-382.9635632,-0.0006557
-227.1429863,-383.1496853,-0.0006592
-226.1931611,-383.3317978,-0.0006383
-225.2425517,-383.5098056,-0.0006324
-224.2911818,-383.6837232,-0.0006321
-223.3390818,-383.8536187,-0.0006117
-222.3862577,-384.0194415,-0.0005773
-221.4327225,-384.1810862,-0.0005795
-220.4785111,-384.3386751,-0.0005591
-219.5236250,-384.4921498,-0.0005466
-218.5680844,-384.6414730,-0.0005546
-217.6119225,-384.7867282,-0.0005327
-216.6551543,-384.9279064,-0.0005073
-215.6977809,-385.0648898,-0.0004974
-214.7398406,-385.1977623,-0.0004847
-213.7813395,-385.3265179,-0.0004648
-212.8222867,-385.4510560,-0.0004719
-211.8627169,-385.5714871,-0.0004632
-210.9026515,-385.6878193,-0.0004418
-209.9420987,-385.7999566,-0.0004274
-208.9810776,-385.9079264,-0.0004157
-208.0196122,-386.0117765,-0.0003864
-207.0577081,-386.1113609,-0.0003953
-206.0953960,-386.2067872,-0.0003998
-205.1326910,-386.2980949,-0.0003815
-204.1696092,-386.3852090,-0.0003617
-203.2061733,-386.4681106,-0.0003535
-202.2423928,-386.5468854,-0.0003234
-201.2782931,-386.6213708,-0.0003235
-200.3138871,-386.6916366,-0.0003353
-199.3492057,-386.7577640,-0.0003171
-198.3842534,-386.8196981,-0.0002984
-197.4190551,-386.8773943,-0.0002945
-196.4536223,-386.9309409,-0.0002616
-195.4879861,-386.9802099,-0.0002486
-194.5221474,-387.0251885,-0.0002685
-193.5561374,-387.0660132,-0.0002580
-192.5899688,-387.1026377,-0.0002438
-191.6236632,-387.1350141,-0.0002335
-190.6572401,-387.1632202,-0.0002077
-189.6907197,-387.1871782,-0.0001843
-188.7241106,-387.2067764,-0.0002066
-187.7574330,-387.2222017,-0.0002112
-186.7907142,-387.2334248,-0.0002006
-185.8239667,-387.2404029,-0.0001888
-184.8572039,-387.2431878,-0.0001738
-183.8904468,-387.2417594,-0.0001381
-182.9237231,-387.2359361,-0.0001669
-181.9570353,-387.2258960,-0.0001823
-180.9904100,-387.2116701,-0.0001826
-180.0238664,-387.1932006,-0.0001794
-179.0574207,-387.1705222,-0.0001700
-178.0910856,-387.1436646,-0.0001401
-177.1248919,-387.1124264,-0.0001613
-176.1588451,-387.0769213,-0.0001960
-175.1929662,-387.0372446,-0.0002003
-174.2272811,-386.9933306,-0.0002088
-173.2618010,-386.9451966,-0.0002059
-172.2965313,-386.8929097,-0.0001836
-171.3315167,-386.8363063,-0.0001877
-170.3667668,-386.7754004,-0.0002222
-169.4022853,-386.7103427,-0.0002298
-168.4380941,-386.6410509,-0.0002410
-167.4742181,-386.5675472,-0.0002419
-166.5106714,-386.4899009,-0.0002224
-165.5474717,-386.4080134,-0.0002039
-164.5846441,-386.3218105,-0.0002342
-163.6221944,-386.2314636,-0.0002307
-162.6601404,-386.1369100,-0.0002362
-161.6985101,-386.0381516,-0.0002331
-160.7373053,-385.9352610,-0.0002120
-159.7765448,-385.8281981,-0.0001817
-158.8162708,-385.7168366,-0.0001921
-157.8564817,-385.6013325,-0.0001761
-156.8971859,-385.4816611,-0.0001616
-155.9384130,-385.3577918,-0.0001540
-154.9801730,-385.2298031,-0.0001251
-154.0224732,-385.0976972,-0.0000838
-153.0653588,-384.9613364,-0.0000680
-152.1088262,-384.8208328,-0.0000454
-151.1528923,-384.6762149,-0.0000160
-150.1975808,-384.5274002,0.0000039
-149.2429040,-384.3744866,0.0000313
-148.2888626,-384.2174917,0.0000891
-147.3354913,-384.0563167,0.0001195
-146.3828074,-383.8909972,0.0001493
-145.4308010,-383.7216130,0.0001916
-144.4795256,-383.5480515,0.0002157
-143.5289693,-383.3704097,0.0002392
-142.5791425,-383.1887317,0.0002933
-141.6300726,-383.0029468,0.0003303
-140.6817836,-382.8130338,0.0003566
-139.7342687,-382.6191089,0.0004048
-138.7875575,-382.4210505,0.0004253
-137.8416672,-382.2189303,0.0004402
-136.8965877,-382.0128251,0.0004780
-135.9523477,-381.8026902,0.0005160
-135.0089681,-381.5884720,0.0005299
-134.0664396,-381.3702943,0.0005643
-133.1248026,-381.1480631,0.0005778
-132.1840711,-380.9217927,0.0005727
-131.2442269,-380.6915989,0.0005892
-130.3052842,-380.4574539,0.0006130
-129.3672855,-380.2193105,0.0006110
-128.4302210,-379.9772653,0.0006260
-127.4941027,-379.7312717,0.0006349
-126.5589806,-379.4812828,0.0006044
-125.6248070,-379.2274374,0.0005955
-124.6916082,-378.9697384,0.0006036
-123.7594198,-378.7081486,0.0005885
-122.8282189,-378.4427245,0.0005875
-121.8980304,-378.1734813,0.0005924
-120.9689027,-377.9003068,0.0005519
-120.0407988,-377.6233616,0.0005166
-119.1137245,-377.3426719,0.0005077
-118.1877077,-377.0582070,0.0004895
-117.2627466,-376.7699995,0.0004799
-116.3388398,-376.4781067,0.0004847
-115.4160526,-376.1823854,0.0004421
-114.4943515,-375.8829669,0.0004070
-113.5737331,-375.5799354,0.0003880
-112.6542175,-375.2732442,0.0003788
-111.7358075,-374.9629236,0.0003666
-110.8184943,-374.6490475,0.0003752
-109.9023470,-374.3314745,0.0003591
-108.9873420,-374.0102820,0.0003172
-108.0734645,-373.6855960,0.0003079
-107.1607285,-373.3573775,0.0003031
-106.2491422,-373.0256422,0.0003106
-105.3386984,-372.6904759,0.0003381
-104.4294385,-372.3517675,0.0003463
-103.5213955,-372.0095166,0.0003251
-102.6144979,-371.6638842,0.0003261
-101.7087953,-371.3148424,0.0003353
-100.8042733,-370.9623978,0.0003535
-99.9009324,-370.6066298,0.0003936
-98.9987972,-370.2474868,0.0004294
-98.0979118,-369.8848957,0.0004315
-97.1982152,-369.5190245,0.0004523
-96.2997376,-369.1498612,0.0004795
-95.4024758,-368.7774001,0.0005126
-94.5064350,-368.4017186,0.0005656
-93.6116057,-368.0228013,0.0006264
-92.7180536,-367.6405526,0.0006478
-91.8257377,-367.2551182,0.0006807
-90.9346403,-366.8665000,0.0007214
-90.0448076,-366.4746950,0.0007567
-89.1562013,-366.0797561,0.0008118
-88.2688274,-365.6817130,0.0008732
-87.3827433,-365.2804681,0.0009101
-86.4979174,-364.8761202,0.0009467
-85.6143258,-364.4687105,0.0009921
-84.7320083,-364.0582090,0.0010257
-83.8509296,-363.6446771,0.0010659
-82.9710957,-363.2281572,0.0011283
-82.0925435,-362.8085764,0.0011673
-81.2152613,-362.3859853,0.0011938
-80.3392188,-361.9604572,0.0012310
-79.4644492,-361.5319417,0.0012493
-78.5909269,-361.1005022,0.0012756
-77.7186417,-360.6661961,0.0013144
-76.8476130,-360.2289723,0.0013471
-75.9778551,-359.7888443,0.0013591
-75.1093286,-359.3459114,0.0013818
-74.2420595,-358.9001066,0.0013905
-73.3760348,-358.4515006,0.0013933
-72.5112219,-358.0001517,0.0014069
-71.6476530,-357.5460448,0.0014210
-70.7853292,-357.0891538,0.0014200
-69.9242053,-356.6295862,0.0014278
-69.0643245,-356.1673001,0.0014250
-68.2056625,-355.7023287,0.0014092
-67.3481967,-355.2347547,0.0014098
-66.4919265,-354.7645760,0.0014102
-65.6368743,-354.2917622,0.0013956
-64.7829945,-353.8164066,0.0013955
-63.9303140,-353.3384914,0.0013827
-63.0788355,-352.8580226,0.0013561
-62.2285155,-352.3750905,0.0013459
-61.3793473,-351.8897068,0.0013367
-60.5313543,-351.4018487,0.0013191
-59.6845098,-350.9115926,0.0013113
-58.8388112,-350.4189366,0.0013044
-57.9942839,-349.9238600,0.0012772
-57.1508700,-349.4264645,0.0012559
-56.3085743,-348.9267669,0.0012520
-55.4674015,-348.4247598,0.0012363
-54.6273376,-347.9204917,0.0012339
-53.7883635,-347.4139862,0.0012296
-52.9505316,-346.9051981,0.0012067
-52.1137719,-346.3942253,0.0011913
-51.2780806,-345.8811005,0.0011858
-50.4434668,-345.3658202,0.0011766
-49.6099175,-344.8484165,0.0011763
-48.7774069,-344.3289265,0.0011839
-47.9459911,-343.8072999,0.0011624
-47.1156144,-343.2836151,0.0011467
-46.2862535,-342.7579197,0.0011458
-45.4579210,-342.2302106,0.0011481
-44.6305968,-341.7005138,0.0011471
-43.8042752,-341.1688827,0.0011601
-42.9789810,-340.6352464,0.0011492
-42.1546915,-340.0996724,0.0011404
-41.3313664,-339.5622292,0.0011361
-40.5090197,-339.0229074,0.0011388
-39.6876418,-338.4817372,0.0011402
-38.8671967,-337.9387559,0.0011599
-38.0477292,-337.3939194,0.0011563
-37.2292193,-336.8472636,0.0011340
-36.4116331,-336.2988681,0.0011349
-35.5949638,-335.7487264,0.0011300
-34.7792058,-335.1968578,0.0011255
-33.9643396,-334.6433128,0.0011404
-33.1503793,-334.0880633,0.0011371
-32.3373361,-333.5311170,0.0011230
-31.5251464,-332.9725528,0.0011169
-30.7138330,-332.4123728,0.0011078
-29.9033724,-331.8505937,0.0011020
-29.0937497,-331.2872657,0.0011019
-28.2849721,-330.7223740,0.0011017
-27.4770554,-330.1559137,0.0010855
-26.6699442,-329.5879569,0.0010792
-25.8636457,-329.0185114,0.0010654
-25.0581539,-328.4475916,0.0010582
-24.2534424,-327.8752390,0.0010589
-23.4495150,-327.3014653,0.0010530
-22.6463925,-326.7262481,0.0010364
-21.8440221,-326.1496549,0.0010242
-21.0424135,-325.5716932,0.0010176
-20.2415551,-324.9923822,0.0009984
-19.4414217,-324.4117553,0.0009913
-18.6420204,-323.8298292,0.0009912
-17.8433565,-323.2465847,0.0009739
-17.0453995,-322.6620839,0.0009576
-16.2481417,-322.0763297,0.0009451
-15.4515881,-321.4893364,0.0009307
-14.6557149,-320.9011504,0.0009178
-13.8605023,-320.3117749,0.0009052
-13.0659780,-319.7212032,0.0008916
-12.2721035,-319.1294785,0.0008749
-11.4788749,-318.5366207,0.0008550
-10.6862950,-317.9426233,0.0008388
-9.8943412,-317.3475393,0.0008215
-9.1029901,-316.7513741,0.0008034
-8.3122695,-316.1541270,0.0007870
-7.5221440,-315.5558313,0.0007673
-6.7326086,-314.9565102,0.0007439
-5.9436686,-314.3561556,0.0007150
-5.1552927,-313.7548065,0.0006923
-4.3674726,-313.1524841,0.0006761
-3.5802135,-312.5491877,0.0006504
-2.7934944,-311.9449402,0.0006267
-2.0073129,-311.3397736,0.0006010
-1.2216570,-310.7336614,0.0005699
-0.4365141,-310.1266581,0.0005453
0.3481249,-309.5187873,0.0005202
1.1322744,-308.9100393,0.0004881
1.9159334,-308.3004388,0.0004678
2.6991298,-307.6900115,0.0004398
3.4818390,-307.0787483,0.0004145
4.2641013,-306.4666848,0.0003810
5.0459165,-305.8538447,0.0003625
5.8273029,-305.2402279,0.0003338
6.6082506,-304.6258570,0.0003168
7.3887948,-304.0107519,0.0002948
8.1689050,-303.3949075,0.0002766
8.9486237,-302.7783498,0.0002492
9.7279429,-302.1611115,0.0002401
10.5068853,-301.5431881,0.0002285
11.2854503,-300.9245974,0.0002139
12.0636512,-300.3053621,0.0002104
12.8414801,-299.6854739,0.0001976
13.6189477,-299.0649570,0.0001965
14.3960781,-298.4438394,0.0001898
15.1728628,-297.8221212,0.0001957
15.9493130,-297.1998204,0.0001996
16.7254457,-296.5769476,0.0002119
17.5012462,-295.9535029,0.0002159
18.2767201,-295.3295020,0.0002275
19.0518989,-294.7049668,0.0002401
19.8267735,-294.0799029,0.0002563
20.6013485,-293.4543230,0.0002758
21.3756334,-292.8282430,0.0003012
22.1496231,-292.2016494,0.0003221
22.9233239,-291.5745639,0.0003419
23.6967574,-290.9470013,0.0003655
24.4699114,-290.3189755,0.0003892
25.2428090,-289.6904814,0.0004130
26.0154422,-289.0615450,0.0004479
26.7878181,-288.4321520,0.0004757
27.5599315,-287.8023223,0.0004998
28.3318125,-287.1720646,0.0005238
29.1034452,-286.5413901,0.0005529
29.8748491,-285.9103017,0.0005788
30.6460285,-285.2788171,0.0006035
31.4169850,-284.6469306,0.0006232
32.1877147,-284.0146506,0.0006429
32.9582341,-283.3819979,0.0006672
33.7285573,-282.7489663,0.0006878
34.4986804,-282.1155760,0.0007042
35.2686146,-281.4818389,0.0007177
36.0383611,-280.8477510,0.0007331
36.8079291,-280.2133146,0.0007491
37.5773291,-279.5785593,0.0007564
38.3465645,-278.9434800,0.0007658
39.1156472,-278.3080835,0.0007784
39.8845809,-277.6723960,0.0007840
40.6533696,-277.0364147,0.0007921
41.4220216,-276.4001441,0.0007965
42.1905476,-275.7636050,0.0008001
42.9589559,-275.1267923,0.0008095
43.7272497,-274.4897318,0.0008108
44.4954363,-273.8524257,0.0008199
45.2635256,-273.2148874,0.0008217
46.0315235,-272.5771116,0.0008313
46.7994275,-271.9391302,0.0008420
47.5672575,-271.3009337,0.0008543
48.3350128,-270.6625439,0.0008623
49.1026981,-270.0239653,0.0008807
49.8703166,-269.3852141,0.0008952
50.6378795,-268.7462849,0.0009126
51.4053876,-268.1071951,0.0009414
52.1728466,-267.4679527,0.0009685
52.9402593,-266.8285684,0.0009908
53.7076273,-266.1890480,0.0010266
54.4749566,-265.5493971,0.0010670
55.2422542,-264.9096209,0.0011051
56.0095087,-264.2697351,0.0011546
56.7767376,-263.6297368,0.0012021
57.5439339,-262.9896346,0.0012526
58.3111007,-262.3494371,0.0013083
59.0782379,-261.7091501,0.0013683
59.8453496,-261.0687702,0.0014308
60.6124307,-260.4283120,0.0014960
61.3794802,-259.7877701,0.0015700
62.1465051,-259.1471532,0.0016383
62.9134975,-258.5064618,0.0017158
63.6804607,-257.8657057,0.0017846
64.4473924,-257.2248725,0.0018687
65.2142892,-256.5839796,0.0019424
65.9811578,-255.9430137,0.0020226
66.7479830,-255.3019879,0.0020976
67.5147740,-254.6608953,0.0021783
68.2815268,-254.0197369,0.0022603
69.0482403,-253.3785154,0.0023374
69.8149097,-252.7372357,0.0024093
70.5815365,-252.0958886,0.0024817
71.3481234,-251.4544690,0.0025527
72.1146621,-250.8129887,0.0026253
72.8811540,-250.1714452,0.0026892
73.6476007,-249.5298330,0.0027526
74.4140015,-248.8881530,0.0028155
75.1803546,-248.2464052,0.0028767
75.9466565,-247.6045908,0.0029276
76.7129180,-246.9627064,0.0029783
77.4791326,-246.3207537,0.0030278
78.2452972,-245.6787404,0.0030689
79.0114205,-245.0366561,0.0031099
79.7775083,-244.3945047,0.0031415
80.5435520,-243.7522869,0.0031725
81.3095615,-243.1100075,0.0031965
82.0755303,-242.4676682,0.0032213
82.8414778,-241.8252648,0.0032390
83.6073956,-241.1828077,0.0032521
84.3732893,-240.5402970,0.0032602
85.1391605,-239.8977374,0.0032646
85.9050190,-239.2551277,0.0032650
86.6708718,-238.6124749,0.0032574
87.4367205,-237.9697807,0.0032478
88.2025608,-237.3270560,0.0032398
88.9684128,-236.6842983,0.0032275
89.7342698,-236.0415192,0.0032103
90.5001445,-235.3987195,0.0031906
91.2660398,-234.7559057,0.0031705
92.0319641,-234.1130788,0.0031501
92.7979116,-233.4702577,0.0031259
93.5638985,-232.8274360,0.0031046
94.3299237,-232.1846258,0.0030813
95.0959909,-231.5418298,0.0030653
95.8621096,-230.8990572,0.0030429
96.6282795,-230.2563129,0.0030233
97.3945011,-229.6136042,0.0030067
98.1607885,-228.9709271,0.0029955
98.9271378,-228.3282997,0.0029839
99.6935480,-227.6857229,0.0029796
100.4600263,-227.0432037,0.0029687
101.2265801,-226.4007390,0.0029677
101.9931968,-225.7583379,0.0029770
102.7598924,-225.1160037,0.0029822
103.5266583,-224.4737446,0.0029917
104.2934974,-223.8315588,0.0030059
105.0604195,-223.1894471,0.0030175
105.8274036,-222.5474207,0.0030439
106.5944688,-221.9054692,0.0030667
107.3616062,-221.2636032,0.0030891
108.1288065,-220.6218255,0.0031252
108.8960865,-219.9801253,0.0031592
109.6634296,-219.3385176,0.0031912
110.4308445,-218.6969900,0.0032308
111.1983205,-218.0555487,0.0032666
111.9658575,-217.4141903,0.0033084
112.7334544,-216.7729133,0.0033552
113.5011096,-216.1317163,0.0033990
114.2688220,-215.4906004,0.0034390
115.0365806,-214.8495613,0.0034911
115.8043941,-214.2085979,0.0035311
116.5722469,-213.5677076,0.0035736
117.3401514,-212.9268833,0.0036190
118.1080914,-212.2861279,0.0036661
118.8760750,-211.6454347,0.0037074
119.6440897,-211.0048122,0.0037432
120.4121424,-210.3642423,0.0037792
121.1802284,-209.7237261,0.0038160
121.9483357,-209.0832694,0.0038535
122.7164758,-208.4428599,0.0038826
123.4846446,-207.8024970,0.0039137
124.2528358,-207.1621841,0.0039361
125.0210472,-206.5219134,0.0039585
125.7892820,-205.8816836,0.0039811
126.5575376,-205.2414918,0.0040036
127.3258188,-204.6013377,0.0040116
128.0941122,-203.9612211,0.0040274
128.8624348,-203.3211351,0.0040375
129.6307709,-202.6810895,0.0040404
130.3991294,-202.0410717,0.0040445
131.1675155,-201.4010818,0.0040435
131.9359137,-200.7611300,0.0040366
132.7043429,-200.1212034,0.0040339
133.4727933,-199.4813114,0.0040274
134.2412712,-198.8414503,0.0040110
135.0097746,-198.2016221,0.0039990
135.7783132,-197.5618193,0.0039859
136.5468828,-196.9220538,0.0039647
137.3154830,-196.2823251,0.0039437
138.0841241,-195.6426296,0.0039241
138.8527994,-195.0029750,0.0038990
139.6215247,-194.3633576,0.0038696
140.3902872,-193.7237845,0.0038442
141.1591036,-193.0842492,0.0038155
141.9279692,-192.4447643,0.0037871
142.6968913,-191.8053317,0.0037503
143.4658713,-191.1659461,0.0037216
144.2349126,-190.5266170,0.0036865
145.0040170,-189.8873448,0.0036547
145.7731862,-189.2481351,0.0036177
146.5424270,-188.6089870,0.0035860
147.3117432,-187.9699107,0.0035525
148.0811394,-187.3309039,0.0035107
148.8506162,-186.6919686,0.0034766
149.6201698,-186.0531153,0.0034419
150.3898114,-185.4143401,0.0034093
151.1595386,-184.7756492,0.0033787
151.9293619,-184.1370496,0.0033443
152.6992777,-183.4985380,0.0033129
153.4692826,-182.8601222,0.0032865
154.2393844,-182.2218070,0.0032564
155.0095850,-181.5835918,0.0032243
155.7798805,-180.9454786,0.0031973
156.5502826,-180.3074707,0.0031710
157.3207765,-179.6695738,0.0031496
158.0913719,-179.0317875,0.0031282
158.8620619,-178.3941165,0.0031126
159.6328538,-177.7565554,0.0030967
160.4037355,-177.1191146,0.0030787
161.1747201,-176.4817882,0.0030688
161.9457941,-175.8445806,0.0030573
162.7169598,-175.2074890,0.0030525
163.4882176,-174.5705143,0.0030454
164.2595577,-173.9336575,0.0030438
165.0309786,-173.2969185,0.0030385
165.8024795,-172.6602907,0.0030461
166.5740561,-172.0237790,0.0030494
167.3457023,-171.3873774,0.0030547
168.1174215,-170.7510811,0.0030624
168.8891949,-170.1148918,0.0030781
169.6610286,-169.4788043,0.0030858
170.4329108,-168.8428183,0.0031005
171.2048454,-168.2069182,0.0031205
171.9768141,-167.5711131,0.0031437
172.7488255,-166.9353912,0.0031633
173.5208632,-166.2997524,0.0031837
174.2929278,-165.6641814,0.0032112
175.0650120,-165.0286827,0.0032297
175.8371081,-164.3932453,0.0032608
176.6092140,-163.7578684,0.0032805
177.3813243,-163.1225368,0.0033101
178.1534294,-162.4872522,0.0033398
178.9255318,-161.8520052,0.0033605
179.6976246,-161.2167824,0.0033938
180.4696958,-160.5815957,0.0034169
181.2417503,-159.9464216,0.0034405
182.0137812,-159.3112575,0.0034652
182.7857788,-158.6761003,0.0034968
183.5577451,-158.0409461,0.0035187
184.3296856,-157.4057785,0.0035364
185.1015761,-156.7706031,0.0035644
185.8734313,-156.1354105,0.0035784
186.6452443,-155.5001884,0.0036003
187.4170085,-154.8649452,0.0036131
188.1887277,-154.2296647,0.0036308
188.9604005,-153.5943449,0.0036450
189.7320229,-152.9589856,0.0036550
190.5035920,-152.3235811,0.0036668
191.2751126,-151.6881218,0.0036786
192.0465828,-151.0526132,0.0036834
192.8179964,-150.4170509,0.0036944
193.5893614,-149.7814309,0.0036958
194.3606756,-149.1457516,0.0036955
195.1319441,-148.5100062,0.0036993
195.9031587,-147.8741959,0.0036981
196.6743208,-147.2383259,0.0037011
197.4454385,-146.6023893,0.0036981
198.2165099,-145.9663887,0.0036900
198.9875341,-145.3303189,0.0036916
199.7585149,-144.6941866,0.0036862
200.5294567,-144.0579818,0.0036812
201.3003540,-143.4217156,0.0036686
202.0712063,-142.7853873,0.0036642
202.8420248,-142.1489904,0.0036599
203.6128035,-141.5125373,0.0036469
204.3835406,-140.8760228,0.0036418
205.1542498,-140.2394421,0.0036359
205.9249170,-139.6028081,0.0036283
206.6955591,-138.9661112,0.0036198
207.4661580,-138.3293666,0.0036179
208.2367325,-137.6925647,0.0036075
209.0072731,-137.0557105,0.0036030
209.7777810,-136.4188080,0.0035975
210.5482641,-135.7818521,0.0035907
211.3187105,-135.1448518,0.0035898
212.0891276,-134.5078092,0.0035794
212.8595129,-133.8707239,0.0035769
213.6298753,-133.2335870,0.0035788
214.4001989,-132.5964183,0.0035733
215.1704950,-131.9592055,0.0035729
215.9407606,-131.3219550,0.0035722
216.7109997,-130.6846615,0.0035698
217.4811979,-130.0473415,0.0035668
218.2513694,-129.4099779,0.0035692
219.0215062,-128.7725839,0.0035644
219.7916086,-128.1351518,0.0035652
220.5616763,-127.4976864,0.0035646
221.3317056,-126.8601901,0.0035637
222.1016979,-126.2226610,0.0035617
222.8716522,-125.5850968,0.0035676
223.6415628,-124.9475047,0.0035637
224.4114425,-124.3098745,0.0035603
225.1812776,-123.6722137,0.0035557
225.9510656,-123.0345203,0.0035582
226.7208141,-122.3967939,0.0035532
227.4905235,-121.7590296,0.0035478
228.2601805,-121.1212396,0.0035353
229.0297888,-120.4834150,0.0035303
229.7993537,-119.8455499,0.0035252
230.5688643,-119.2076549,0.0035126
231.3383259,-118.5697237,0.0034997
232.1077368,-117.9317549,0.0034890
232.8770899,-117.2937556,0.0034711
233.6463917,-116.6557148,0.0034549
234.4156328,-116.0176399,0.0034399
235.1848194,-115.3795219,0.0034181
235.9539392,-114.7413723,0.0033985
236.7229987,-114.1031832,0.0033746
237.4919948,-113.4649534,0.0033445
238.2609232,-112.8266795,0.0033261
239.0297834,-112.1883688,0.0032952
239.7985676,-111.5500136,0.0032676
240.5672763,-110.9116161,0.0032367
241.3359087,-110.2731736,0.0032109
242.1044574,-109.6346890,0.0031749
242.8729180,-108.9961563,0.0031441
243.6412894,-108.3575772,0.0031112
244.4095618,-107.7189481,0.0030766
245.1777370,-107.0802625,0.0030489
245.9458126,-106.4415239,0.0030135
246.7137730,-105.8027332,0.0029783
247.4816168,-105.1638805,0.0029516
248.2493487,-104.5249649,0.0029192
249.0169396,-103.8859867,0.0028864
249.7844003,-103.2469305,0.0028625
250.5517248,-102.6078056,0.0028266
251.3188895,-101.9686066,0.0028008
252.0859050,-101.3293189,0.0027789
252.8527598,-100.6899457,0.0027536
253.6194347,-100.0504750,0.0027290
254.3859238,-99.4109068,0.0027097
255.1522257,-98.7712344,0.0026867
255.9183347,-98.1314427,0.0026679
256.6842287,-97.4915379,0.0026558
257.4499082,-96.8515062,0.0026407
258.2153607,-96.2113291,0.0026288
258.9805694,-95.5710135,0.0026140
259.7455429,-94.9305428,0.0025989
260.5102534,-94.2899132,0.0025883
261.2746971,-93.6491185,0.0025758
262.0388725,-93.0081422,0.0025714
262.8027573,-92.3669729,0.0025627
263.5663452,-91.7256038,0.0025509
264.3296279,-91.0840339,0.0025397
265.0926024,-90.4422392,0.0025334
265.8552566,-89.8002162,0.0025271
266.6175814,-89.1579658,0.0025136
267.3795606,-88.5154621,0.0025052
268.1411871,-87.8727016,0.0024861
268.9024582,-87.2296743,0.0024767
269.6633736,-86.5863646,0.0024578
270.4239043,-85.9427810,0.0024408
271.1840655,-85.2989029,0.0024263
271.9438364,-84.6547174,0.0024032
272.7032019,-84.0102172,0.0023799
273.4621749,-83.3653992,0.0023530
274.2207279,-82.7202536,0.0023271
274.9788718,-82.0747692,0.0022963
275.7365982,-81.4289475,0.0022654
276.4938900,-80.7827748,0.0022306
277.2507410,-80.1362347,0.0021980
278.0071534,-79.4893392,0.0021592
278.7631177,-78.8420619,0.0021163
279.5186185,-78.1944091,0.0020824
280.2736715,-77.5463796,0.0020367
281.0282527,-76.8979552,0.0019999
281.7823505,-76.2491323,0.0019482
282.5359784,-75.5999056,0.0019101
283.2891091,-74.9502724,0.0018586
284.0417449,-74.3002168,0.0018127
284.7938819,-73.6497535,0.0017681
285.5455095,-72.9988631,0.0017232
286.2966160,-72.3475298,0.0016763
287.0471993,-71.6957668,0.0016333
287.7972374,-71.0435558,0.0015904
288.5467279,-70.3908926,0.0015398
289.2956763,-69.7377739,0.0014977
290.0440611,-69.0841922,0.0014595
290.7918632,-68.4301355,0.0014164
291.5390866,-67.7756065,0.0013822
292.2857148,-67.1205825,0.0013356
293.0317241,-66.4650550,0.0012998
293.7771249,-65.8090323,0.0012603
294.5218925,-65.1525027,0.0012289
295.2660109,-64.4954433,0.0011954
296.0094785,-63.8378579,0.0011647
296.7522670,-63.1797247,0.0011399
297.4943608,-62.5210273,0.0011025
298.2357639,-61.8617717,0.0010779
298.9764522,-61.2019462,0.0010558
299.7164046,-60.5415324,0.0010244
300.4556231,-59.8805173,0.0010049
301.1940718,-59.2188900,0.0009844
301.9317206,-58.5566163,0.0009627
302.6685836,-57.8937167,0.0009392
303.4046408,-57.2301607,0.0009237
304.1398636,-56.5659415,0.0008999
304.8742453,-55.9010369,0.0008947
305.6077603,-55.2354405,0.0008798
306.3403593,-54.5691058,0.0008595
307.0720731,-53.9020434,0.0008412
307.8028600,-53.2342499,0.0008310
308.5327098,-52.5656889,0.0008177
309.2616074,-51.8963554,0.0008118
309.9895250,-51.2262329,0.0008121
310.7164068,-50.5552663,0.0007925
311.4422775,-49.8834727,0.0007784
312.1671073,-49.2108443,0.0007780
312.8908814,-48.5373443,0.0007701
313.6135787,-47.8629729,0.0007679
314.3351783,-47.1877116,0.0007771
315.0556199,-46.5114899,0.0007688
315.7749135,-45.8343303,0.0007679
316.4930444,-45.1562349,0.0007701
317.2099888,-44.4771522,0.0007750
317.9257311,-43.7970858,0.0007803
318.6402508,-43.1160265,0.0007959
319.3534804,-42.4338974,0.0008068
320.0654268,-41.7507174,0.0008086
320.7760873,-41.0664795,0.0008245
321.4854211,-40.3811447,0.0008385
322.1934142,-39.6947136,0.0008624
322.9000617,-39.0071727,0.0008923
323.6052917,-38.3184639,0.0009075
324.3090960,-37.6285778,0.0009194
325.0114841,-36.9375227,0.0009508
325.7124049,-36.2452598,0.0009716
326.4118557,-35.5517795,0.0009953
327.1098247,-34.8570881,0.0010290
327.8062563,-34.1611168,0.0010621
328.5011217,-33.4638569,0.0010757
329.1944390,-32.7653260,0.0011117
329.8861664,-32.0654651,0.0011298
330.5762828,-31.3642901,0.0011532
331.2647923,-30.6617952,0.0011905
331.9516466,-29.9579361,0.0012184
332.6368006,-29.2526728,0.0012424
333.3202941,-28.5460458,0.0012634
334.0020606,-27.8379948,0.0012842
334.6820928,-27.1285265,0.0013047
335.3604021,-26.4176513,0.0013289
336.0369507,-25.7053243,0.0013510
336.7116726,-24.9915134,0.0013675
337.3846212,-24.2762486,0.0013851
338.0557257,-23.5594889,0.0013936
338.7249807,-22.8412204,0.0013975
339.3924008,-22.1214697,0.0014103
340.0579538,-21.4002086,0.0014261
340.7215799,-20.6773882,0.0014356
341.3833154,-19.9530552,0.0014461
342.0431138,-19.2271616,0.0014508
342.7009440,-18.4996862,0.0014444
343.3568308,-17.7706754,0.0014503
344.0107550,-17.0400995,0.0014625
344.6626547,-16.3079250,0.0014573
345.3125520,-15.5741777,0.0014677
345.9604214,-14.8388252,0.0014793
346.6062002,-14.1018407,0.0014683
347.2499310,-13.3632726,0.0014703
347.8916029,-12.6230976,0.0014828
348.5311466,-11.8812910,0.0014921
349.1685847,-11.1378632,0.0015083
349.8038937,-10.3928130,0.0015258
350.4369813,-9.6460758,0.0015308
351.0679208,-8.8977009,0.0015405
351.6966805,-8.1477084,0.0015575
352.3232198,-7.3960413,0.0015822
352.9475238,-6.6427268,0.0016065
353.5695966,-5.8877586,0.0016448
354.1893285,-5.1310571,0.0016593
354.8067643,-4.3726894,0.0016814
355.4219101,-3.6126646,0.0017208
356.0347160,-2.8509474,0.0017548
356.6451590,-2.0875318,0.0018007
357.2532488,-1.3224487,0.0018558
357.8588604,-0.5555970,0.0018925
358.4620234,0.2129738,0.0019258
359.0627717,0.9832310,0.0019686
359.6610369,1.7552105,0.0020198
360.2567946,2.5289145,0.0020798
360.8500730,3.3043306,0.0021560
361.4407320,4.0815263,0.0022057
362.0287692,4.8605056,0.0022354
362.6142431,5.6412051,0.0022948
363.1970931,6.4236597,0.0023523
363.7772901,7.2078752,0.0024065
364.3548478,7.9938247,0.0024873
364.9296639,8.7815827,0.0025557
365.5016723,9.5711711,0.0025860
366.0709631,10.3625124,0.0026405
366.6374720,11.1556366,0.0026967
367.2011739,11.9505592,0.0027512
367.7620791,12.7472508,0.0028264
368.3201195,13.5457517,0.0028969
368.8751806,14.3461219,0.0029340
369.4273620,15.1482793,0.0029889
369.9766165,15.9522449,0.0030414
370.5229023,16.7580360,0.0030927
371.0662356,17.5656189,0.0031525
371.6065768,18.3750212,0.0032285
372.1437858,19.1863060,0.0032680
372.6779493,19.9994026,0.0033140
373.2090481,20.8143234,0.0033662
373.7370201,21.6310866,0.0034105
374.2618912,22.4496662,0.0034644
374.7836413,23.2700568,0.0035379
375.3021358,24.0923240,0.0035727
375.8174275,24.9164300,0.0036108
376.3295218,25.7423531,0.0036649
376.8383448,26.5701292,0.0036970
377.3439240,27.3997243,0.0037417
377.8462600,28.2311200,0.0038086
378.3452439,29.0643750,0.0038459
378.8408719,29.8994718,0.0038781
379.3331921,30.7363585,0.0039220
379.8221066,31.5751022,0.0039464
380.3076426,32.4156439,0.0039805
380.7898343,33.2579717,0.0040242
381.2685789,34.1021149,0.0040654
381.7438416,34.9480907,0.0040876
382.2157016,35.7958325,0.0041190
382.6840367,36.6453865,0.0041383
383.1488823,37.4967284,0.0041489
383.6102801,38.3498210,0.0041798
384.0681612,39.2046692,0.0042047
384.5224529,40.0613187,0.0042109
384.9732484,40.9196925,0.0042292
385.4204482,41.7798334,0.0042308
385.8640349,42.6417214,0.0042241
386.3040934,43.5053096,0.0042273
386.7405689,44.3706044,0.0042443
387.1733822,45.2376337,0.0042351
387.6026111,46.1063347,0.0042323
388.0281922,46.9767357,0.0042278
388.4500572,47.8488372,0.0041946
388.8683142,48.7225814,0.0041754
389.2829325,49.5979584,0.0041742
389.6938442,50.4749975,0.0041456
390.1010855,51.3536473,0.0041336
390.5046459,52.2339097,0.0041221
390.9044016,53.1158238,0.0040713
391.3004768,53.9993117,0.0040310
391.6928668,54.8843550,0.0040133
392.0815118,55.7709777,0.0039818
392.4664179,56.6591431,0.0039478
392.8476162,57.5488351,0.0039318
393.2249368,58.4400993,0.0038794
393.5984979,59.3328792,0.0038291
393.9683336,60.2271258,0.0037961
394.3343876,61.1228682,0.0037560
394.6966406,62.0200820,0.0037243
395.0551532,62.9187292,0.0037087
395.4097503,63.8188594,0.0036612
395.7604884,64.7204394,0.0035966
396.1074645,65.6234126,0.0035611
396.4506104,66.5277817,0.0035255
396.7899073,67.4335464,0.0034882
397.1254174,68.3406608,0.0034734
397.4569973,69.2491625,0.0034447
397.7846042,70.1590445,0.0033761
398.1083998,71.0702378,0.0033309
398.4283212,71.9827475,0.0032929
398.7443376,72.8965590,0.0032652
399.0565090,73.8116391,0.0032517
399.3647486,74.7279942,0.0032281
399.6689159,75.6456678,0.0031678
399.9691946,76.5645653,0.0031268
400.2655560,77.4846900,0.0030890
400.5579514,78.4060275,0.0030603
400.8464297,79.3285564,0.0030423
401.1309620,80.2522529,0.0030374
401.4113663,81.1771668,0.0029872
401.6877889,82.1032376,0.0029442
401.9602444,83.0304328,0.0029163
402.2286619,83.9587535,0.0028829
402.4930820,84.8881810,0.0028683
402.7535223,85.8186814,0.0028657
403.0098081,86.7502996,0.0028352
403.2620021,87.6829793,0.0027944
403.5101792,88.6166952,0.0027781
403.7542413,89.5514443,0.0027486
403.9942345,90.4872156,0.0027228
404.2301887,91.4239610,0.0027234
404.4619751,92.3617061,0.0027106
404.6895672,93.3004358,0.0026694
404.9130922,94.2401041,0.0026522
405.1324320,95.1807197,0.0026318
405.3476267,96.1222495,0.0025989
405.5587237,97.0646704,0.0025962
405.7656446,98.0079861,0.0025922
405.9682874,98.9521874,0.0025567
406.1668010,99.8972376,0.0025478
406.3610928,100.8431266,0.0025221
406.5511593,101.7898479,0.0024873
406.7370722,102.7373618,0.0024768
406.9187963,103.6856713,0.0024740
407.0962015,104.6347702,0.0024458
407.2694165,105.5846200,0.0024208
407.4383935,106.5352147,0.0023994
407.6030710,107.4865441,0.0023666
407.7635565,108.4385852,0.0023457
407.9198371,109.3913051,0.0023364
408.0718016,110.3447191,0.0023036
408.2195150,111.2987888,0.0022776
408.3630019,112.2535070,0.0022585
408.5021389,113.2088642,0.0022163
408.6370521,114.1648330,0.0021746
408.7677568,115.1213799,0.0021567
408.8941699,116.0785227,0.0021278
409.0162972,117.0362270,0.0020885
409.1342194,117.9944760,0.0020659
409.2477807,118.9532573,0.0020112
409.3570844,119.9125602,0.0019650
409.4622001,120.8723506,0.0019227
409.5630563,121.8326169,0.0018886
409.6596230,122.7933518,0.0018341
409.7520061,123.7545249,0.0018024
409.8400621,124.7161346,0.0017466
409.9238332,125.6781592,0.0016721
410.0034380,126.6405669,0.0016140
410.0788264,127.6033500,0.0015566
410.1499471,128.5664939,0.0014905
410.2169062,129.5299709,0.0014413
410.2796048,130.4937706,0.0013677
410.3379897,131.4578846,0.0012690
410.3922337,132.4222758,0.0011807
410.4423042,133.3869367,0.0010997
410.4881519,134.3518469,0.0010106
410.5298555,135.3169887,0.0009270
410.5673752,136.2823363,0.0008365
410.6005680,137.2478893,0.0007102
410.6296325,138.2136200,0.0005817
410.6545678,139.1795004,0.0004757
410.6753304,140.1455276,0.0003521
410.6919599,141.1116722,0.0002377
410.7044792,142.0779231,0.0001386
410.7126875,143.0442598,-0.0000153
410.7167515,144.0106669,-0.0001679
410.7167358,144.9771209,-0.0002990
410.7125799,145.9435968,-0.0004303
410.7043104,146.9100922,-0.0005534
410.6919832,147.8765828,-0.0006530
410.6754043,148.8430421,-0.0007907
410.6546487,149.8094589,-0.0009444
410.6298533,150.7758216,-0.0010654
410.6009433,151.7420919,-0.0011860
410.5679375,152.7082701,-0.0012924
410.5309124,153.6743356,-0.0013817
410.4897266,154.6402575,-0.0014792
410.4443462,155.6060228,-0.0015982
410.3949553,156.5716242,-0.0017007
410.3414747,157.5370332,-0.0017934
410.2839209,158.5022326,-0.0018821
410.2223620,159.4672034,-0.0019467
410.1567318,160.4319391,-0.0020088
410.0869135,161.3963915,-0.0021070
410.0130900,162.3605722,-0.0021831
409.9352176,163.3244522,-0.0022540
409.8532826,164.2880123,-0.0023321
409.7673527,165.2512383,-0.0023811
409.6774155,166.2141105,-0.0024220
409.5833206,167.1766025,-0.0024948
409.4852135,168.1387003,-0.0025556
409.3830947,169.1003905,-0.0026035
409.2769137,170.0616461,-0.0026649
409.1667423,171.0224574,-0.0027085
409.0525972,171.9828100,-0.0027315
408.9343438,172.9426716,-0.0027744
408.8120543,173.9020259,-0.0028259
408.6857872,174.8608705,-0.0028588
408.5554412,175.8191583,-0.0029060
408.4211003,176.7768926,-0.0029411
408.2827975,177.7340619,-0.0029549
408.1404323,178.6906346,-0.0029801
407.9939986,179.6465779,-0.0030174
407.8435979,180.6019019,-0.0030283
407.6891110,181.5565660,-0.0030680
407.5306001,182.5105623,-0.0030986
407.3681237,183.4638847,-0.0031050
407.2016104,184.4164949,-0.0031083
407.0310012,185.3683776,-0.0031366
406.8564186,186.3195182,-0.0031433
406.6777463,187.2698967,-0.0031671
406.4950035,188.2194793,-0.0031917
406.3082795,189.1682873,-0.0031999
406.1175296,190.1162797,-0.0031962
405.9226707,191.0634191,-0.0032191
405.7238089,192.0097203,-0.0032242
405.5208662,192.9551485,-0.0032303
405.3137990,193.8996720,-0.0032596
405.1027327,194.8432954,-0.0032740
404.8876363,195.7860093,-0.0032747
404.6684348,196.7277610,-0.0032881
404.4451995,197.6685648,-0.0032992
404.2179083,198.6083876,-0.0033012
403.9864402,199.5471943,-0.0033331
403.7509497,200.4849897,-0.0033546
403.5114379,201.4217729,-0.0033673
403.2678347,202.3574950,-0.0033772
403.0201746,203.2921561,-0.0033932
402.7684894,204.2257428,-0.0033888
402.5126161,205.1581955,-0.0034344
402.2526882,206.0895268,-0.0034638
401.9887571,207.0197454,-0.0034796
401.7207687,207.9487984,-0.0035007
401.4487163,208.8766875,-0.0035222
401.1726727,209.8034093,-0.0035141
400.8924731,210.7288890,-0.0035496
400.6081895,211.6531442,-0.0035976
400.3199396,212.5761757,-0.0036242
400.0276627,213.4979587,-0.0036485
399.7313506,214.4184685,-0.0036701
399.4310886,215.3377157,-0.0036693
399.1267399,216.2556286,-0.0036961
398.8182866,217.1722000,-0.0037552
398.5059055,218.0874605,-0.0037855
398.1895521,219.0013649,-0.0038125
397.8692109,219.9139091,-0.0038345
397.5449642,220.8250983,-0.0038444
397.2167303,221.7348712,-0.0038560
396.8843997,222.6431779,-0.0039158
396.5481806,223.5500819,-0.0039574
396.2080522,224.4555465,-0.0039838
395.8640007,225.3595500,-0.0040172
395.5160877,226.2620937,-0.0040256
395.1643037,227.1631527,-0.0040313
394.8084884,228.0626538,-0.0040813
394.4488221,228.9606367,-0.0041198
394.0853259,229.8570961,-0.0041427
393.7179683,230.7519946,-0.0041716
393.3468006,231.6453395,-0.0041841
392.9718593,232.5371141,-0.0041794
392.5929916,233.4272438,-0.0042044
392.2103020,234.3157544,-0.0042420
391.8238719,235.2026419,-0.0042533
391.4336337,236.0878712,-0.0042706
391.0396457,236.9714445,-0.0042779
390.6419613,237.8533635,-0.0042594
390.2404720,238.7335546,-0.0042643
389.8351907,239.6120054,-0.0042833
389.4262393,240.4887548,-0.0042751
389.0135438,241.3637316,-0.0042784
388.5971508,242.2369518,-0.0042782
388.1771225,243.1084155,-0.0042495
387.7533929,243.9780702,-0.0042243
387.3259075,244.8458733,-0.0042234
386.8948093,245.7118655,-0.0041938
386.4600213,246.5760008,-0.0041777
386.0215696,247.4382528,-0.0041553
385.5795289,248.2986426,-0.0041109
385.1338649,249.1571457,-0.0040639
384.6844870,250.0136780,-0.0040351
384.2315244,250.8682975,-0.0039942
383.7749292,251.7209552,-0.0039465
383.3146796,252.5716150,-0.0039073
382.8508714,253.4203054,-0.0038571
382.3834871,254.2670067,-0.0037838
381.9124403,255.1116471,-0.0037381
381.4378157,255.9542452,-0.0036757
380.9596144,256.7947891,-0.0036143
380.4777532,257.6332170,-0.0035675
379.9923433,258.4695602,-0.0035076
379.5033935,259.3038162,-0.0034250
379.0108344,260.1359125,-0.0033633
378.5146894,260.9658533,-0.0032986
378.0150162,261.7936430,-0.0032151
377.5116878,262.6191990,-0.0031658
377.0048070,263.4425636,-0.0031075
376.4944247,264.2637290,-0.0030290
375.9804715,265.0826581,-0.0029594
375.4629459,265.8993100,-0.0028984
374.9419213,266.7137269,-0.0028110
374.4172836,267.5257969,-0.0027613
373.8890838,268.3355559,-0.0027132
373.3574142,269.1430248,-0.0026471
372.8222252,269.9481683,-0.0025819
372.2834935,270.7509276,-0.0025247
371.7413032,271.5513573,-0.0024518
371.1955548,272.3493673,-0.0023979
370.6462460,273.1449317,-0.0023655
370.0935113,273.9381197,-0.0023195
369.5373087,274.7288897,-0.0022587
368.9776187,275.5171992,-0.0022136
368.4145167,276.3030727,-0.0021525
367.8479431,277.0864654,-0.0020985
367.2778293,277.8672853,-0.0020855
366.7043307,278.6456318,-0.0020489
366.1274426,279.4214869,-0.0020107
365.5471355,280.1947963,-0.0019708
364.9634660,280.9655886,-0.0019277
364.3764345,281.7338319,-0.0018709
363.7859047,282.4993979,-0.0018656
363.1920365,283.2623935,-0.0018531
362.5948620,284.0228228,-0.0018261
361.9943521,284.7806354,-0.0018016
361.3905474,285.5358348,-0.0017690
360.7834835,286.2884302,-0.0017188
360.1730075,287.0382786,-0.0017148
359.5592275,287.7854424,-0.0017276
358.9422413,288.5299641,-0.0017104
358.3219971,289.2718014,-0.0017004
357.6985334,290.0109403,-0.0016837
357.0719081,290.7474153,-0.0016480
356.4420098,291.4810999,-0.0016364
355.8088529,292.2119992,-0.0016528
355.1725820,292.9401922,-0.0016481
354.5331401,293.6656218,-0.0016489
353.8905569,294.3882840,-0.0016466
353.2449025,295.1082067,-0.0016216
352.5961106,295.8253179,-0.0016034
351.9441290,296.5395480,-0.0016265
351.2891139,297.2510001,-0.0016265
350.6310297,297.9596220,-0.0016295
349.9698868,298.6654000,-0.0016293
349.3057455,299.3683755,-0.0016108
348.6386000,300.0685070,-0.0015941
347.9683593,300.7656773,-0.0016054
347.2951580,301.4599952,-0.0016099
346.6189910,302.1514317,-0.0016070
345.9398404,302.8399520,-0.0016158
345.2577776,303.5255918,-0.0016042
344.5728266,304.2083375,-0.0015803
343.8848838,304.8880885,-0.0015843
343.1940494,305.5648933,-0.0015876
342.5003566,306.2387699,-0.0015782
341.8037609,306.9096426,-0.0015812
341.1043247,307.5775693,-0.0015721
340.4021014,308.2425473,-0.0015470
339.6970108,308.9044888,-0.0015342
338.9890833,309.5634032,-0.0015340
338.2783985,310.2193369,-0.0015111
337.5648948,310.8721842,-0.0015088
336.8486292,311.5220068,-0.0015028
336.1296534,312.1688265,-0.0014768
335.4079284,312.8125685,-0.0014480
334.6834371,313.4531928,-0.0014428
333.9562752,314.0907790,-0.0014114
333.2263803,314.7252191,-0.0014036
332.4937868,315.3565361,-0.0013907
331.7585693,315.9847811,-0.0013656
331.0207021,316.6099051,-0.0013338
330.2801471,317.2318382,-0.0013195
329.5369992,317.8506546,-0.0012873
328.7912125,318.4662757,-0.0012638
328.0427828,319.0786742,-0.0012630
327.2918014,319.6879286,-0.0012417
326.5382636,320.2940036,-0.0012098
325.7821280,320.8968286,-0.0011900
325.0234660,321.4964546,-0.0011662
324.2622661,322.0928451,-0.0011409
323.4984763,322.6859094,-0.0011430
322.7322038,323.2757506,-0.0011293
321.9634633,323.8623557,-0.0011091
321.1922213,324.4456553,-0.0010883
320.4185127,325.0256749,-0.0010696
319.6423699,325.6024201,-0.0010479
318.8637068,326.1757435,-0.0010530
318.0826234,326.7457563,-0.0010528
317.2991614,327.3124762,-0.0010430
316.5132845,327.8758440,-0.0010260
315.7250169,328.4358480,-0.0010176
314.9344100,328.9925332,-0.0009907
314.1413719,329.5457358,-0.0009983
313.3459660,330.0955197,-0.0010057
312.5482630,330.6419621,-0.0010014
311.7482503,331.1849907,-0.0009940
310.9459177,331.7245883,-0.0009819
310.1413336,332.2608117,-0.0009495
309.3344293,332.7935127,-0.0009412
308.5252045,333.3226813,-0.0009598
307.7137713,333.8484464,-0.0009569
306.9001077,334.3707417,-0.0009420
306.0842198,334.8895453,-0.0009297
305.2661664,335.4049028,-0.0008984
304.4458934,335.9167232,-0.0008702
303.6233654,336.4248847,-0.0008878
302.7987040,336.9295637,-0.0008825
301.9719073,337.4307143,-0.0008641
301.1429666,337.9283103,-0.0008498
300.3119343,338.4223813,-0.0008148
299.4788129,338.9128914,-0.0007781
298.6435129,339.3996730,-0.0007756
297.8061461,339.8828792,-0.0007693
296.9667360,340.3625005,-0.0007513
296.1252724,340.8384846,-0.0007361
295.2817875,341.3108654,-0.0007082
294.4363116,341.7796461,-0.0006653
293.5887702,342.2446534,-0.0006590
292.7392217,342.7059759,-0.0006601
291.8877241,343.1636616,-0.0006390
291.0342455,343.6176331,-0.0006362
290.1788350,344.0679142,-0.0006227
289.3215187,344.5145435,-0.0005916
288.4622432,344.9573807,-0.0005782
287.6010447,345.3964220,-0.0005942
286.7379781,345.8317760,-0.0005883
285.8730220,346.2633351,-0.0005884
285.0062060,346.6911364,-0.0005908
284.1375790,347.1152195,-0.0005780
283.2671088,347.5354972,-0.0005678
282.3947804,347.9518935,-0.0005878
281.5206835,348.3645418,-0.0005941
280.6447873,348.7733439,-0.0006067
279.7671217,349.1783046,-0.0006185
278.8877258,349.5794964,-0.0006246
278.0066034,349.9768575,-0.0006134
277.1237121,350.3702849,-0.0006429
276.2391367,350.7598927,-0.0006467
275.3528628,351.1456311,-0.0006649
274.4649058,351.5274513,-0.0006910
273.5753040,351.9054431,-0.0006982
272.6840785,352.2795870,-0.0006976
271.7912016,352.6497595,-0.0007134
270.8967255,353.0160514,-0.0007360
270.0006536,353.3784545,-0.0007397
269.1029831,353.7368681,-0.0007681
268.2037701,354.0913991,-0.0007875
267.3030356,354.4420536,-0.0007956
266.4007496,354.7887337,-0.0008103
265.4969611,355.1314571,-0.0008232
264.5916926,355.4702800,-0.0008245
263.6849152,355.8050566,-0.0008575
262.7766896,356.1358866,-0.0008789
261.8670445,356.4628094,-0.0008778
260.9559753,356.7857480,-0.0008911
260.0434835,357.1046739,-0.0008997
259.1296354,357.4196725,-0.0008934
258.2143861,357.7305876,-0.0009152
257.2977696,358.0374841,-0.0009389
256.3798487,358.3404364,-0.0009386
255.4606173,358.6393820,-0.0009378
254.5400688,358.9342706,-0.0009445
253.6182718,359.2251881,-0.0009279
252.6951885,359.5120096,-0.0009340
251.7708430,359.7947163,-0.0009559
250.8452960,360.0734372,-0.0009557
249.9185462,360.3481209,-0.0009452
248.9906061,360.6187062,-0.0009414
248.0615082,360.8852716,-0.0009192
247.1312484,361.1477328,-0.0009014
246.1998272,361.4059807,-0.0009173
245.2673082,361.6601856,-0.0009152
244.3337004,361.9103174,-0.0009035
243.3990116,362.1563158,-0.0008886
242.4632722,362.3982310,-0.0008627
241.5265009,362.6360339,-0.0008242
240.5886581,362.8695383,-0.0008319
239.6498195,363.0989227,-0.0008253
238.7100037,363.3242004,-0.0008079
237.7692128,363.5453037,-0.0007807
236.8274727,363.7622640,-0.0007497
235.8848063,363.9750979,-0.0006995
234.9411841,364.1835813,-0.0007016
233.9966565,364.3878403,-0.0007000
233.0512593,364.5879582,-0.0006719
232.1049863,364.7838646,-0.0006525
231.1578731,364.9755679,-0.0006294
230.2099283,365.1631203,-0.0005801
229.2611456,365.3463338,-0.0005541
228.3115435,365.5252355,-0.0005520
227.3611672,365.6999713,-0.0005329
226.4100200,365.8704490,-0.0005131
225.4581170,366.0366849,-0.0004874
224.5054833,366.1987416,-0.0004393
223.5521296,366.3564961,-0.0004097
222.5980362,366.5098794,-0.0004089
221.6432755,366.6590693,-0.0003888
220.6878288,366.8039878,-0.0003641
219.7317201,366.9446444,-0.0003466
218.7749776,367.0811051,-0.0003122
217.8176041,367.2133134,-0.0002764
216.8596033,367.3411325,-0.0002695
215.9010037,367.4647512,-0.0002571
214.9418248,367.5841209,-0.0002386
213.9820779,367.6992240,-0.0002340
213.0217838,367.8101385,-0.0002099
212.0609532,367.9168573,-0.0001694
211.0995868,368.0192368,-0.0001690
210.1377143,368.1174183,-0.0001635
209.1753536,368.2114119,-0.0001473
208.2125063,368.3011575,-0.0001433
207.2492042,368.3867533,-0.0001312
206.2854544,368.4682278,-0.0001038
205.3212624,368.5454560,-0.0000988
204.3566583,368.6185160,-0.0000975
203.3916444,368.6874828,-0.0000914
202.4262366,368.7522548,-0.0000949
201.4604509,368.8129418,-0.0000911
200.4943066,368.8695991,-0.0000767
199.5278104,368.9221392,-0.0000633
198.5609809,368.9705804,-0.0000723
197.5938226,369.0150367,-0.0000554
196.6263600,369.0553983,-0.0000609
195.6586011,369.0917614,-0.0000688
194.6905553,369.1242075,-0.0000626
193.7222412,369.1526860,-0.0000507
192.7536752,369.1771687,-0.0000546
191.7848524,369.1977964,-0.0000424
190.8158048,369.2144697,-0.0000452
189.8465327,369.2272440,-0.0000529
188.8770453,369.2362332,-0.0000430
187.9073628,369.2414177,-0.0000326
186.9374946,369.2427556,-0.0000382
185.9674478,369.2403716,-0.0000187
184.9972291,369.2342110,-0.0000169
184.0268582,369.2242667,-0.0000250
183.0563360,369.2106894,-0.0000179
182.0856804,369.1934788,-0.0000114
181.1148924,369.1725943,-0.0000041
180.1439922,369.1481405,0.0000153
179.1729803,369.1201081,0.0000288
178.2018603,369.0884320,0.0000156
177.2306538,369.0532810,0.0000253
176.2593573,369.0146802,0.0000346
175.2879809,368.9726029,0.0000465
174.3165379,368.9271225,0.0000621
173.3450215,368.8782723,0.0000861
172.3734528,368.8259468,0.0000819
171.4018368,368.7703158,0.0000774
170.4301671,368.7114275,0.0000939
169.4584616,368.6492702,0.0001057
168.4867209,368.5838923,0.0001232
167.5149493,368.5153600,0.0001492
166.5431561,368.4435542,0.0001447
165.5713436,368.3686081,0.0001445
164.5995085,368.2906154,0.0001556
163.6276659,368.2095617,0.0001663
162.6558145,368.1254896,0.0001787
161.6839498,368.0384762,0.0002040
160.7120941,367.9484172,0.0002086
159.7402434,367.8553900,0.0002034
158.7683874,367.7595317,0.0002049
157.7965390,367.6608242,0.0002112
156.8246968,367.5593100,0.0002218
155.8528600,367.4550709,0.0002400
154.8810345,367.3480439,0.0002441
153.9092336,367.2382480,0.0002367
152.9374382,367.1258325,0.0002389
151.9656652,367.0107906,0.0002395
150.9938914,366.8931598,0.0002394
150.0221381,366.7730189,0.0002494
149.0504003,366.6503439,0.0002634
148.0786854,366.5251213,0.0002521
147.1069868,366.3974953,0.0002503
146.1352962,366.2674633,0.0002584
145.1636214,366.1350678,0.0002590
144.1919637,366.0003818,0.0002626
143.2203082,365.8634096,0.0002781
142.2486809,365.7241230,0.0002716
141.2770509,365.5826477,0.0002750
140.3054336,365.4390001,0.0002830
139.3338289,365.2932106,0.0002838
138.3622169,365.1453475,0.0002867
137.3906117,364.9954423,0.0003067
136.4190136,364.8434604,0.0003095
135.4474105,364.6895101,0.0003125
134.4758022,364.5336200,0.0003217
133.5041969,364.3758072,0.0003317
132.5325714,364.2161417,0.0003426
131.5609285,364.0546675,0.0003562
130.5892827,363.8913620,0.0003658
129.6176101,363.7263002,0.0003799
128.6459212,363.5595324,0.0003935
127.6742105,363.3910592,0.0004061
126.7024674,363.2209553,0.0004192
125.7306861,363.0492640,0.0004400
124.7588723,362.8759806,0.0004600
123.7870215,362.7011595,0.0004754
122.8151246,362.5248580,0.0004893
121.8431793,362.3470670,0.0005072
120.8711852,362.1678651,0.0005226
119.8991282,361.9872935,0.0005442
118.9270139,361.8053629,0.0005591
117.9548393,361.6221104,0.0005730
116.9825952,361.4375973,0.0005912
116.0102735,361.2518160,0.0006059
115.0378799,361.0648354,0.0006216
114.0653924,360.8767017,0.0006348
113.0928224,360.6874341,0.0006465
112.1201678,360.4970599,0.0006649
111.1474092,360.3056414,0.0006777
110.1745465,360.1131741,0.0006851
109.2015881,359.9197190,0.0006915
108.2285089,359.7253222,0.0006996
107.2553176,359.5300083,0.0007069
106.2820067,359.3338070,0.0007120
105.3085691,359.1367716,0.0007167
104.3350076,358.9389045,0.0007244
103.3613112,358.7402589,0.0007207
102.3874727,358.5408818,0.0007187
101.4134943,358.3407999,0.0007216
100.4393705,358.1400407,0.0007212
99.4651000,357.9386564,0.0007137
98.4906729,357.7366536,0.0007084
97.5160958,357.5340764,0.0007066
96.5413536,357.3309713,0.0006969
95.5664466,357.1273637,0.0006922
94.5913716,356.9232856,0.0006858
93.6161340,356.7187785,0.0006776
92.6407153,356.5138586,0.0006653
91.6651334,356.3085597,0.0006558
90.6893792,356.1029248,0.0006456
89.7134386,355.8969794,0.0006338
88.7373309,355.6907526,0.0006257
87.7610309,355.4842761,0.0006162
86.7845684,355.2775793,0.0006020
85.8079212,355.0706811,0.0005930
84.8310970,354.8636196,0.0005800
83.8540925,354.6564179,0.0005722
82.8769157,354.4491023,0.0005612
81.8995652,354.2416989,0.0005540
80.9220414,354.0342306,0.0005426
79.9443461,353.8267192,0.0005346
78.9664779,353.6191864,0.0005295
77.9884524,353.4116566,0.0005276
77.0102692,353.2041501,0.0005201
76.0319316,352.9966802,0.0005214
75.0534316,352.7892698,0.0005173
74.0747941,352.5819400,0.0005145
73.0960146,352.3746960,0.0005199
72.1170953,352.1675607,0.0005164
71.1380455,351.9605401,0.0005204
70.1588760,351.7536510,0.0005225
69.1795851,351.5469016,0.0005233
68.2001848,351.3403074,0.0005288
67.2206838,351.1338686,0.0005387
66.2410773,350.9275945,0.0005443
65.2613991,350.7214948,0.0005514
64.2816323,350.5155651,0.0005606
63.3017988,350.3098159,0.0005698
62.3219036,350.1042518,0.0005811
61.3419563,349.8988648,0.0005975
60.3619574,349.6936601,0.0006060
59.3819284,349.4886344,0.0006186
58.4018811,349.2837816,0.0006347
57.4218079,349.0790992,0.0006454
56.4417369,348.8745870,0.0006603
55.4616645,348.6702314,0.0006752
54.4816076,348.4660274,0.0006907
53.5015766,348.2619681,0.0007061
52.5215778,348.0580405,0.0007190
51.5416244,347.8542332,0.0007368
50.5617237,347.6505397,0.0007447
49.5818825,347.4469410,0.0007638
48.6021206,347.2434282,0.0007770
47.6224371,347.0399837,0.0007922
46.6428495,346.8365951,0.0008013
45.6633607,346.6332406,0.0008179
44.6839911,346.4299107,0.0008271
43.7047409,346.2265826,0.0008415
42.7256158,346.0232375,0.0008541
41.7466341,345.8198595,0.0008651
40.7678003,345.6164305,0.0008726
39.7891180,345.4129252,0.0008837
38.8106077,345.2093274,0.0008913
37.8322694,345.0056167,0.0008938
36.8541131,344.8017668,0.0009065
35.8761407,344.5977573,0.0009056
34.8983715,344.3935724,0.0009143
33.9208011,344.1891845,0.0009177
32.9434458,343.9845727,0.0009214
31.9663054,343.7797169,0.0009264
30.9893959,343.5745896,0.0009251
30.0127132,343.3691650,0.0009219
29.0362622,343.1634293,0.0009207
28.0600624,342.9573601,0.0009205
27.0841033,342.7509280,0.0009206
26.1084048,342.5441208,0.0009152
25.1329643,342.3369030,0.0009084
24.1577908,342.1292490,0.0009012
23.1828830,341.9211537,0.0008883
22.2082485,341.7125891,0.0008769
21.2338929,341.5035284,0.0008674
20.2598258,341.2939640,0.0008604
19.2860475,341.0838606,0.0008479
18.3125569,340.8731821,0.0008275
17.3393703,340.6619378,0.0008108
16.3664769,340.4500953,0.0007987
15.3938994,340.2376399,0.0007754
14.4216236,340.0245544,0.0007592
13.4496588,339.8108078,0.0007405
12.4780279,339.5963605,0.0007215
11.5067063,339.3812255,0.0006965
10.5357231,339.1653837,0.0006727
9.5650681,338.9488063,0.0006483
8.5947447,338.7314879,0.0006287
7.6247602,338.5133995,0.0006110
6.6551326,338.2944928,0.0005822
5.6858518,338.0747870,0.0005586
4.7169295,337.8542639,0.0005331
3.7483657,337.6328944,0.0005129
2.7801636,337.4106756,0.0004932
1.8123348,337.1875839,0.0004747
0.8448867,336.9635641,0.0004490
-0.1221755,336.7386368,0.0004259
-1.0888552,336.5127810,0.0004060
-2.0551380,336.2859709,0.0003954
-3.0210209,336.0582048,0.0003747
-3.9865050,335.8294571,0.0003681
-4.9515688,335.5996726,0.0003509
-5.9162134,335.3688692,0.0003333
-6.8804340,335.1370253,0.0003289
-7.8442301,334.9041127,0.0003154
-8.8075824,334.6701284,0.0003106
-9.7704970,334.4350573,0.0003082
-10.7329532,334.1988366,0.0002999
-11.6949593,333.9614721,0.0003000
-12.6564999,333.7229587,0.0002955
-13.6175655,333.4832512,0.0002965
-14.5781582,333.2423547,0.0002946
-15.5382798,333.0002503,0.0003040
-16.4978956,332.7568841,0.0003045
-17.4570210,332.5122492,0.0003047
-18.4156459,332.2663449,0.0003115
-19.3737594,332.0191164,0.0003150
-20.3313649,331.7705733,0.0003236
-21.2884474,331.5207075,0.0003318
-22.2450004,331.2694609,0.0003388
-23.2010218,331.0168173,0.0003466
-24.1565053,330.7627895,0.0003540
-25.1114401,330.5073069,0.0003577
-26.0658262,330.2503869,0.0003584
-27.0196592,329.9920251,0.0003676
-27.9729241,329.7321710,0.0003769
-28.9256267,329.4707979,0.0003785
-29.8777598,329.2079237,0.0003884
-30.8293026,328.9434789,0.0003879
-31.7802687,328.6774762,0.0003831
-32.7306436,328.4099228,0.0003868
-33.6804351,328.1407703,0.0003927
-34.6296162,327.8699938,0.0003848
-35.5781958,327.5976151,0.0003941
-36.5261665,327.3235577,0.0003851
-37.4735124,327.0478346,0.0003790
-38.4202507,326.7704654,0.0003758
-39.3663686,326.4914101,0.0003704
-40.3118482,326.2106352,0.0003597
-41.2567072,325.9281700,0.0003605
-42.2009109,325.6439444,0.0003543
-43.1444679,325.3579544,0.0003336
-44.0873887,325.0702361,0.0003260
-45.0296579,324.7807581,0.0003205
-45.9712635,324.4894861,0.0003111
-46.9122166,324.1964530,0.0003095
-47.8524943,323.9015954,0.0002956
-48.7920844,323.6048859,0.0002827
-49.7310187,323.3063852,0.0002712
-50.6692661,323.0060668,0.0002646
-51.6068290,322.7038969,0.0002581
-52.5437127,322.3999068,0.0002538
-53.4798985,322.0940450,0.0002511
-54.4153634,321.7862618,0.0002341
-55.3501362,321.4766359,0.0002272
-56.2842070,321.1651417,0.0002221
-57.2175615,320.8517569,0.0002208
-58.1502180,320.5365027,0.0002171
-59.0821466,320.2193474,0.0002196
-60.0133292,319.9002081,0.0002144
-60.9437887,319.5791824,0.0002061
-61.8735220,319.2562545,0.0002095
-62.8025236,318.9314023,0.0002062
-63.7307885,318.6046448,0.0002173
-64.6583151,318.2759693,0.0002242
-65.5850718,317.9452764,0.0002174
-66.5110795,317.6126559,0.0002247
-67.4363410,317.2781133,0.0002222
-68.3608472,316.9416165,0.0002309
-69.2845975,316.6031911,0.0002387
-70.2075934,316.2628345,0.0002550
-71.1297956,315.9204566,0.0002548
-72.0512310,315.5761191,0.0002580
-72.9718962,315.2298489,0.0002639
-73.8917885,314.8816063,0.0002728
-74.8109038,314.5314201,0.0002826
-75.7292516,314.1792990,0.0003037
-76.6467882,313.8251686,0.0003050
-77.5635463,313.4690575,0.0003102
-78.4795129,313.1110144,0.0003267
-79.3946901,312.7509934,0.0003318
-80.3090714,312.3890269,0.0003389
-81.2226726,312.0251303,0.0003593
-82.1354573,311.6592429,0.0003643
-83.0474339,311.2913773,0.0003663
-83.9586163,310.9215848,0.0003810
-84.8689833,310.5498184,0.0003849
-85.7785428,310.1761132,0.0003918
-86.6873070,309.8004894,0.0004054
-87.5952457,309.4229035,0.0004161
-88.5023557,309.0433446,0.0004241
-89.4086542,308.6618804,0.0004309
-90.3141262,308.2784495,0.0004352
-91.2187667,307.8930917,0.0004431
-92.1225999,307.5058309,0.0004516
-93.0255909,307.1166420,0.0004616
-93.9277404,306.7254909,0.0004676
-94.8290620,306.3324509,0.0004757
-95.7295392,305.9374626,0.0004750
-96.6291652,305.5405533,0.0004837
-97.5279580,305.1417631,0.0004875
-98.4259055,304.7410627,0.0005026
-99.3229811,304.3384243,0.0005004
-100.2192163,303.9339029,0.0005153
-101.1145801,303.5274587,0.0005161
-102.0090733,303.1190918,0.0005163
-102.9027077,302.7088569,0.0005273
-103.7954801,302.2967308,0.0005366
-104.6873660,301.8826774,0.0005372
-105.5783802,301.4667553,0.0005481
-106.4685058,301.0489237,0.0005597
-107.3577272,300.6291678,0.0005614
-108.2460773,300.2075457,0.0005658
-109.1335358,299.7840482,0.0005776
-110.0200798,299.3586444,0.0005821
-110.9057379,298.9313657,0.0005941
-111.7904822,298.5021979,0.0006014
-112.6742912,298.0710946,0.0006026
-113.5572048,297.6381271,0.0006051
-114.4392024,297.2032951,0.0006149
-115.3202679,296.7665657,0.0006253
-116.2004133,296.3279674,0.0006338
-117.0796300,295.8874939,0.0006463
-117.9578784,295.4450789,0.0006413
-118.8351952,295.0008011,0.0006506
-119.7115771,294.5546660,0.0006581
-120.5870057,294.1066475,0.0006655
-121.4614916,293.6567610,0.0006761
-122.3350215,293.2050228,0.0006833
-123.2075548,292.7513417,0.0006862
-124.0791321,292.2957951,0.0006833
-124.9497430,291.8384074,0.0006918
-125.8193838,291.3791484,0.0007008
-126.6880454,290.9180364,0.0007026
-127.5557426,290.4550826,0.0007165
-128.4224102,289.9902040,0.0007142
-129.2880885,289.5234541,0.0007169
-130.1527823,289.0548808,0.0007159
-131.0164762,288.5844526,0.0007203
-131.8791710,288.1121809,0.0007233
-132.7408698,287.6380947,0.0007369
-133.6015279,287.1621055,0.0007284
-134.4611569,286.6842459,0.0007256
-135.3197788,286.2045796,0.0007259
-136.1773791,285.7230725,0.0007214
-137.0339511,285.2397375,0.0007216
-137.8895114,284.7546018,0.0007308
-138.7440157,284.2676035,0.0007287
-139.5974528,283.7787428,0.0007215
-140.4498634,283.2880916,0.0007222
-141.3012271,282.7956095,0.0007165
-142.1515397,282.3013159,0.0007133
-143.0008193,281.8052343,0.0007180
-143.8490218,281.3073295,0.0007133
-144.6961407,280.8075642,0.0007087
-145.5422071,280.3060217,0.0007030
-146.3871991,279.8026665,0.0007051
-147.2311199,279.2975054,0.0006992
-148.0739808,278.7905746,0.0007010
-148.9157561,278.2818464,0.0007021
-149.7564236,277.7712702,0.0006940
-150.5960210,277.2589237,0.0006916
-151.4345215,276.7447801,0.0006950
-152.2719220,276.2288458,0.0006893
-153.1082494,275.7111451,0.0006893
-153.9434788,275.1916736,0.0006909
-154.7775787,274.6703716,0.0006898
-155.6105894,274.1473056,0.0006921
-156.4424853,273.6224657,0.0006855
-157.2732595,273.0958349,0.0006814
-158.1029389,272.5674505,0.0006898
-158.9315092,272.0373157,0.0006919
-159.7589335,271.5053769,0.0006916
-160.5852451,270.9716834,0.0006925
-161.4104305,270.4362337,0.0006926
-162.2344731,269.8989972,0.0006849
-163.0573927,269.3600268,0.0006863
-163.8791927,268.8193227,0.0006902
-164.6998388,268.2768405,0.0006846
-165.5193432,267.7326183,0.0006857
-166.3377059,267.1866668,0.0006860
-167.1548998,266.6389378,0.0006833
-167.9709571,266.0894880,0.0006802
-168.7858710,265.5383300,0.0006795
-169.5996125,264.9854269,0.0006786
-170.4121969,264.4307948,0.0006741
-171.2236234,263.8744582,0.0006775
-172.0338471,263.3163659,0.0006674
-172.8429098,262.7565646,0.0006628
-173.6508132,262.1950788,0.0006603
-174.4575251,261.6318808,0.0006526
-175.2630519,261.0669708,0.0006470
-176.0674019,260.5003886,0.0006422
-176.8705303,259.9320574,0.0006313
-177.6724526,259.3620405,0.0006241
-178.4732004,258.7903590,0.0006112
-179.2727345,258.2169918,0.0006099
-180.0710615,257.6419318,0.0005956
-180.8681825,257.0652250,0.0005917
-181.6640565,256.4867953,0.0005818
-182.4587021,255.9066784,0.0005655
-183.2521324,255.3249230,0.0005602
-184.0443387,254.7415020,0.0005447
-184.8353032,254.1564077,0.0005413
-185.6250442,253.5696859,0.0005324
-186.4135161,252.9812599,0.0005288
-187.2007134,252.3911529,0.0005081
-187.9866825,251.7994198,0.0004997
-188.7713982,251.2060359,0.0004902
-189.5548521,250.6109978,0.0004846
-190.3370578,250.0143431,0.0004846
-191.1179808,249.4160102,0.0004758
-191.8975916,248.8159890,0.0004554
-192.6759544,248.2143492,0.0004478
-193.4530377,247.6110798,0.0004389
-194.2288418,247.0061653,0.0004369
-195.0033883,246.3996373,0.0004398
-195.7766353,245.7914648,0.0004385
-196.5485433,245.1816036,0.0004224
-197.3191842,244.5701285,0.0004182
-198.0885376,243.9570312,0.0004155
-198.8565868,243.3423117,0.0004105
-199.6233676,242.7259839,0.0004091
-200.3888414,242.1080430,0.0004160
-201.1529738,241.4884196,0.0004074
-201.9158117,240.8672001,0.0004021
-202.6773575,240.2443729,0.0003971
-203.4375905,239.6199308,0.0003969
-204.1965297,238.9939021,0.0004007
-204.9541760,238.3662830,0.0004056
-205.7104695,237.7370080,0.0004041
-206.4654537,237.1061516,0.0003959
-207.2191354,236.4737131,0.0003958
-207.9714951,235.8396775,0.0003991
-208.7225605,235.2040697,0.0003968
-209.4723182,234.5669075,0.0004039
-210.2207286,233.9281272,0.0003996
-210.9678111,233.2877809,0.0004009
-211.7135911,232.6458800,0.0004025
-212.4580348,232.0024028,0.0003979
-213.2011632,231.3573838,0.0004016
-213.9429854,230.7108370,0.0004089
-214.6834492,230.0627213,0.0004052
-215.4225792,229.4130470,0.0004046
-216.1603874,228.7618596,0.0004057
-216.8968374,228.1091194,0.0004059
-217.6319523,227.4548622,0.0004054
-218.3657509,226.7991031,0.0004082
-219.0981788,226.1418131,0.0004103
-219.8292451,225.4829911,0.0004134
-220.5589734,224.8226832,0.0004101
-221.2873205,224.1608391,0.0004137
-222.0143060,223.4974973,0.0004141
-222.7399412,222.8326841,0.0004174
-223.4641966,222.1663633,0.0004231
-224.1870537,221.4985329,0.0004195
-224.9085444,220.8292346,0.0004266
-225.6286188,220.1584187,0.0004312
-226.3472959,219.4861106,0.0004310
-227.0645868,218.8123463,0.0004400
-227.7804745,218.1370934,0.0004464
-228.4949194,217.4603431,0.0004499
-229.2079693,216.7821301,0.0004570
-229.9195622,216.1024161,0.0004606
-230.6297077,215.4212074,0.0004632
-231.3384366,214.7385402,0.0004695
-232.0457196,214.0544028,0.0004801
-232.7515307,213.3687647,0.0004890
-233.4558983,212.6816728,0.0004992
-234.1587775,211.9930832,0.0005066
-234.8601592,211.3029854,0.0005113
-235.5600860,210.6114304,0.0005177
-236.2585308,209.9184036,0.0005284
-236.9554666,209.2238875,0.0005393
-237.6509234,208.5279060,0.0005491
-238.3448655,207.8304333,0.0005591
-239.0372528,207.1314425,0.0005611
-239.7281526,206.4309881,0.0005640
-240.4175341,205.7290668,0.0005800
-241.1053859,205.0256534,0.0005802
-241.7917193,204.3207753,0.0005945
-242.4765133,203.6144182,0.0006029
-243.1597164,202.9065280,0.0005999
-243.8413886,202.1971813,0.0006032
-244.5215292,201.4863634,0.0006134
-245.2001065,200.7740707,0.0006154
-245.8771454,200.0603103,0.0006242
-246.5526291,199.3450874,0.0006300
-247.2264825,198.6283355,0.0006279
-247.8987799,197.9101204,0.0006233
-248.5695238,197.1904525,0.0006250
-249.2386920,196.4693168,0.0006205
-249.9062895,195.7467342,0.0006220
-250.5723287,195.0227008,0.0006296
-251.2367151,194.2971528,0.0006224
-251.8995143,193.5701500,0.0006097
-252.5607409,192.8417154,0.0006035
-253.2203739,192.1118267,0.0005996
-253.8784254,191.3805000,0.0005930
-254.5348999,190.6477541,0.0005946
-255.1897260,189.9135252,0.0005775
-255.8429322,189.1778539,0.0005598
-256.4945574,188.4407718,0.0005513
-257.1445678,187.7022540,0.0005423
-257.7929776,186.9623188,0.0005309
-258.4397990,186.2209956,0.0005220
-259.0849729,185.4782171,0.0005137
-259.7285045,184.7340159,0.0004873
-260.3704457,183.9884220,0.0004777
-261.0107515,183.2414231,0.0004538
-261.6494422,182.4930232,0.0004415
-262.2865316,181.7432595,0.0004318
-262.9219769,180.9920833,0.0004138
-263.5557570,180.2395031,0.0003896
-264.1879383,179.4855592,0.0003697
-264.8184744,178.7302202,0.0003496
-265.4473755,177.9735194,0.0003258
-266.0746719,177.2154711,0.0003067
-266.7003239,176.4560540,0.0002898
-267.3243067,175.6952482,0.0002606
-267.9466740,174.9331121,0.0002358
-268.5673898,174.1696106,0.0002117
-269.1864588,173.4047661,0.0001846
-269.8039090,172.6386070,0.0001692
-270.4197309,171.8711095,0.0001457
-271.0338696,171.1022573,0.0001189
-271.6463896,170.3320974,0.0000959
-272.2572502,169.5606129,0.0000772
-272.8664619,168.7877989,0.0000459
-273.4740476,168.0137002,0.0000287
-274.0800019,167.2383051,0.0000130
-274.6842734,166.4615930,-0.0000111
-275.2869242,165.6835952,-0.0000297
-275.8879198,164.9043099,-0.0000505
-276.4872433,164.1237225,-0.0000697
-277.0849442,163.3418753,-0.0000822
-277.6810103,162.5587736,-0.0000975
-278.2754008,161.7743856,-0.0001120
-278.8681511,160.9887485,-0.0001146
-279.4592542,160.2018564,-0.0001240
-280.0486644,159.4136894,-0.0001349
-280.6364456,158.6242915,-0.0001465
-281.2225814,157.8336723,-0.0001465
-281.8070448,157.0418016,-0.0001418
-282.3898563,156.2487077,-0.0001441
-282.9710122,155.4543950,-0.0001361
-283.5504536,154.6588331,-0.0001405
-284.1282435,153.8620642,-0.0001341
-284.7043839,153.0640984,-0.0001239
-285.2788336,152.2649257,-0.0001103
-285.8516126,151.4645486,-0.0000977
-286.4227248,150.6629872,-0.0000762
-286.9920952,149.8601988,-0.0000708
-287.5597831,149.0562240,-0.0000527
-288.1258024,148.2510762,-0.0000321
-288.6901157,147.4447456,-0.0000099
-289.2527196,146.6372447,0.0000151
-289.8136382,145.8285846,0.0000474
-290.3727888,145.0187129,0.0000664
-290.9302098,144.2076712,0.0000922
-291.4859300,143.3954872,0.0001247
-292.0399173,142.5821415,0.0001564
-292.5921630,141.7676454,0.0001949
-293.1426900,140.9520172,0.0002390
-293.6914115,140.1352044,0.0002735
-294.2383531,139.3172286,0.0003086
-294.7835573,138.4981362,0.0003561
-295.3269893,137.6779068,0.0004081
-295.8686431,136.8565435,0.0004638
-296.4085447,136.0340686,0.0005323
-296.9466020,135.2104424,0.0005999
-297.4828241,134.3856611,0.0006608
-298.0172698,133.5597792,0.0007402
-298.5498995,132.7327815,0.0008233
-299.0807144,131.9046681,0.0009094
-299.6097304,131.0754641,0.0010213
-300.1368909,130.2451313,0.0011293
-300.6621653,129.4136517,0.0012336
-301.1856294,128.5810809,0.0013558
-301.7072374,127.7474060,0.0014871
-302.2269989,126.9126215,0.0016195
-302.7449323,126.0767418,0.0017753
-303.2609993,125.2397505,0.0019300
-303.7751517,124.4016061,0.0020839
-304.2874650,123.5623694,0.0022444
-304.7979125,122.7220096,0.0024093
-305.3064959,121.8805186,0.0025776
-305.8132392,121.0379237,0.0027501
-306.3181279,120.1941981,0.0029186
-306.8211056,119.3492893,0.0030742
-307.3222438,118.5032514,0.0032270
-307.8215289,117.6560624,0.0033724
-308.3189572,116.8077048,0.0035048
-308.8145716,115.9581844,0.0036261
-309.3083661,115.1075050,0.0037328
-309.8002904,114.2556037,0.0038077
-310.2904081,113.4025160,0.0038639
-310.7787259,112.5482403,0.0038944
-311.2652290,111.6927472,0.0038838
-311.7499655,110.8360619,0.0038482
-312.2329567,109.9781844,0.0037832
-312.7141568,109.1190846,0.0036731
-313.1936133,108.2587847,0.0035187
-313.6713652,107.3973092,0.0033260
-314.1473830,106.5346437,0.0030755
-314.6217333,105.6708337,0.0027884
-315.0944670,104.8059046,0.0024549
-315.5655669,103.9398797,0.0020664
-316.0350767,103.0727911,0.0016351
-316.5031049,102.2047240,0.0011656
-316.9696622,101.3357034,0.0006542
-317.4348858,100.4658304,0.0001339
-317.8989371,99.5952324,-0.0003585
-318.3619824,98.7240150,-0.0008068
-318.8242347,97.8523293,-0.0011378
-319.2861092,96.9803990,-0.0012664
-319.7479693,96.1084463,-0.0010841
-320.2097476,95.2364365,-0.0006210
-320.6709342,94.3640843,0.0000084
-321.1309503,93.4910807,0.0006385
-321.5893913,92.6172030,0.0011958
-322.0461055,91.7423603,0.0016578
-322.5009148,90.8664683,0.0020073
-322.9537791,89.9895419,0.0022592
-323.4047718,89.1116672,0.0024594
-323.8538996,88.2329160,0.0026476
-324.3010621,87.3533223,0.0027903
-324.7461852,86.4729016,0.0028790
-325.1892472,85.5916787,0.0028800
-325.6304368,84.7097605,0.0028451
-326.0699155,83.8271995,0.0027809
-326.5077255,82.9439372,0.0026785
-326.9437386,82.0598513,0.0024978
-327.3780167,81.1749133,0.0022459
-327.8105594,80.2890628,0.0019198
-328.2414655,79.4023119,0.0015480
-328.6708238,78.5146631,0.0011592
-329.0986579,77.6261148,0.0007649
-329.5250223,76.7366619,0.0003912
-329.9499712,75.8463395,0.0000440
-330.3734829,74.9551072,-0.0002826
-330.7956284,74.0630073,-0.0005607
-331.2164666,73.1700629,-0.0007826
-331.6360075,72.2762720,-0.0009502
-332.0542775,71.3816568,-0.0010690
-332.4713153,70.4862359,-0.0011249
-332.8870763,69.5899924,-0.0011488
-333.3016182,68.6929536,-0.0011312
-333.7149864,67.7951483,-0.0010704
-334.1271766,66.8965836,-0.0009754
-334.5382168,65.9972652,-0.0008586
-334.9481302,65.0972230,-0.0007120
-335.3568819,64.1964430,-0.0005659
-335.7645096,63.2949336,-0.0004167
-336.1710521,62.3927321,-0.0002555
-336.5765074,61.4898369,-0.0000981
-336.9808942,60.5862649,0.0000544
-337.3842440,59.6820226,0.0002088
-337.7865259,58.7771158,0.0003375
-338.1877645,57.8715468,0.0004546
-338.5880051,56.9653433,0.0005608
-338.9872417,56.0585052,0.0006488
-339.3854962,55.1510447,0.0007275
-339.7828019,54.2429805,0.0007861
-340.1791425,53.3343031,0.0008389
-340.5745355,52.4250210,0.0008611
-340.9690258,51.5151606,0.0008786
-341.3626091,50.6047260,0.0008770
-341.7553174,49.6937178,0.0008675
-342.1471800,48.7821638,0.0008547
-342.5382011,47.8700469,0.0008245
-342.9283852,46.9573904,0.0007764
-343.3177871,46.0442067,0.0007260
-343.7064060,45.1305000,0.0006683
-344.0942740,44.2162810,0.0005996
-344.4814271,43.3015608,0.0005305
-344.8678745,42.3863443,0.0004505
-345.2536248,41.4706446,0.0003653
-345.6387321,40.5544746,0.0002759
-346.0231951,39.6378433,0.0001839
-346.4070533,38.7207536,0.0000931
-346.7903412,37.8032266,0.0000004
-347.1730716,36.8852679,-0.0000953
-347.5552644,35.9668856,-0.0001890
-347.9369612,35.0480928,-0.0002810
-348.3181697,34.1289063,-0.0003754
-348.6989284,33.2093275,-0.0004666
-349.0792638,32.2893833,-0.0005457
-349.4592027,31.3690702,-0.0006272
-349.8387602,30.4484018,-0.0006965
-350.2179740,29.5274020,-0.0007643
-350.5968620,28.6060629,-0.0008267
-350.9754488,27.6844106,-0.0008785
-351.3537656,26.7624627,-0.0009199
-351.7318394,25.8402172,-0.0009574
-352.1096868,24.9176868,-0.0009863
-352.4873410,23.9948895,-0.0010112
-352.8648166,23.0718339,-0.0010275
-353.2421408,22.1485327,-0.0010419
-353.6193417,21.2249962,-0.0010488
-353.9964421,20.3012367,-0.0010652
-354.3734615,19.3772569,-0.0010758
-354.7504258,18.4530721,-0.0010906
-355.1273527,17.5286937,-0.0011122
-355.5042689,16.6041180,-0.0011421
-355.8811922,15.6793751,-0.0011859
-356.2581431,14.7544556,-0.0012319
-356.6351458,13.8293651,-0.0012939
-357.0122114,12.9041236,-0.0013644
-357.3893673,11.9787309,-0.0014460
-357.7666221,11.0531957,-0.0015317
-358.1439902,10.1275301,-0.0016152
-358.5214914,9.2017375,-0.0016981
-358.8991421,8.2758199,-0.0017832
-359.2769403,7.3498050,-0.0018465
-359.6549077,6.4236947,-0.0018856
-360.0330383,5.4975170,-0.0018943
-360.4113407,4.5712736,-0.0018738
-360.7898161,3.6449955,-0.0018147
-361.1684487,2.7187088,-0.0017091
-361.5472334,1.7924449,-0.0015725
