-375.5583355,7.4995050,4.3473958
-375.9315154,6.5730998,4.3546798
-376.3046694,5.6466409,4.3620028
-376.6777551,4.7200626,4.3693274
-377.0507563,3.7933339,4.3766184
-377.4236705,2.8664469,4.3838658
-377.7964803,1.9394145,4.3910281
-378.1691546,1.0122668,4.3980930
-378.5418379,0.0851217,4.4050978
-378.9149257,-0.8418172,4.4121608
-379.2881049,-1.7686742,4.4192099
-379.6612944,-2.6954882,4.4262213
-380.0344998,-3.6222544,4.4331975
-380.4077281,-4.5489860,4.4401567
-380.7809871,-5.4756940,4.4470992
-381.1542780,-6.4023865,4.4540389
-381.5276045,-7.3290695,4.4609746
-381.9009711,-8.2557617,4.4679101
-382.2743789,-9.1824714,4.4748570
-382.6478290,-10.1092041,4.4817922
-383.0213224,-11.0359834,4.4887411
-383.3948541,-11.9628116,4.4956896
-383.7684280,-12.8897061,4.5026359
-384.1420357,-13.8166813,4.5095887
-384.5156760,-14.7437406,4.5165310
-384.8893406,-15.6709017,4.5234787
-385.2630274,-16.5981773,4.5304155
-385.6367257,-17.5255798,4.5373488
-386.0104294,-18.4531219,4.5442772
-386.3841244,-19.3808057,4.5511939
-386.7578058,-20.3086585,4.5580976
-387.1314633,-21.2366915,4.5649905
-387.5050703,-22.1649046,4.5718786
-387.8786254,-23.0933248,4.5787476
-388.2521117,-24.0219557,4.5856072
-388.6255146,-24.9508205,4.5924502
-388.9988113,-25.8799181,4.5992857
-389.3719897,-26.8092693,4.6061077
-389.7450210,-27.7388837,4.6129228
-390.1178936,-28.6687843,4.6197266
-390.4905865,-29.5989779,4.6265211
-390.8630714,-30.5294738,4.6332983
-391.2353289,-31.4602821,4.6400781
-391.6073434,-32.3914291,4.6468447
-391.9790779,-33.3229141,4.6536062
-392.3505176,-34.2547599,4.6603662
-392.7216274,-35.1869709,4.6671152
-393.0923724,-36.1195700,4.6738527
-393.4627434,-37.0525690,4.6805906
-393.8327039,-37.9859724,4.6873207
-394.2022263,-38.9197898,4.6940459
-394.5712935,-39.8540438,4.7007670
-394.9398643,-40.7887443,4.7074829
-395.3079019,-41.7239014,4.7141903
-395.6753934,-42.6595321,4.7208958
-396.0422870,-43.5956541,4.7275915
-396.4085654,-44.5322746,4.7342746
-396.7742048,-45.4694067,4.7409543
-397.1391636,-46.4070621,4.7476278
-397.5034152,-47.3452661,4.7542967
-397.8669336,-48.2840166,4.7609534
-398.2296553,-49.2233536,4.7675963
-398.5915725,-50.1632879,4.7742225
-398.9526562,-51.1038242,4.7808435
-399.3128628,-52.0449902,4.7874458
-399.6721736,-52.9867919,4.7940447
-400.0305633,-53.9292619,4.8006322
-400.3879741,-54.8724205,4.8072018
-400.7443885,-55.8162848,4.8137675
-401.0997682,-56.7608810,4.8203208
-401.4540473,-57.7062409,4.8268538
-401.8072373,-58.6523754,4.8333843
-402.1592841,-59.5993003,4.8399184
-402.5101552,-60.5470603,4.8464511
-402.8598246,-61.4956639,4.8529925
-403.2082378,-62.4451497,4.8595492
-403.5553241,-63.3955484,4.8660991
-403.9010867,-64.3468705,4.8726817
-404.2454530,-65.2991479,4.8792763
-404.5883828,-66.2524113,4.8859074
-404.9298580,-67.2066637,4.8925770
-405.2698123,-68.1619469,4.8992906
-405.6081720,-69.1182709,4.9060515
-405.9449217,-70.0756615,4.9128747
-406.2799301,-71.0341380,4.9197421
-406.6131528,-71.9937291,4.9266517
-406.9445757,-72.9544060,4.9336265
-407.2740999,-73.9162093,4.9406585
-407.6016664,-74.8791215,4.9477446
-407.9272239,-75.8431486,4.9548919
-408.2506483,-76.8082934,4.9620616
-408.5718552,-77.7745475,4.9692556
-408.8908039,-78.7418947,4.9764571
-409.2073310,-79.7103366,4.9836288
-409.5214128,-80.6798313,4.9907657
-409.8329561,-81.6503543,4.9978493
-410.1418426,-82.6218850,5.0048355
-410.4479961,-83.5943856,5.0117016
-410.7513157,-84.5678339,5.0184161
-411.0516128,-85.5422178,5.0249118
-411.3489196,-86.5174723,5.0311961
-411.6431277,-87.4935734,5.0372329
-411.9341946,-88.4704828,5.0430182
-412.2221463,-89.4481608,5.0485520
-412.5069585,-90.4265723,5.0538475
-412.7887235,-91.4057027,5.0589194
-413.0676669,-92.3854827,5.0638761
-413.3439924,-93.3658909,5.0687895
-413.6183202,-94.3468135,5.0738870
-413.8912712,-95.3281633,5.0793791
-414.1630981,-96.3099502,5.0853788
-414.4336657,-97.2923020,5.0918092
-414.7025610,-98.2754079,5.0985216
-414.9693427,-99.2594507,5.1053539
-415.2338676,-100.2445238,5.1122467
-415.4959205,-101.2307135,5.1191432
-415.7552962,-102.2180966,5.1259648
-416.0119392,-103.2067211,5.1327036
-416.2657298,-104.1966137,5.1393520
-416.5165235,-105.1878080,5.1458650
-416.7642604,-106.1803218,5.1522540
-417.0088669,-107.1741514,5.1585294
-417.2501262,-108.1693347,5.1646270
-417.4881007,-109.1658217,5.1706088
-417.7227451,-110.1636123,5.1764999
-417.9539569,-111.1626765,5.1822881
-418.1817182,-112.1630087,5.1880053
-418.4059859,-113.1645622,5.1936678
-418.6266092,-114.1673394,5.1992404
-418.8435940,-115.1713052,5.2047712
-419.0569174,-116.1764238,5.2102683
-419.2664372,-117.1826824,5.2157037
-419.4722173,-118.1900249,5.2211315
-419.6742204,-119.1984318,5.2265573
-419.8723692,-120.2078733,5.2319698
-420.0666491,-121.2183149,5.2373810
-420.2570442,-122.2297322,5.2427970
-420.4433508,-123.2421116,5.2481663
-420.6256829,-124.2554156,5.2535309
-420.8040229,-125.2696020,5.2589125
-420.9782989,-126.2846655,5.2642826
-421.1485449,-127.3005615,5.2696639
-421.3147418,-128.3172741,5.2750539
-421.4767718,-129.3347869,5.2804328
-421.6346779,-130.3530735,5.2858053
-421.7884238,-131.3721111,5.2911798
-421.9378745,-132.3918988,5.2965040
-422.0831572,-133.4123998,5.3018360
-422.2242332,-134.4335960,5.3071598
-422.3610474,-135.4554661,5.3124753
-422.4936239,-136.4779943,5.3177794
-422.6219323,-137.5011648,5.3230905
-422.7458099,-138.5249824,5.3283367
-422.8653798,-139.5494025,5.3335773
-422.9805973,-140.5744153,5.3387994
-423.0914029,-141.6000103,5.3439869
-423.1978656,-142.6261629,5.3491786
-423.2999527,-143.6528568,5.3543667
-423.3975779,-144.6800809,5.3595257
-423.4907948,-145.7078165,5.3646791
-423.5795321,-146.7360385,5.3698055
-423.6636482,-147.7647494,5.3748691
-423.7433158,-148.7939120,5.3799276
-423.8184755,-149.8235031,5.3849818
-423.8891024,-150.8535173,5.3900100
-423.9552291,-151.8839268,5.3950475
-424.0168223,-152.9147072,5.4000773
-424.0737414,-153.9458529,5.4050616
-424.1261149,-154.9773341,5.4100424
-424.1738599,-156.0091287,5.4149959
-424.2169278,-157.0412190,5.4199233
-424.2554271,-158.0735758,5.4248539
-424.2893076,-159.1061802,5.4297799
-424.3185166,-160.1390153,5.4346791
-424.3431125,-161.1720506,5.4395822
-424.3630017,-162.2052713,5.4444618
-424.3780603,-163.2386441,5.4492658
-424.3884783,-164.2721517,5.4540665
-424.3941822,-165.3057662,5.4588403
-424.3951677,-166.3394618,5.4635894
-424.3914935,-167.3732243,5.4683287
-424.3831154,-168.4070189,5.4730528
-424.3699335,-169.4408238,5.4777181
-424.3520689,-170.4746144,5.4823634
-424.3294005,-171.5083687,5.4869633
-424.3019039,-172.5420556,5.4915019
-424.2697155,-173.5756570,5.4960303
-424.2327746,-174.6091416,5.5005181
-424.1910579,-175.6424901,5.5049771
-424.1446298,-176.6756769,5.5094207
-424.0934043,-177.7086785,5.5138279
-424.0372859,-178.7414525,5.5181556
-423.9764482,-179.7739955,5.5224664
-423.9107883,-180.8062580,5.5267409
-423.8403383,-181.8382383,5.5309738
-423.7651677,-182.8699030,5.5351984
-423.6852342,-183.9012278,5.5393985
-423.6004727,-184.9321799,5.5435585
-423.5109917,-185.9627466,5.5477074
-423.4166515,-186.9928899,5.5518027
-423.3174337,-188.0225740,5.5558353
-423.2135058,-189.0517954,5.5598651
-423.1048011,-190.0805234,5.5638591
-422.9913266,-191.1087278,5.5678427
-422.8731518,-192.1364034,5.5718139
-422.7502085,-193.1635027,5.5757617
-422.6224200,-194.1899942,5.5796557
-422.4899456,-195.2158830,5.5835442
-422.3526638,-196.2411189,5.5873961
-422.2106307,-197.2656851,5.5912128
-422.0639324,-198.2895675,5.5950313
-421.9125269,-199.3127365,5.5988417
-421.7563890,-200.3351777,5.6026229
-421.5956144,-201.3568553,5.6064058
-421.4300572,-202.3777514,5.6101348
-421.2597050,-203.3978125,5.6138078
-421.0847425,-204.4170642,5.6174832
-420.9050872,-205.4354583,5.6211344
-420.7207861,-206.4529893,5.6247755
-420.5319029,-207.4696340,5.6284173
-420.3383866,-208.4853676,5.6320368
-420.1401850,-209.5001537,5.6356189
-419.9374271,-210.5140076,5.6392099
-419.7299807,-211.5268668,5.6427527
-419.5179146,-212.5387257,5.6462625
-419.3013284,-213.5495815,5.6497815
-419.0801730,-214.5594117,5.6532864
-418.8544615,-215.5681871,5.6567684
-418.6242638,-216.5759131,5.6602619
-418.3894686,-217.5825355,5.6637174
-418.1500677,-218.5880297,5.6671293
-417.9062164,-219.5924190,5.6705427
-417.6578180,-220.5956509,5.6739182
-417.4049407,-221.5977257,5.6772958
-417.1476421,-222.5986447,5.6806752
-416.8858827,-223.5983724,5.6840382
-416.6196356,-224.5968748,5.6873792
-416.3490004,-225.5941673,5.6907328
-416.0738195,-226.5901967,5.6940287
-415.7941744,-227.5849374,5.6972986
-415.5101731,-228.5784236,5.7005754
-415.2217592,-229.5706137,5.7038345
-414.9289648,-230.5614947,5.7070833
-414.6318484,-231.5510566,5.7103502
-414.3303114,-232.5392733,5.7135879
-414.0243619,-233.5261079,5.7167924
-413.7141105,-234.5115743,5.7200150
-413.3994443,-235.4956298,5.7231920
-413.0804562,-236.4782740,5.7263724
-412.7572011,-237.4595051,5.7295570
-412.4296334,-238.4392947,5.7327364
-412.0977516,-239.4176218,5.7359052
-411.7616308,-240.3944912,5.7390823
-411.4210940,-241.3698121,5.7422110
-411.0762329,-242.3436008,5.7453081
-410.7271583,-243.3158728,5.7484138
-410.3737955,-244.2865953,5.7515058
-410.0162129,-245.2557485,5.7545984
-409.6544442,-246.2233430,5.7577028
-409.2884162,-247.1893147,5.7607940
-408.9181419,-248.1536638,5.7638582
-408.5437033,-249.1163827,5.7669405
-408.1649664,-250.0774148,5.7699696
-407.7820462,-251.0367760,5.7730028
-407.3949988,-251.9944551,5.7760419
-407.0037808,-252.9504283,5.7790669
-406.6084092,-253.9046786,5.7820891
-406.2089432,-254.8572004,5.7851291
-405.8052401,-255.8079229,5.7881164
-405.3973890,-256.7568424,5.7910810
-404.9854602,-257.7039881,5.7940499
-404.5693863,-258.6492959,5.7969994
-404.1492547,-259.5927844,5.7999427
-403.7250934,-260.5344421,5.8028960
-403.2968484,-261.4742276,5.8058329
-402.8645443,-262.4121309,5.8087499
-402.4282366,-263.3481470,5.8116744
-401.9877817,-264.2821915,5.8145311
-401.5433185,-265.2143050,5.8173823
-401.0948965,-266.1444811,5.8202338
-400.6424740,-267.0726944,5.8230674
-400.1860961,-267.9989419,5.8258935
-399.7258079,-268.9232132,5.8287168
-399.2614878,-269.8454435,5.8315002
-398.7932305,-270.7656356,5.8342566
-398.3210716,-271.6838084,5.8370092
-397.8449433,-272.5998901,5.8397215
-397.3649550,-273.5139181,5.8424253
-396.8811223,-274.4258859,5.8451223
-396.3934094,-275.3357562,5.8477940
-395.9018527,-276.2435253,5.8504482
-395.4064777,-277.1491786,5.8530988
-394.9071302,-278.0526181,5.8556559
-394.4039684,-278.9539142,5.8581933
-393.8970280,-279.8530552,5.8607186
-393.3862830,-280.7500073,5.8632077
-392.8717885,-281.6447866,5.8656865
-392.3535632,-282.5373882,5.8681525
-391.8315280,-283.4277352,5.8705710
-391.3057543,-284.3158619,5.8729619
-390.7762559,-285.2017533,5.8753259
-390.2429584,-286.0853368,5.8776220
-389.7059848,-286.9666754,5.8799025
-389.1653411,-287.8457419,5.8821631
-388.6209986,-288.7225141,5.8843800
-388.0730043,-289.5969855,5.8865836
-387.5213661,-290.4691543,5.8887571
-386.9659573,-291.3389129,5.8908465
-386.4069180,-292.2063435,5.8929034
-385.8442582,-293.0714044,5.8949315
-385.2779488,-293.9340795,5.8969080
-384.7080621,-294.7943926,5.8988623
-384.1346045,-295.6523171,5.9007972
-383.5575167,-296.5078021,5.9026751
-382.9768660,-297.3608731,5.9045317
-382.3926355,-298.2115031,5.9063371
-381.8047510,-299.0595967,5.9080641
-381.2133458,-299.9052485,5.9097682
-380.6184147,-300.7484212,5.9114395
-380.0199431,-301.5890891,5.9130690
-379.4179805,-302.4272621,5.9146804
-378.8125253,-303.2629237,5.9162552
-378.2034838,-304.0959692,5.9177563
-377.5909713,-304.9264876,5.9192243
-376.9749680,-305.7544159,5.9206563
-376.3554582,-306.5797311,5.9220322
-375.7325306,-307.4024691,5.9233899
-375.1061656,-308.2226125,5.9247290
-374.4763453,-309.0401000,5.9260118
-373.8431167,-309.8549747,5.9272806
-373.2064515,-310.6671624,5.9285016
-372.5662593,-311.4765834,5.9296369
-371.9227053,-312.2833398,5.9307542
-371.2757651,-313.0873837,5.9318341
-370.6254351,-313.8887076,5.9328836
-369.9717753,-314.6873189,5.9339229
-369.3147748,-315.4831909,5.9349351
-368.6543658,-316.2762381,5.9358958
-367.9906526,-317.0665296,5.9368367
-367.3235830,-317.8540060,5.9377286
-366.6531496,-318.6386270,5.9385769
-365.9794571,-319.4204505,5.9394173
-365.3024748,-320.1994418,5.9402449
-364.6222000,-320.9755679,5.9410304
-363.9386890,-321.7488486,5.9418144
-363.2519008,-322.5192226,5.9425610
-362.5617605,-323.2866143,5.9432371
-361.8684197,-324.0511180,5.9439051
-361.1718333,-324.8126685,5.9445508
-360.4720242,-325.5712675,5.9451653
-359.7690411,-326.3269431,5.9457707
-359.0628785,-327.0796474,5.9463699
-358.3534851,-327.8293230,5.9469252
-357.6409485,-328.5760246,5.9474853
-356.9252099,-329.3196617,5.9479920
-356.2062553,-330.0602095,5.9484528
-355.4842004,-330.7977429,5.9489119
-354.7590130,-331.5322060,5.9493539
-354.0307082,-332.2635815,5.9497718
-353.2993198,-332.9919039,5.9501916
-352.5648241,-333.7171012,5.9505884
-351.8271725,-334.4391039,5.9509201
-351.0864810,-335.1580030,5.9512543
-350.3426869,-335.8737155,5.9515597
-349.5958301,-336.5862518,5.9518333
-348.8459733,-337.2956407,5.9521091
-348.0930923,-338.0018451,5.9523714
-347.3371707,-338.7048130,5.9526002
-346.5782804,-339.4045966,5.9528305
-345.8163407,-340.1010787,5.9530083
-345.0513398,-340.7942348,5.9531333
-344.2834154,-341.4841654,5.9532525
-343.5125212,-342.1707961,5.9533523
-342.7386815,-342.8541378,5.9534333
-341.9619379,-343.5342155,5.9535132
-341.1822711,-344.2109590,5.9535695
-340.3996491,-344.8843045,5.9535828
-339.6141626,-345.5543468,5.9535886
-338.8257436,-346.2209652,5.9535514
-338.0344428,-346.8841846,5.9534845
-337.2403135,-347.5440566,5.9534169
-336.4433509,-348.2005198,5.9533308
-335.6435357,-348.8535551,5.9532238
-334.8409490,-349.5031972,5.9531113
-334.0355014,-350.1493295,5.9529534
-333.2272173,-350.7919185,5.9527388
-332.4161841,-351.4310804,5.9525243
-331.6023656,-352.0667189,5.9522746
-330.7858067,-352.6988614,5.9520068
-329.9665472,-353.3275242,5.9517474
-329.1445642,-353.9526533,5.9514575
-328.3198539,-354.5741919,5.9511359
-327.4924862,-355.1922166,5.9508071
-326.6623796,-355.8065858,5.9504249
-325.8296042,-356.4173364,5.9500106
-324.9942127,-357.0245307,5.9495960
-324.1561986,-357.6281002,5.9491590
-323.3155738,-358.2280421,5.9487020
-322.4723836,-358.8243909,5.9482540
-321.6265907,-359.4170294,5.9477542
-320.7781955,-360.0059493,5.9472164
-319.9272853,-360.5912331,5.9466799
-319.0738159,-361.1727729,5.9460981
-318.2178472,-361.7506183,5.9455106
-317.3594138,-362.3247982,5.9449180
-316.4985060,-362.8952492,5.9443125
-315.6351293,-363.4619453,5.9436878
-314.7693456,-364.0249417,5.9430579
-313.9010684,-364.5840713,5.9423677
-313.0303704,-365.1393928,5.9416499
-312.1573137,-365.6909841,5.9409350
-311.2818822,-366.2387730,5.9401962
-310.4041109,-366.7827768,5.9394530
-309.5240357,-367.3230276,5.9387154
-308.6416211,-367.8594223,5.9379504
-307.7568926,-368.3919611,5.9371620
-306.8699087,-368.9207086,5.9363754
-305.9806146,-369.4455403,5.9355448
-305.0890933,-369.9665371,5.9347045
-304.1953632,-370.4837205,5.9338834
-303.2994250,-370.9970400,5.9330447
-302.4012912,-371.5064942,5.9321922
-301.5010106,-372.0121098,5.9313594
-300.5985022,-372.5137280,5.9304689
-299.6938444,-373.0114215,5.9295502
-298.7870794,-373.5052520,5.9286413
-297.8781817,-373.9951442,5.9277197
-296.9672135,-374.4811436,5.9267938
-296.0541883,-374.9632683,5.9258837
-295.1390872,-375.4414263,5.9249599
-294.2219376,-375.9156345,5.9240175
-293.3027720,-376.3859315,5.9230831
-292.3815410,-376.8521628,5.9221035
-291.4583221,-377.3144444,5.9211258
-290.5331415,-377.7727938,5.9201496
-289.6059905,-378.2271536,5.9191726
-288.6768940,-378.6775384,5.9182046
-287.7458853,-379.1239741,5.9172422
-286.8129210,-379.5663023,5.9162414
-285.8780430,-380.0046120,5.9152232
-284.9412920,-380.4389220,5.9142197
-284.0026453,-380.8691469,5.9131983
-283.0621641,-381.2953629,5.9121858
-282.1198612,-381.7175731,5.9111877
-281.1757325,-382.1357024,5.9101767
-280.2298006,-382.5497721,5.9091656
-279.2820890,-382.9597875,5.9081688
-278.3325466,-383.3655768,5.9071190
-277.3812599,-383.7672831,5.9060720
-276.4282489,-384.1649125,5.9050341
-275.4735132,-384.5584182,5.9039891
-274.5170902,-384.9478230,5.9029609
-273.5589966,-385.3331363,5.9019552
-272.5992116,-385.7142299,5.9009149
-271.6377741,-386.0911807,5.8998755
-270.6747157,-386.4639797,5.8988459
-269.7100169,-386.8325380,5.8977832
-268.7437420,-387.1969548,5.8967437
-267.7759050,-387.5572217,5.8957151
-266.8065063,-387.9132802,5.8946869
-265.8355796,-388.2651592,5.8936650
-264.8631415,-388.6128471,5.8926565
-263.8891545,-388.9561686,5.8915846
-262.9136931,-389.2952828,5.8905250
-261.9367876,-389.6301734,5.8894758
-260.9584271,-389.9608098,5.8884153
-259.9786650,-390.2872373,5.8873759
-258.9975158,-390.6094518,5.8863478
-258.0149715,-390.9273480,5.8853007
-257.0310646,-391.2410046,5.8842586
-256.0458233,-391.5503862,5.8832175
-255.0592295,-391.8553919,5.8821402
-254.0713474,-392.1561647,5.8810760
-253.0821949,-392.4526751,5.8800158
-252.0917744,-392.7448854,5.8789624
-251.1001262,-393.0328371,5.8779177
-250.1072574,-393.3165159,5.8768764
-249.1131577,-393.5957687,5.8757878
-248.1178789,-393.8707505,5.8747048
-247.1214330,-394.1414211,5.8736235
-246.1238396,-394.4077455,5.8725306
-245.1251294,-394.6698087,5.8714511
-244.1253248,-394.9275895,5.8703801
-243.1244248,-395.1810128,5.8692960
-242.1224616,-395.4301541,5.8682202
-241.1194465,-395.6749518,5.8671392
-240.1153752,-395.9152994,5.8660043
-239.1102929,-396.1513715,5.8648828
-238.1042259,-396.3831235,5.8637607
-237.0971868,-396.6105370,5.8626399
-236.0891948,-396.8336663,5.8615344
-235.0802684,-397.0524838,5.8604331
-234.0704123,-397.2668657,5.8593000
-233.0596475,-397.4769565,5.8581724
-232.0480044,-397.6826839,5.8570340
-231.0354846,-397.8840197,5.8558838
-230.0221266,-398.0810715,5.8547464
-229.0079381,-398.2738018,5.8536194
-227.9929364,-398.4621672,5.8524847
-226.9771488,-398.6462302,5.8513700
-225.9605807,-398.8259134,5.8502443
-224.9432360,-399.0011066,5.8490610
-223.9251521,-399.1719963,5.8478995
-222.9063458,-399.3385241,5.8467319
-221.8868388,-399.5006899,5.8455683
-220.8666505,-399.6585462,5.8444303
-219.8457972,-399.8120660,5.8432904
-218.8242819,-399.9611490,5.8421392
-217.8021419,-400.1059178,5.8409990
-216.7793734,-400.2462675,5.8398487
-215.7560044,-400.3821834,5.8386733
-214.7320674,-400.5137830,5.8375230
-213.7075705,-400.6410154,5.8363777
-212.6825287,-400.7638580,5.8352398
-211.6569641,-400.8823740,5.8341163
-210.6308925,-400.9964827,5.8329877
-209.6043205,-401.1060927,5.8318202
-208.5772816,-401.2113673,5.8306778
-207.5497860,-401.3122170,5.8295267
-206.5218633,-401.4086627,5.8283791
-205.4935280,-401.5007693,5.8272498
-204.4647941,-401.5884907,5.8261325
-203.4356864,-401.6717642,5.8250043
-202.4062151,-401.7506905,5.8238965
-201.3764017,-401.8251330,5.8227660
-200.3462534,-401.8950847,5.8216032
-199.3158134,-401.9606801,5.8204693
-198.2850836,-402.0218517,5.8193401
-197.2540983,-402.0786086,5.8182120
-196.2228563,-402.1310020,5.8171043
-195.1913906,-402.1789549,5.8159976
-194.1597142,-402.2223993,5.8148593
-193.1278519,-402.2614698,5.8137495
-192.0958139,-402.2960527,5.8126180
-191.0636252,-402.3261912,5.8114887
-190.0312987,-402.3519544,5.8103825
-188.9988643,-402.3732940,5.8092807
-187.9663376,-402.3901744,5.8081789
-186.9337329,-402.4026756,5.8070991
-185.9010714,-402.4106416,5.8059841
-184.8683792,-402.4140613,5.8048468
-183.8356732,-402.4131023,5.8037244
-182.8029647,-402.4076707,5.8026001
-181.7702868,-402.3978057,5.8014812
-180.7376510,-402.3835471,5.8003905
-179.7050772,-402.3648296,5.7992959
-178.6725836,-402.3416043,5.7981859
-177.6401974,-402.3139796,5.7971045
-176.6079324,-402.2818163,5.7959869
-175.5758165,-402.2451779,5.7948687
-174.5438603,-402.2041419,5.7937694
-173.5120801,-402.1586492,5.7926750
-172.4805040,-402.1086973,5.7915756
-171.4491534,-402.0543442,5.7905103
-170.4180418,-401.9954561,5.7894104
-169.3871945,-401.9320417,5.7882872
-168.3566330,-401.8642237,5.7871868
-167.3263812,-401.7918999,5.7860708
-166.2964462,-401.7151406,5.7849549
-165.2668456,-401.6339776,5.7838694
-164.2376095,-401.5483558,5.7827742
-163.2087588,-401.4582503,5.7816749
-162.1803070,-401.3637498,5.7805881
-161.1522932,-401.2646790,5.7794620
-160.1247185,-401.1611400,5.7783184
-159.0976047,-401.0532044,5.7772003
-158.0709789,-400.9408174,5.7760755
-157.0448517,-400.8240034,5.7749522
-156.0192334,-400.7028140,5.7738401
-154.9941760,-400.5771270,5.7727074
-153.9696875,-400.4469717,5.7715545
-152.9457716,-400.3124411,5.7704155
-151.9224745,-400.1734156,5.7692510
-150.8997933,-400.0300034,5.7680828
-149.8777509,-399.8822366,5.7669292
-148.8563710,-399.7300636,5.7657770
-147.8356753,-399.5734980,5.7646109
-146.8156668,-399.4125891,5.7634649
-145.7964128,-399.2471548,5.7622484
-144.7779078,-399.0773201,5.7610241
-143.7601551,-398.9031697,5.7598030
-142.7431976,-398.7246412,5.7585762
-141.7270315,-398.5417951,5.7573461
-140.7116783,-398.3546626,5.7561383
-139.6971737,-398.1631587,5.7548989
-138.6835359,-397.9673193,5.7536550
-137.6707684,-397.7672097,5.7524113
-136.6589177,-397.5627059,5.7511246
-135.6479888,-397.3539450,5.7498424
-134.6379817,-397.1409506,5.7485698
-133.6289323,-396.9236875,5.7472901
-132.6208533,-396.7021904,5.7460106
-131.6137607,-396.4764982,5.7447407
-130.6077089,-396.2464594,5.7434184
-129.6026883,-396.0122035,5.7420877
-128.5987058,-395.7737753,5.7407623
-127.5957990,-395.5311275,5.7394173
-126.5939770,-395.2843465,5.7380796
-125.5932392,-395.0334483,5.7367602
-124.5936232,-394.7783694,5.7354210
-123.5951503,-394.5191766,5.7340786
-122.5978126,-394.2558794,5.7327425
-121.6016896,-393.9883655,5.7313522
-120.6067448,-393.7167986,5.7299667
-119.6129877,-393.4411807,5.7285967
-118.6204618,-393.1615045,5.7272144
-117.6291594,-392.8778142,5.7258417
-116.6390938,-392.5901337,5.7244793
-115.6503236,-392.2983416,5.7230830
-114.6628336,-392.0025763,5.7216809
-113.6766349,-391.7028347,5.7202831
-112.6917680,-391.3990825,5.7188606
-111.7082140,-391.0914269,5.7174556
-110.7259873,-390.7798692,5.7160626
-109.7451232,-390.4643785,5.7146526
-108.7656114,-390.1450162,5.7132610
-107.7874858,-389.8217684,5.7118560
-106.8108041,-389.4945204,5.7104008
-105.8355186,-389.1634590,5.7089632
-104.8616475,-388.8285790,5.7075155
-103.8892179,-388.4898783,5.7060743
-102.9182103,-388.1474218,5.7046413
-101.9486534,-387.8012149,5.7032184
-100.9805935,-387.4511863,5.7017602
-100.0139976,-387.0974449,5.7003196
-99.0489054,-386.7399628,5.6988680
-98.0853259,-386.3787214,5.6973913
-97.1232524,-386.0138467,5.6959372
-96.1626835,-385.6453215,5.6944833
-95.2036589,-385.2731475,5.6930210
-94.2461555,-384.8973861,5.6915765
-93.2902093,-384.5180060,5.6901281
-92.3358646,-384.1349403,5.6886301
-91.3830787,-383.7483590,5.6871495
-90.4318698,-383.3582199,5.6856645
-89.4822559,-382.9645636,5.6841689
-88.5342076,-382.5674518,5.6826927
-87.5877610,-382.1668855,5.6812220
-86.6429430,-381.7628268,5.6797338
-85.6997158,-381.3553791,5.6782631
-84.7581464,-380.9444857,5.6767728
-83.8182189,-380.5301495,5.6752600
-82.8799148,-380.1125124,5.6737584
-81.9432537,-379.6915413,5.6722651
-81.0082386,-379.2672645,5.6707640
-80.0748541,-378.8397483,5.6692823
-79.1431459,-378.4089607,5.6677925
-78.2131272,-377.9748752,5.6662785
-77.2847667,-377.5376323,5.6647831
-76.3580917,-377.0971747,5.6632669
-75.4330937,-376.6535663,5.6617530
-74.5097542,-376.2068744,5.6602582
-73.5880985,-375.7570957,5.6587699
-72.6681376,-375.3042300,5.6572774
-71.7498493,-374.8483713,5.6557987
-70.8332855,-374.3894219,5.6542929
-69.9184441,-373.9274476,5.6527650
-69.0052759,-373.4625566,5.6512581
-68.0938048,-372.9947264,5.6497519
-67.1840303,-372.5240122,5.6482473
-66.2759314,-372.0504687,5.6467648
-65.3695410,-371.5740652,5.6452795
-64.4648526,-371.0948180,5.6437792
-63.5618479,-370.6128308,5.6422925
-62.6605690,-370.1280372,5.6407879
-61.7609722,-369.6405284,5.6392856
-60.8630503,-369.1503598,5.6378031
-59.9668061,-368.6575292,5.6363195
-59.0722451,-368.1620666,5.6348434
-58.1793445,-367.6640365,5.6333799
-57.2881609,-367.1633626,5.6318841
-56.3986565,-366.6601226,5.6303874
-55.5108003,-366.1543953,5.6288993
-54.6246120,-365.6461616,5.6274022
-53.7400695,-365.1354927,5.6259185
-52.8571608,-364.6224294,5.6244469
-51.9758945,-364.1069470,5.6229655
-51.0962670,-363.5890991,5.6214820
-50.2182541,-363.0689292,5.6200035
-49.3419027,-362.5463848,5.6185036
-48.4671498,-362.0215774,5.6170007
-47.5939911,-361.4945377,5.6155127
-46.7224242,-360.9652743,5.6140139
-45.8524410,-360.4338340,5.6125277
-44.9840125,-359.9002477,5.6110410
-44.1171897,-359.3644744,5.6095291
-43.2519196,-358.8265997,5.6080192
-42.3881913,-358.2866534,5.6065110
-41.5260108,-357.7446380,5.6049855
-40.6653481,-357.2006270,5.6034698
-39.8061804,-356.6546384,5.6019627
-38.9485277,-356.1066777,5.6004429
-38.0923568,-355.5568010,5.5989231
-37.2376687,-355.0050134,5.5973952
-36.3844944,-354.4512907,5.5958432
-35.5327540,-353.8957354,5.5942958
-34.6824616,-353.3383692,5.5927452
-33.8336000,-352.7792131,5.5911833
-32.9861446,-352.2183110,5.5896353
-32.1400843,-351.6556820,5.5880820
-31.2954367,-351.0913075,5.5865107
-30.4521595,-350.5252793,5.5849410
-29.6102599,-349.9575820,5.5833638
-28.7697222,-349.3882443,5.5817797
-27.9304986,-348.8173289,5.5801930
-27.0925982,-348.2448523,5.5786119
-26.2560136,-347.6708258,5.5770223
-25.4207031,-347.0953052,5.5754315
-24.5866929,-346.5182708,5.5738351
-23.7539661,-345.9397339,5.5722127
-22.9224839,-345.3597832,5.5705970
-22.0922362,-344.7784043,5.5689779
-21.2632116,-344.1956487,5.5673521
-20.4353734,-343.6115443,5.5657357
-19.6087274,-343.0261037,5.5641141
-18.7832621,-342.4393332,5.5624795
-17.9589482,-341.8512933,5.5608483
-17.1357993,-341.2619556,5.5592068
-16.3137799,-340.6713753,5.5575533
-15.4928652,-340.0795907,5.5559038
-14.6730461,-339.4866043,5.5542604
-13.8543059,-338.8924449,5.5526077
-13.0366275,-338.2971550,5.5509619
-12.2200153,-337.7007065,5.5492971
-11.4044477,-337.1031381,5.5476367
-10.5898971,-336.5044949,5.5459747
-9.7763584,-335.9047679,5.5443004
-8.9638118,-335.3040031,5.5426309
-8.1522333,-334.7022203,5.5409702
-7.3416232,-334.0994265,5.5393027
-6.5319596,-333.4956460,5.5376312
-5.7232224,-332.8908945,5.5359657
-4.9154389,-332.2851606,5.5342899
-4.1085519,-331.6785009,5.5326055
-3.3025602,-331.0709321,5.5309277
-2.4974502,-330.4624614,5.5292546
-1.6931997,-329.8531234,5.5275763
-0.8897951,-329.2429245,5.5259058
-0.0872538,-328.6318646,5.5242323
0.7144710,-328.0199818,5.5225520
1.5153737,-327.4072821,5.5208764
2.3154692,-326.7937733,5.5192022
3.1147827,-326.1794956,5.5175316
3.9133189,-325.5644614,5.5158619
4.7110880,-324.9486752,5.5141888
5.5081111,-324.3321634,5.5125267
6.3043822,-323.7149283,5.5108576
7.0999175,-323.0969616,5.5091856
7.8947294,-322.4783275,5.5075167
8.6888389,-321.8590172,5.5058457
9.4822609,-321.2390436,5.5041806
10.2749997,-320.6184406,5.5025250
11.0670743,-319.9972095,5.5008613
11.8584783,-319.3753555,5.4992066
12.6492495,-318.7529092,5.4975464
13.4393694,-318.1298609,5.4958934
14.2288717,-317.5062378,5.4942286
15.0177580,-316.8820660,5.4925811
15.8060557,-316.2573430,5.4909233
16.5937577,-315.6320910,5.4892797
17.3808987,-315.0063217,5.4876281
18.1674551,-314.3800333,5.4859828
18.9534693,-313.7532416,5.4843271
19.7389388,-313.1259751,5.4826776
20.5238721,-312.4982295,5.4810291
21.3082911,-311.8700294,5.4793815
22.0922073,-311.2413843,5.4777404
22.8756304,-310.6122990,5.4760872
23.6585657,-309.9827864,5.4744464
24.4410341,-309.3528591,5.4727959
25.2230279,-308.7225114,5.4711433
26.0045703,-308.0917758,5.4694899
26.7856733,-307.4606557,5.4678428
27.5663499,-306.8291584,5.4661834
28.3466042,-306.1973034,5.4645316
29.1264467,-305.5650965,5.4628777
29.9058872,-304.9325333,5.4612174
30.6849408,-304.2996363,5.4595568
31.4636062,-303.6664111,5.4578913
32.2419009,-303.0328633,5.4562226
33.0198301,-302.3990167,5.4545540
33.7974138,-301.7648629,5.4528828
34.5746404,-301.1304242,5.4512089
35.3515407,-300.4957035,5.4495286
36.1281003,-299.8607070,5.4478413
36.9043410,-299.2254316,5.4461503
37.6802604,-298.5899103,5.4444582
38.4558790,-297.9541344,5.4427562
39.2311962,-297.3181225,5.4410525
40.0062225,-296.6818826,5.4393478
40.7809599,-296.0454175,5.4376406
41.5554211,-295.4087328,5.4359222
42.3296181,-294.7718434,5.4341944
43.1035350,-294.1347527,5.4324613
43.8771973,-293.4974700,5.4307261
44.6506117,-292.8600017,5.4289875
45.4237804,-292.2223597,5.4272379
46.1967064,-291.5845553,5.4254775
46.9694002,-290.9465862,5.4237209
47.7418637,-290.3084601,5.4219489
48.5141029,-289.6701937,5.4201639
49.2861298,-289.0317828,5.4183824
50.0579482,-288.3932414,5.4165852
50.8295639,-287.7545767,5.4147827
51.6009863,-287.1157933,5.4129732
52.3722117,-286.4769035,5.4111482
53.1432551,-285.8379068,5.4093228
53.9141218,-285.1988116,5.4074807
54.6848125,-284.5596200,5.4056347
55.4553335,-283.9203504,5.4037733
56.2257058,-283.2809936,5.4019003
56.9959158,-282.6415691,5.4000164
57.7659824,-282.0020759,5.3981308
58.5359103,-281.3625187,5.3962245
59.3057073,-280.7228960,5.3943130
60.0753720,-280.0832252,5.3923895
60.8449176,-279.4435090,5.3904447
61.6143482,-278.8037454,5.3884956
62.3836717,-278.1639424,5.3865396
63.1528991,-277.5241030,5.3845629
63.9220310,-276.8842343,5.3825725
64.6910685,-276.2443407,5.3805764
65.4600332,-275.6044169,5.3785570
66.2289167,-274.9644750,5.3765322
66.9977314,-274.3245157,5.3744926
67.7664831,-273.6845442,5.3724401
68.5351803,-273.0445602,5.3703742
69.3038222,-272.4045707,5.3682945
70.0724230,-271.7645742,5.3662015
70.8409841,-271.1245762,5.3640880
71.6095062,-270.4845781,5.3619695
72.3780014,-269.8445812,5.3598322
73.1464728,-269.2045867,5.3576893
73.9149223,-268.5646041,5.3555214
74.6833584,-267.9246252,5.3533489
75.4517781,-267.2846647,5.3511606
76.2201959,-266.6447088,5.3489608
76.9886063,-266.0047725,5.3467466
77.7570170,-265.3648541,5.3445151
78.5254289,-264.7249527,5.3422765
79.2938469,-264.0850676,5.3400311
80.0622718,-263.4452057,5.3377721
80.8307020,-262.8053715,5.3354992
81.5991466,-262.1655599,5.3332146
82.3676054,-261.5257727,5.3309255
83.1360763,-260.8860167,5.3286260
83.9045634,-260.2462903,5.3263162
84.6730671,-259.6065961,5.3239962
85.4415911,-258.9669288,5.3216739
86.2101290,-258.3273027,5.3193434
86.9786861,-257.6877107,5.3170040
87.7472700,-257.0481497,5.3146644
88.5158688,-256.4086309,5.3123176
89.2844834,-255.7691528,5.3099681
90.0531174,-255.1297155,5.3076106
90.8217685,-254.4903160,5.3052503
91.5904416,-253.8509547,5.3028805
92.3591222,-253.2116412,5.3005059
93.1278195,-252.5723677,5.2981282
93.8965333,-251.9331355,5.2957455
94.6652639,-251.2939479,5.2933585
95.4340031,-250.6548052,5.2909632
96.2027521,-250.0157076,5.2885689
96.9715088,-249.3766604,5.2861652
97.7402828,-248.7376521,5.2837524
98.5090599,-248.0986933,5.2813372
99.2778502,-247.4597778,5.2789179
100.0466442,-246.8209102,5.2764929
100.8154449,-246.1820898,5.2740620
101.5842493,-245.5433194,5.2716237
102.3530645,-244.9045871,5.2691853
103.1218829,-244.2659042,5.2667364
103.8907067,-243.6272638,5.2642844
104.6595391,-242.9886680,5.2618215
105.4283737,-242.3501151,5.2593611
106.1972169,-241.7116021,5.2568950
106.9660688,-241.0731283,5.2544211
107.7349199,-240.4347007,5.2519395
108.5037814,-239.7963083,5.2494568
109.2726529,-239.1579530,5.2469643
110.0415314,-238.5196296,5.2444762
110.8104152,-237.8813475,5.2419768
111.5793146,-237.2430967,5.2394666
112.3482193,-236.6048802,5.2369587
113.1171399,-235.9666896,5.2344448
113.8860717,-235.3285305,5.2319255
114.6550114,-234.6904032,5.2294075
115.4239761,-234.0522942,5.2268763
116.1929474,-233.4142184,5.2243458
116.9619363,-232.7761636,5.2218175
117.7309506,-232.1381293,5.2192750
118.4999757,-231.5001224,5.2167338
119.2690261,-230.8621320,5.2141940
120.0380925,-230.2241635,5.2116495
120.8071818,-229.5862129,5.2091068
121.5762974,-228.9482807,5.2065607
122.3454336,-228.3103680,5.2040100
123.1145941,-227.6724719,5.2014645
123.8837781,-227.0345935,5.1989233
124.6529951,-226.3967296,5.1963735
125.4222301,-225.7588824,5.1938373
126.1914986,-225.1210467,5.1913018
126.9607889,-224.4832344,5.1887670
127.7301118,-223.8454329,5.1862337
128.4994559,-223.2076518,5.1837114
129.2688362,-222.5698773,5.1812004
130.0382402,-221.9321232,5.1786938
130.8076690,-221.2943893,5.1761934
131.5771348,-220.6566638,5.1736994
132.3466232,-220.0189580,5.1712204
133.1161359,-219.3812703,5.1687509
133.8856783,-218.7435943,5.1662970
134.6552507,-218.1059339,5.1638543
135.4248478,-217.4682926,5.1614223
136.1944689,-216.8306697,5.1590017
136.9641087,-216.1930609,5.1566087
137.7337804,-215.5554665,5.1542210
138.5034669,-214.9178934,5.1518549
139.2731801,-214.2803298,5.1495091
140.0429091,-213.6427862,5.1471772
140.8126525,-213.0052627,5.1448682
141.5824200,-212.3677448,5.1425803
142.3521985,-211.7302518,5.1403082
143.1219918,-211.0927702,5.1380579
143.8917957,-210.4552995,5.1358386
144.6616115,-209.8178451,5.1336325
145.4314296,-209.1804086,5.1314492
146.2012561,-208.5429821,5.1292957
146.9710912,-207.9055661,5.1271638
147.7409261,-207.2681656,5.1250527
148.5107657,-206.6307707,5.1229706
149.2805986,-205.9933919,5.1209163
150.0504357,-205.3560180,5.1188818
150.8202618,-204.7186590,5.1168740
151.5900860,-204.0813047,5.1148935
152.3599028,-203.4439576,5.1129461
153.1297093,-202.8066228,5.1110163
153.8995065,-202.1692913,5.1091181
154.6692927,-201.5319669,5.1072444
155.4390683,-200.8946458,5.1054010
156.2088308,-200.2573318,5.1035807
156.9785786,-199.6200207,5.1017885
157.7483071,-198.9827146,5.1000340
158.5180218,-198.3454138,5.0983000
159.2877249,-197.7081123,5.0965924
160.0574095,-197.0708160,5.0949124
160.8270790,-196.4335219,5.0932587
161.5967303,-195.7962289,5.0916377
162.3663651,-195.1589398,5.0900418
163.1359874,-194.5216477,5.0884712
163.9055961,-193.8843544,5.0869310
164.6751891,-193.2470626,5.0854233
165.4447706,-192.6097680,5.0839382
166.2143345,-191.9724760,5.0824851
166.9838936,-191.3351784,5.0810536
167.7534417,-190.6978791,5.0796535
168.5229856,-190.0605755,5.0782747
169.2925195,-189.4232701,5.0769273
170.0620533,-188.7859526,5.0756089
170.8315778,-188.1486373,5.0743132
171.6011039,-187.5113106,5.0730478
172.3706287,-186.8739792,5.0718059
173.1401538,-186.2366376,5.0705936
173.9096842,-185.5992887,5.0694057
174.6792202,-184.9619267,5.0682486
175.4487638,-184.3245561,5.0671087
176.2183154,-183.6871717,5.0660010
176.9878752,-183.0497754,5.0649181
177.7574448,-182.4123676,5.0638615
178.5270314,-181.7749424,5.0628234
179.2966280,-181.1375021,5.0618207
180.0662453,-180.5000422,5.0608384
180.8358734,-179.8625697,5.0598776
181.6055251,-179.2250765,5.0589384
182.3751892,-178.5875657,5.0580304
183.1448770,-177.9500318,5.0571457
183.9145824,-177.3124829,5.0562782
184.6843062,-176.6749096,5.0554438
185.4540547,-176.0373178,5.0546209
186.2238209,-175.3997009,5.0538332
186.9936067,-174.7620685,5.0530595
187.7634184,-174.1244097,5.0523072
188.5332456,-173.4867318,5.0515853
189.3030906,-172.8490396,5.0508718
190.0729640,-172.2113178,5.0501918
190.8428497,-171.5735805,5.0495280
191.6127546,-170.9358261,5.0488840
192.3826830,-170.2980528,5.0482520
193.1526282,-169.6602616,5.0476486
193.9225817,-169.0224593,5.0470653
194.6925612,-168.3846386,5.0464889
195.4625525,-167.7468027,5.0459424
196.2325550,-167.1089627,5.0454047
197.0025773,-166.4711061,5.0448903
197.7726087,-165.8332466,5.0443842
198.5426529,-165.1953801,5.0438955
199.3127077,-164.5575088,5.0434242
200.0827768,-163.9196351,5.0429634
200.8528522,-163.2817651,5.0425125
201.6229374,-162.6438957,5.0420802
202.3930387,-162.0060290,5.0416505
203.1631443,-161.3681691,5.0412391
203.9332600,-160.7303157,5.0408390
204.7033796,-160.0924802,5.0404419
205.4735081,-159.4546561,5.0400562
206.2436512,-158.8168457,5.0396743
207.0137994,-158.1790523,5.0393018
207.7839559,-157.5412770,5.0389403
208.5541229,-156.9035261,5.0385749
209.3242974,-156.2657977,5.0382185
210.0944782,-155.6280991,5.0378653
210.8646710,-154.9904232,5.0375215
211.6348800,-154.3527749,5.0371720
212.4050948,-153.7151611,5.0368244
213.1753245,-153.0775730,5.0364842
213.9455699,-152.4400164,5.0361380
214.7158245,-151.8025013,5.0357934
215.4860983,-151.1650148,5.0354481
216.2563811,-150.5275695,5.0351026
217.0266923,-149.8901552,5.0347492
217.7970125,-149.2527791,5.0344026
218.5673532,-148.6154399,5.0340465
219.3377172,-147.9781359,5.0336896
220.1080947,-147.3408719,5.0333303
220.8785014,-146.7036430,5.0329615
221.6489292,-146.0664486,5.0325971
222.4193835,-145.4292898,5.0322232
223.1898546,-144.7921744,5.0318368
223.9603586,-144.1550828,5.0314559
224.7308840,-143.5180295,5.0310618
225.5014360,-142.8810077,5.0306641
226.2720078,-142.2440222,5.0302617
227.0426165,-141.6070573,5.0298540
227.8132460,-140.9701300,5.0294328
228.5839034,-140.3332242,5.0290145
229.3545876,-139.6963465,5.0285817
230.1252978,-139.0594932,5.0281419
230.8960372,-138.4226594,5.0276959
231.6668018,-137.7858443,5.0272419
232.4375943,-137.1490502,5.0267741
233.2084136,-136.5122664,5.0263046
233.9792500,-135.8755025,5.0258274
234.7501137,-135.2387477,5.0253410
235.5210036,-134.6020018,5.0248378
236.2919131,-133.9652629,5.0243332
237.0628364,-133.3285342,5.0238183
237.8337871,-132.6917977,5.0233010
238.6047588,-132.0550636,5.0227653
239.3757420,-131.4183318,5.0222187
240.1467445,-130.7815882,5.0216680
240.9177621,-130.1448386,5.0211047
241.6887907,-129.5080785,5.0205302
242.4598359,-128.8712994,5.0199502
243.2308859,-128.2345068,5.0193574
244.0019500,-127.5976917,5.0187511
244.7730168,-126.9608554,5.0181386
245.5440951,-126.3239873,5.0175113
246.3151777,-125.6870867,5.0168783
247.0862611,-125.0501520,5.0162372
247.8573449,-124.4131842,5.0155747
248.6284294,-123.7761680,5.0149111
249.3995138,-123.1391042,5.0142322
250.1705918,-122.5019867,5.0135446
250.9416646,-121.8648152,5.0128412
251.7127307,-121.2275759,5.0121369
252.4837902,-120.5902683,5.0114161
253.2548371,-119.9528881,5.0106856
254.0258761,-119.3154255,5.0099474
254.7968954,-118.6778811,5.0091920
255.5678932,-118.0402433,5.0084348
256.3388771,-117.4025015,5.0076689
257.1098387,-116.7646532,5.0068862
257.8807682,-116.1266952,5.0061023
258.6516785,-115.4886080,5.0053097
259.4225525,-114.8503973,5.0045002
260.1933895,-114.2120472,5.0036981
260.9641992,-113.5735450,5.0028805
261.7349578,-112.9348898,5.0020539
262.5056697,-112.2960722,5.0012281
263.2763336,-111.6570780,5.0003936
264.0469483,-111.0178970,4.9995535
264.8175028,-110.3785263,4.9987144
265.5879900,-109.7389571,4.9978690
266.3584131,-109.0991708,4.9970185
267.1287608,-108.4591627,4.9961701
267.8990220,-107.8189234,4.9953158
268.6692024,-107.1784319,4.9944639
269.4392836,-106.5376940,4.9936172
270.2092697,-105.8966890,4.9927660
270.9791545,-105.2554074,4.9919195
271.7489237,-104.6138486,4.9910722
272.5185702,-103.9719878,4.9902285
273.2880876,-103.3298179,4.9893895
274.0574737,-102.6873290,4.9885579
274.8267073,-102.0445149,4.9877220
275.5957898,-101.4013638,4.9868944
276.3647128,-100.7578619,4.9860814
277.1334681,-100.1140004,4.9852676
277.9020473,-99.4697659,4.9844681
278.6704378,-98.8251523,4.9836688
279.4386106,-98.1801408,4.9828773
280.2065903,-97.5347174,4.9820938
280.9743486,-96.8888878,4.9813165
281.7418765,-96.2426296,4.9805513
282.5091756,-95.5959389,4.9797942
283.2762250,-94.9488042,4.9790496
284.0430187,-94.3012015,4.9783062
284.8095433,-93.6531377,4.9775746
285.5757874,-93.0045871,4.9768521
286.3417416,-92.3555373,4.9761371
287.1074034,-91.7059914,4.9754245
287.8727588,-91.0559266,4.9747277
288.6377901,-90.4053384,4.9740358
289.4025051,-89.7542128,4.9733450
290.1668693,-89.1025293,4.9726698
290.9308771,-88.4502753,4.9719857
291.6945329,-87.7974424,4.9713219
292.4578086,-87.1440236,4.9706473
293.2207080,-86.4899980,4.9699876
293.9832205,-85.8353659,4.9693295
294.7453325,-85.1800996,4.9686733
295.5070271,-84.5241879,4.9680182
296.2683026,-83.8676273,4.9673679
297.0291296,-83.2103759,4.9667091
297.7895159,-82.5524345,4.9660491
298.5494507,-81.8937972,4.9653953
299.3089134,-81.2344468,4.9647380
300.0679025,-80.5743676,4.9640752
300.8264112,-79.9135471,4.9634177
301.5844101,-79.2519500,4.9627460
302.3418902,-78.5895781,4.9620808
303.0988544,-77.9264150,4.9613984
303.8552729,-77.2624314,4.9607175
304.6111590,-76.5976291,4.9600278
305.3664881,-75.9319910,4.9593359
306.1212449,-75.2654906,4.9586366
306.8754278,-74.5981219,4.9579259
307.6290114,-73.9298578,4.9572149
308.3819624,-73.2606632,4.9564774
309.1343040,-72.5905502,4.9557363
309.8860129,-71.9194907,4.9549941
310.6370712,-71.2474812,4.9542366
311.3874829,-70.5745024,4.9534748
312.1372258,-69.9005379,4.9526980
312.8862699,-69.2255446,4.9519147
313.6346197,-68.5495432,4.9511191
314.3822466,-67.8724824,4.9503182
315.1291352,-67.1943617,4.9494919
315.8752919,-66.5151735,4.9486699
316.6206989,-65.8348918,4.9478347
317.3653208,-65.1535082,4.9469921
318.1091769,-64.4710047,4.9461416
318.8522087,-63.7873459,4.9452789
319.5944017,-63.1025138,4.9443952
320.3357776,-62.4165169,4.9435064
321.0762938,-61.7293155,4.9426106
321.8159435,-61.0409163,4.9417072
322.5547308,-60.3513043,4.9407938
323.2926073,-59.6604530,4.9398786
324.0295626,-58.9683373,4.9389547
324.7656018,-58.2749610,4.9380226
325.5006553,-57.5802671,4.9370718
326.2347447,-56.8842691,4.9361115
326.9678643,-56.1869579,4.9351541
327.6999713,-55.4883145,4.9341865
328.4310623,-54.7883272,4.9332227
329.1611324,-54.0869822,4.9322590
329.8901199,-53.3842319,4.9312722
330.6180309,-52.6800803,4.9302888
331.3448524,-51.9745258,4.9292976
332.0705409,-51.2675275,4.9282992
332.7951147,-50.5590985,4.9272994
333.5185429,-49.8492285,4.9263067
334.2407969,-49.1378755,4.9253148
334.9618702,-48.4250471,4.9243229
335.6817305,-47.7107242,4.9233223
336.4003134,-46.9948336,4.9223060
337.1176539,-46.2774339,4.9212957
337.8337286,-45.5584914,4.9202875
338.5485074,-44.8379991,4.9192749
339.2619897,-44.1159485,4.9182797
339.9741508,-43.3923288,4.9172780
340.6849186,-42.6670942,4.9162764
341.3943333,-41.9402649,4.9152805
342.1023386,-41.2118046,4.9142789
342.8089060,-40.4816958,4.9132765
343.5140535,-39.7499670,4.9122762
344.2177418,-39.0165890,4.9112956
344.9199418,-38.2815445,4.9103067
345.6206610,-37.5448407,4.9093304
346.3198340,-36.8064284,4.9083567
347.0174097,-36.0662857,4.9073661
347.7134444,-35.3244478,4.9063828
348.4078674,-34.5808823,4.9054045
349.1006813,-33.8355834,4.9044304
349.7918777,-33.0885677,4.9034718
350.4814170,-32.3397981,4.9025159
351.1692569,-31.5892509,4.9015562
351.8554154,-30.8369554,4.9006033
352.5398087,-30.0828347,4.8996426
353.2224405,-29.3269140,4.8986798
353.9033204,-28.5692155,4.8977292
354.5824114,-27.8096962,4.8967808
355.2596888,-27.0483617,4.8958358
355.9351541,-26.2852151,4.8949110
356.6087356,-25.5201987,4.8939662
357.2804090,-24.7533220,4.8930136
357.9502035,-23.9845986,4.8920782
358.6180468,-23.2139766,4.8911297
359.2839528,-22.4414947,4.8901861
359.9479188,-21.6671394,4.8892530
360.6098899,-20.8908874,4.8883151
361.2698470,-20.1127288,4.8873835
361.9277976,-19.3326703,4.8864518
362.5836096,-18.5506336,4.8854933
363.2373523,-17.7666533,4.8845397
363.8890117,-16.9807601,4.8835837
364.5385483,-16.1929024,4.8826290
365.1859575,-15.4031060,4.8816786
365.8312260,-14.6113703,4.8807362
366.4742779,-13.8176253,4.8797751
367.1151289,-13.0219014,4.8788131
367.7537560,-12.2241983,4.8778587
368.3900894,-11.4244667,4.8768764
369.0241799,-10.6227456,4.8759095
369.6559924,-9.8190365,4.8749419
370.2854869,-9.0133019,4.8739708
370.9126602,-8.2055582,4.8730139
371.5374859,-7.3957903,4.8720528
372.1598527,-6.5839165,4.8710508
372.7798273,-5.7700238,4.8700576
373.3973823,-4.9540802,4.8690675
374.0124767,-4.1360768,4.8680769
374.6251318,-3.3160361,4.8670862
375.2353127,-2.4939486,4.8661093
375.8429388,-1.6697638,4.8651237
376.4480562,-0.8435205,4.8641381
377.0505868,-0.0151924,4.8631466
377.6504724,0.8152623,4.8621395
378.2477853,1.6477793,4.8611399
378.8424738,2.4823860,4.8601468
379.4344930,3.3190825,4.8591554
380.0238645,4.1578562,4.8581727
380.6105224,4.9987283,4.8571949
381.1943791,5.8417534,4.8561859
381.7755109,6.6868602,4.8551901
382.3538380,7.5340871,4.8541929
382.9293471,8.3834268,4.8531921
383.5020623,9.2348530,4.8522158
384.0719303,10.0883739,4.8512396
384.6388954,10.9440277,4.8502558
385.2029927,11.8017684,4.8492898
385.7641009,12.6616519,4.8483073
386.3221831,13.5236870,4.8473036
386.8773189,14.3878019,4.8463199
387.4294397,15.2540293,4.8453308
387.9785281,16.1223684,4.8443557
388.5245952,16.9927803,4.8433934
389.0675639,17.8653025,4.8424247
389.6073641,18.7399581,4.8414489
390.1440672,19.6166812,4.8404861
390.6775567,20.4955326,4.8395012
391.2078443,21.3764750,4.8385257
391.7349608,22.2594790,4.8375637
392.2588479,23.1445689,4.8366071
392.7794532,24.0317290,4.8356520
393.2968235,24.9209427,4.8347105
393.8107935,25.8122626,4.8337503
394.3213703,26.7056782,4.8327643
394.8286250,27.6011196,4.8317968
395.3324643,28.4986247,4.8308285
395.8329118,29.3981650,4.8298584
396.3299635,30.2997120,4.8289135
396.8235408,31.2032895,4.8279636
397.3136098,32.1089125,4.8270080
397.8002095,33.0165168,4.8260667
398.2831882,33.9261741,4.8250958
398.7626088,34.8378241,4.8241287
399.2384959,35.7514440,4.8231704
399.7107743,36.6670418,4.8222193
400.1794390,37.5846048,4.8212637
400.6445047,38.5041027,4.8203327
401.1058189,39.4255945,4.8193764
401.5634089,40.3490347,4.8184070
402.0173249,41.2743939,4.8174532
402.4674510,42.2016963,4.8164823
402.9138509,43.1308960,4.8155146
403.3565098,44.0619703,4.8145775
403.7953595,44.9949441,4.8136255
404.2303805,45.9297955,4.8126767
404.6615929,46.8664914,4.8117433
405.0888101,47.8051010,4.8107662
405.5121481,48.7455542,4.8097833
405.9316128,49.6878117,4.8088194
406.3471403,50.6318999,4.8078579
406.7587467,51.5777746,4.8069024
407.1664395,52.5254212,4.8059583
407.5700747,53.4748725,4.8049937
407.9697041,54.4260963,4.8040276
408.3653320,55.3790513,4.8030791
408.7568495,56.3337743,4.8020972
409.1443473,57.2902026,4.8011354
409.5278138,58.2483238,4.8001848
409.9071786,59.2081380,4.7992363
410.2824567,60.1696183,4.7982923
410.6536454,61.1327512,4.7973620
411.0205396,62.0975817,4.7963843
411.3832883,63.0640386,4.7954125
411.7418989,64.0320958,4.7944455
412.0963036,65.0017596,4.7934822
412.4465501,65.9729838,4.7925338
412.7926329,66.9457505,4.7916038
413.1344405,67.9200871,4.7906506
413.4720238,68.8959438,4.7897113
413.8053726,69.8733142,4.7887861
414.1343531,70.8522051,4.7878210
414.4591063,71.8325609,4.7868727
414.7796040,72.8143598,4.7859447
415.0958041,73.7976049,4.7850104
415.4077259,74.7822594,4.7840978
415.7153683,75.7683149,4.7831998
416.0185542,76.7557962,4.7822624
416.3174224,77.7446318,4.7813371
416.6119548,78.7348169,4.7804200
416.9020956,79.7263516,4.7794956
417.1879188,80.7191778,4.7785852
417.4694070,81.7132902,4.7777030
417.7464729,82.7086812,4.7768068
418.0191788,83.7053299,4.7759281
418.2874814,84.7032138,4.7750496
418.5512346,85.7023615,4.7741337
418.8106097,86.7026835,4.7732418
419.0655792,87.7041916,4.7723580
419.3161069,88.7068593,4.7714750
419.5622325,89.7106598,4.7706158
419.8039400,90.7155700,4.7697714
420.0410842,91.7216073,4.7688891
420.2737902,92.7287221,4.7680375
420.5020123,93.7368998,4.7671803
420.7256928,94.7461259,4.7663105
420.9449388,95.7563656,4.7654638
421.1597193,96.7675937,4.7646260
421.3699715,97.7798124,4.7637961
421.5757552,98.7929753,4.7629868
421.7770053,99.8070786,4.7621713
421.9735613,100.8221211,4.7613119
422.1656337,101.8380493,4.7604658
422.3531654,102.8548480,4.7596372
422.5361464,103.8724928,4.7588056
422.7146299,104.8909568,4.7579922
422.8885890,105.9102084,4.7571966
423.0579069,106.9302609,4.7563843
423.2227032,107.9510586,4.7555947
423.3828988,108.9726006,4.7547953
423.5384338,109.9948594,4.7539782
423.6894561,111.0177985,4.7531811
423.8359081,112.0413963,4.7524044
423.9777689,113.0656474,4.7516255
424.1150910,114.0904983,4.7508711
424.2478157,115.1159481,4.7501205
424.3758127,116.1419829,4.7493358
424.4992728,117.1685666,4.7485755
424.6181184,118.1956679,4.7478084
424.7323500,119.2232734,4.7470583
424.8420501,120.2513526,4.7463268
424.9471821,121.2798826,4.7456172
425.0476698,122.3088489,4.7448992
425.1436227,123.3382192,4.7442044
425.2349293,124.3679790,4.7435074
425.3215416,125.3981137,4.7427912
425.4036301,126.4285837,4.7421088
425.4811387,127.4593733,4.7414319
425.5540666,128.4904608,4.7407698
425.6224710,129.5218229,4.7401461
425.6863026,130.5534347,4.7395276
425.7454585,131.5852887,4.7388978
425.8001063,132.6173477,4.7382985
425.8501459,133.6496027,4.7376983
425.8956020,134.6820246,4.7371108
425.9365645,135.7146002,4.7365630
425.9730032,136.7472989,4.7360271
426.0048659,137.7801050,4.7355096
426.0322573,138.8130046,4.7350166
426.0550311,139.8459701,4.7345270
426.0731471,140.8789902,4.7340088
426.0868057,141.9120322,4.7335225
426.0959252,142.9450882,4.7330511
426.1005390,143.9781272,4.7325926
426.1007046,145.0111390,4.7321646
426.0963699,146.0441116,4.7317477
426.0874650,147.0770088,4.7313205
426.0741235,148.1098191,4.7309216
426.0562207,149.1425305,4.7305108
426.0337948,150.1751140,4.7300983
426.0069551,151.2075504,4.7297070
425.9756448,152.2398398,4.7293272
425.9398550,153.2719437,4.7289468
425.8996598,154.3038545,4.7286014
425.8549409,155.3355550,4.7282391
425.8056689,156.3670148,4.7278475
425.7520020,157.3982228,4.7274900
425.6938439,158.4291626,4.7271209
425.6312473,159.4598165,4.7267621
425.5642675,160.4901775,4.7264300
425.4928537,161.5202068,4.7261067
425.4169600,162.5499058,4.7257763
425.3366938,163.5792476,4.7254729
425.2518988,164.6082070,4.7251447
425.1626254,165.6367712,4.7248161
425.0689928,166.6649337,4.7245054
424.9709278,167.6926715,4.7242065
424.8684529,168.7199616,4.7239155
424.7616244,169.7468012,4.7236491
424.6503365,170.7731572,4.7233751
424.5345676,171.7990133,4.7230930
424.4144497,172.8243637,4.7228357
424.2898577,173.8491744,4.7225619
424.1608736,174.8734363,4.7222980
424.0275445,175.8971442,4.7220651
423.8898239,176.9202642,4.7218400
423.7476886,177.9427928,4.7216154
423.6012216,178.9647109,4.7214165
423.4502331,179.9859720,4.7211832
423.2947980,181.0065662,4.7209370
423.1350334,182.0265087,4.7207170
422.9708643,183.0457536,4.7204885
422.8023344,184.0642947,4.7202813
422.6294871,185.0821197,4.7200937
422.4522340,186.0991954,4.7198948
422.2705690,187.1155073,4.7196848
422.0845894,188.1310401,4.7194997
421.8941451,189.1457691,4.7192863
421.6993550,190.1596736,4.7190769
421.5002585,191.1727648,4.7188802
421.2968129,192.1849899,4.7186858
421.0890233,193.1963469,4.7184898
420.8769457,194.2068306,4.7183148
420.6604183,195.2163780,4.7181024
420.4395230,196.2249855,4.7178677
420.2143487,197.2326547,4.7176475
419.9848096,198.2393531,4.7174134
419.7509897,199.2450642,4.7171822
419.5129148,200.2497945,4.7169616
419.2705144,201.2534882,4.7167362
419.0238085,202.2561417,4.7164940
418.7728607,203.2577396,4.7162530
418.5175038,204.2582317,4.7159695
418.2578855,205.2576208,4.7156862
417.9940459,206.2559082,4.7154008
417.7259401,207.2530513,4.7151105
417.4536056,208.2490489,4.7148111
417.1770792,209.2438855,4.7145291
416.8962284,210.2375071,4.7141956
416.6111394,211.2299091,4.7138506
416.3218592,212.2210990,4.7135105
416.0283088,213.2110161,4.7131366
415.7305971,214.1996771,4.7127546
415.4287340,215.1870718,4.7123823
415.1226728,216.1731516,4.7119928
414.8124425,217.1579218,4.7115942
414.4980732,218.1413594,4.7111942
414.1793897,219.1233920,4.7107228
413.8565635,220.1040511,4.7102434
413.5296193,221.0833347,4.7097604
413.1985269,222.0611916,4.7092613
412.8633390,223.0376319,4.7087515
412.5240705,224.0126525,4.7082438
412.1806210,224.9861778,4.7076911
411.8330707,225.9582215,4.7071338
411.4814320,226.9287836,4.7065585
411.1256151,227.8977950,4.7059389
410.7657573,228.8652836,4.7053170
410.4018520,229.8312396,4.7046799
410.0338619,230.7956212,4.7040293
409.6618354,231.7584359,4.7033609
409.2857690,232.7196607,4.7026875
408.9055118,233.6792100,4.7019464
408.5212261,234.6371372,4.7011897
408.1329136,235.5934190,4.7004139
407.7405391,236.5480259,4.6996134
407.3441802,237.5009652,4.6988017
406.9438310,238.4522290,4.6979851
406.5394178,239.4017539,4.6971236
406.1310132,240.3495523,4.6962568
405.7185938,241.2956122,4.6953596
405.3020659,242.2398586,4.6944040
404.8815827,243.1823442,4.6934389
404.4571241,244.1230433,4.6924560
404.0286653,245.0619291,4.6914524
403.5962585,245.9990020,4.6904333
403.1598942,246.9342392,4.6893952
402.7194361,247.8675717,4.6882988
402.2750372,248.7990354,4.6871916
401.8266608,249.7286046,4.6860511
401.3742798,250.6562484,4.6848756
400.9179878,251.5819840,4.6836938
400.4577670,252.5057951,4.6824899
399.9935629,253.4276216,4.6812592
399.5254444,254.3474976,4.6800086
399.0533564,255.2653696,4.6787245
398.5772008,256.1811541,4.6773785
398.0971538,257.0949377,4.6760141
397.6131798,258.0066684,4.6746344
397.1252799,258.9163315,4.6732190
396.6335020,259.8239337,4.6717948
396.1378240,260.7294487,4.6703582
395.6381606,261.6327938,4.6688606
395.1346325,262.5340217,4.6673592
394.6271800,263.4330797,4.6658158
394.1157867,264.3299323,4.6642376
393.6005683,265.2246178,4.6626467
393.0814896,266.1171050,4.6610391
392.5585382,267.0073486,4.6593954
392.0317684,267.8953754,4.6577539
391.5011282,268.7811153,4.6560739
390.9665295,269.6645057,4.6543224
390.4281551,270.5456140,4.6525684
389.8859527,271.4243874,4.6507827
389.3399380,272.3008300,4.6489695
388.7901805,273.1749365,4.6471579
388.2366557,274.0466870,4.6453288
387.6793132,274.9160077,4.6434499
387.1182504,275.7829576,4.6415733
386.5533997,276.6474418,4.6396494
385.9847531,277.5094496,4.6376835
385.4124432,278.3690283,4.6357176
384.8364273,279.2261428,4.6337267
384.2567169,280.0807617,4.6317183
383.6733778,280.9329071,4.6297020
383.0863545,281.7825178,4.6276559
382.4955924,282.6295310,4.6255610
381.9012461,283.4740226,4.6234552
381.3032387,284.3159227,4.6213221
380.7016117,285.1552422,4.6191658
380.0964448,285.9919935,4.6170077
379.4877044,286.8261492,4.6148343
378.8753668,287.6576596,4.6126223
378.2595261,288.4865606,4.6104170
377.6400742,289.3127577,4.6081586
377.0170252,290.1362272,4.6058618
376.3905122,290.9570564,4.6035578
375.7604845,291.7751838,4.6012310
375.1269765,292.5906020,4.5988884
374.4900437,293.4033276,4.5965454
373.8496353,294.2133047,4.5941782
373.2057149,295.0204829,4.5917690
372.5584025,295.8249301,4.5893584
371.9076135,296.6265476,4.5869069
371.2533988,297.4253581,4.5844392
370.5958293,298.2214017,4.5819622
369.9348807,299.0146192,4.5794747
369.2705427,299.8049895,4.5769614
368.6028857,300.5925490,4.5744541
367.9317997,301.3771799,4.5718952
367.2573092,302.1588617,4.5692943
366.5795316,302.9376894,4.5666976
365.8984125,303.7135811,4.5640739
365.2139993,304.4865537,4.5614399
364.5263339,305.2566298,4.5588076
363.8353793,306.0237423,4.5561551
363.1411177,306.7878467,4.5534770
362.4436379,307.5490111,4.5507989
361.7428311,308.3071075,4.5480797
361.0387752,309.0621746,4.5453346
360.3315398,309.8142487,4.5425962
359.6210855,310.5632759,4.5398508
358.9074283,311.3092524,4.5370859
358.1906250,312.0522000,4.5343342
357.4705898,312.7920092,4.5315460
356.7473434,313.5286649,4.5287310
356.0209837,314.2622483,4.5259198
355.2914345,314.9926648,4.5230828
354.5587751,315.7199456,4.5202458
353.8230339,316.4441157,4.5174177
353.0841855,317.1651098,4.5145803
352.3422252,317.8829057,4.5117284
351.5972309,318.5975384,4.5088847
350.8490677,319.3088703,4.5060021
350.0978307,320.0169500,4.5031012
349.3435931,320.7218241,4.5002148
348.5863150,321.4234374,4.4973155
347.8260232,322.1217999,4.4944196
347.0627728,322.8169241,4.4915403
346.2964933,323.5087097,4.4886430
345.5272081,324.1971605,4.4857236
344.7549920,324.8823237,4.4828263
343.9797697,325.5640887,4.4798921
343.2016185,326.2425265,4.4769716
342.4205816,326.9176451,4.4740584
341.6366300,327.5893892,4.4711495
340.8497821,328.2577473,4.4682396
340.0600903,328.9227473,4.4653437
339.2674317,329.5842239,4.4624025
338.4718965,330.2422495,4.4594490
337.6735531,330.8968728,4.4565165
336.8723653,331.5480231,4.4535745
336.0683842,332.1957370,4.4506395
335.2616450,332.8400197,4.4477205
334.4520959,333.4807817,4.4447955
333.6397698,334.1180312,4.4418639
332.8247194,334.7517990,4.4389435
332.0068607,335.3819487,4.4359884
331.1862880,336.0085795,4.4330460
330.3630389,336.6316982,4.4301076
329.5370956,337.2512470,4.4271749
328.7084813,337.8672334,4.4242522
327.8772372,338.4796797,4.4213380
327.0432755,339.0884315,4.4183869
326.2066704,339.6935601,4.4154378
325.3674766,340.2950949,4.4124916
324.5256501,340.8929519,4.4095372
323.6812609,341.4871976,4.4065935
322.8343299,342.0778272,4.4036636
321.9848323,342.6647685,4.4007192
321.1328023,343.2480304,4.3977826
320.2782605,343.8276311,4.3948556
319.4211347,344.4034031,4.3918777
318.5615298,344.9754788,4.3889049
317.6994633,345.5438647,4.3859439
316.8349385,346.1084997,4.3829800
315.9679870,346.6694137,4.3800253
315.0986371,347.2266151,4.3770797
314.2268249,347.7799681,4.3741067
313.3526131,348.3295476,4.3711359
312.4760426,348.8753532,4.3681651
311.5970645,349.4172967,4.3651744
310.7157645,349.9554730,4.3621908
309.8321539,350.4898674,4.3592141
308.9462291,351.0204160,4.3562352
308.0580152,351.5471506,4.3532591
307.1675248,352.0700563,4.3502899
306.2746860,352.5889538,4.3472586
305.3796118,353.1039941,4.3442360
304.4823157,353.6151783,4.3412145
303.5827944,354.1224618,4.3381827
302.6810972,354.6258842,4.3351602
301.7772393,355.1254404,4.3321449
300.8711770,355.6210196,4.3291054
299.9629834,356.1126858,4.3260666
299.0526553,356.6004210,4.3230170
298.1401662,357.0841117,4.3199408
297.2255975,357.5638950,4.3168670
296.3089619,358.0397340,4.3137983
295.3902644,358.5115887,4.3107158
294.4695254,358.9794912,4.3076476
293.5467717,359.4434160,4.3045750
292.6219398,359.9032109,4.3014534
291.6951297,360.3590157,4.2983380
290.7663386,360.8107968,4.2952213
289.8355770,361.2585157,4.2920868
288.9028962,361.7022339,4.2889664
287.9683023,362.1419335,4.2858553
287.0317822,362.5775253,4.2827217
286.0933808,363.0090801,4.2795913
285.1531030,363.4365303,4.2764620
284.2109137,363.8597749,4.2732816
283.2669161,364.2789585,4.2701220
282.3211034,364.6940465,4.2669513
281.3734900,365.1050026,4.2637856
280.4241061,365.5118771,4.2606256
279.4729766,365.9146315,4.2574637
278.5200536,366.3131351,4.2542688
277.5654154,366.7075240,4.2510790
276.6090593,367.0977262,4.2478889
275.6510083,367.4837138,4.2446715
274.6913007,367.8655794,4.2414707
273.7299508,368.2432826,4.2382775
272.7669571,368.6167672,4.2350758
271.8023744,368.9860973,4.2318817
270.8361712,369.3511871,4.2286690
269.8683411,369.7119111,4.2254134
268.8989726,370.0684652,4.2221723
267.9280596,370.4207917,4.2189250
266.9556253,370.7688847,4.2156699
265.9817050,371.1127885,4.2124384
265.0063151,371.4524695,4.2092006
264.0294212,371.7878242,4.2059404
263.0510984,372.1189707,4.2026978
262.0713374,372.4458103,4.1994358
261.0901418,372.7683295,4.1961519
260.1075673,373.0866357,4.1928891
259.1236301,373.4006765,4.1896244
258.1383218,373.7104292,4.1863534
257.1516931,374.0159473,4.1831009
256.1637315,374.3171451,4.1798368
255.1744269,374.6139272,4.1765341
254.1838551,374.9064642,4.1732459
253.1920015,375.1946687,4.1699462
252.1988973,375.4785571,4.1666435
251.2045797,375.7581874,4.1633561
250.2090467,376.0335152,4.1600711
249.2122982,376.3044638,4.1567707
248.2143857,376.5711391,4.1534854
247.2152884,376.8334026,4.1501700
246.2150287,377.0912509,4.1468339
245.2136527,377.3448179,4.1435076
244.2111741,377.5940249,4.1401807
243.2076023,377.8388778,4.1368473
242.2029725,378.0794256,4.1335308
241.1972860,378.3155793,4.1301922
240.1905470,378.5472713,4.1268301
239.1828083,378.7746448,4.1234797
238.1740619,378.9975731,4.1201125
237.1643377,379.2161128,4.1167325
236.1536706,379.4303223,4.1133559
235.1420763,379.6401435,4.1099846
234.1295535,379.8455409,4.1066011
233.1161610,380.0465981,4.1032225
232.1018707,380.2431390,4.0998014
231.0867187,380.4351791,4.0963512
230.0707510,380.6228690,4.0929142
229.0539716,380.8061224,4.0894593
228.0364138,380.9849720,4.0859968
227.0181107,381.1594636,4.0825389
225.9990523,381.3295128,4.0790703
224.9792849,381.4950822,4.0755755
223.9588201,381.6562896,4.0720836
222.9376822,381.8129831,4.0685460
221.9158988,381.9652503,4.0650038
220.8935017,382.1131567,4.0614645
219.8705089,382.2566479,4.0579137
218.8469374,382.3957212,4.0543403
217.8228326,382.5304458,4.0507796
216.7981843,382.6606586,4.0471681
215.7730272,382.7864061,4.0435357
214.7473991,382.9078146,4.0398960
213.7213196,383.0247867,4.0362219
212.6948130,383.1373976,4.0325473
211.6679118,383.2456890,4.0288742
210.6406259,383.3495949,4.0251712
209.6129885,383.4491123,4.0214468
208.5850190,383.5443318,4.0177184
207.5567375,383.6350801,4.0139395
206.5281726,383.7214954,4.0101418
205.4993479,383.8036403,4.0063387
204.4702944,383.8814648,4.0025221
203.4410301,383.9550097,3.9986814
202.4115856,384.0243294,3.9948349
201.3819686,384.0892884,3.9909511
200.3522123,384.1499697,3.9870300
199.3223340,384.2064466,3.9831124
198.2923668,384.2586334,3.9791453
197.2623229,384.3066450,3.9751702
196.2322302,384.3505120,3.9711894
195.2021164,384.3901910,3.9671860
194.1719929,384.4257213,3.9631578
193.1418784,384.4571480,3.9591173
192.1118105,384.4843023,3.9550157
191.0817910,384.5073636,3.9508929
190.0518547,384.5263816,3.9467565
189.0220248,384.5413267,3.9425910
187.9923125,384.5522677,3.9384172
186.9627355,384.5592423,3.9342381
185.9333207,384.5621592,3.9300056
184.9040917,384.5611142,3.9257633
183.8750572,384.5561415,3.9214959
182.8462445,384.5471693,3.9171866
181.8176641,384.5343461,3.9128731
180.7893440,384.5176886,3.9085374
179.7612889,384.4971834,3.9041759
178.7335223,384.4728920,3.8998038
177.7060733,384.4448325,3.8954200
176.6789437,384.4128876,3.8909679
175.6521580,384.3772374,3.8865112
174.6257303,384.3379000,3.8820305
173.5996709,384.2948784,3.8775242
172.5740071,384.2482631,3.8730099
171.5487432,384.1980768,3.8684824
170.5238936,384.1442665,3.8639284
169.4994812,384.0869510,3.8593528
168.4755111,384.0261100,3.8547597
167.4520065,383.9617149,3.8501223
166.4289683,383.8939240,3.8454818
165.4064181,383.8227408,3.8408283
164.3843639,383.7481851,3.8361508
163.3628212,383.6703329,3.8314667
162.3417906,383.5891874,3.8267679
161.3212969,383.5046919,3.8220303
160.3013461,383.4170094,3.8172851
159.2819434,383.3261201,3.8125187
158.2631015,383.2320640,3.8077314
157.2448314,383.1349376,3.8029444
156.2271330,383.0347546,3.7981466
155.2100236,382.9315117,3.7933248
154.1935022,382.8253133,3.7885029
153.1775909,382.7161080,3.7836608
152.1622899,382.6039124,3.7787833
151.1476008,382.4888810,3.7739076
150.1335234,382.3710040,3.7690214
149.1200852,382.2503335,3.7641267
148.1072597,382.1269429,3.7592331
147.0950725,382.0008270,3.7543210
146.0835306,381.8719879,3.7493966
145.0726202,381.7405463,3.7444719
144.0623671,381.6064671,3.7395211
143.0527605,381.4698257,3.7345673
142.0437906,381.3307029,3.7296221
141.0354819,381.1891156,3.7246626
140.0278185,381.0450884,3.7197006
139.0208121,380.8987083,3.7147403
138.0144666,380.7499196,3.7097585
137.0087746,380.5987874,3.7047678
136.0037429,380.4454216,3.6997853
134.9993616,380.2898155,3.6947845
133.9956349,380.1320407,3.6897878
132.9925559,379.9721554,3.6847999
131.9901301,379.8101620,3.6798032
130.9883467,379.6461032,3.6747984
129.9872146,379.4800522,3.6698006
128.9867384,379.3119772,3.6647932
127.9868934,379.1419806,3.6597832
126.9876909,378.9701192,3.6547727
125.9891164,378.7964103,3.6497657
124.9911715,378.6209092,3.6447569
123.9938501,378.4436682,3.6397585
122.9971589,378.2646655,3.6347449
122.0010874,378.0839899,3.6297295
121.0056216,377.9016864,3.6247222
120.0107681,377.7177736,3.6197160
119.0165161,377.5323314,3.6147041
118.0228539,377.3453971,3.6097031
117.0297847,377.1569849,3.6046978
116.0372964,376.9671568,3.5997036
115.0453839,376.7759438,3.5947082
114.0540464,376.5833448,3.5897017
113.0632781,376.3894613,3.5847006
112.0730578,376.1943197,3.5797006
111.0833967,375.9979575,3.5747103
110.0942676,375.8004308,3.5697244
109.1056679,375.6017687,3.5647347
108.1176041,375.4019825,3.5597482
107.1300628,375.2011516,3.5547683
106.1430238,374.9992851,3.5497883
105.1564968,374.7964301,3.5448094
104.1704556,374.5926457,3.5398380
103.1849008,374.3879609,3.5348720
102.1998218,374.1824040,3.5299072
101.2152064,373.9760312,3.5249436
100.2310531,373.7688470,3.5199874
99.2473559,373.5608919,3.5150335
98.2640928,373.3522301,3.5100786
97.2812600,373.1428803,3.5051280
96.2988423,372.9328832,3.5001922
95.3168367,372.7222859,3.4952566
94.3352260,372.5111098,3.4903185
93.3540067,372.2993845,3.4853941
92.3731656,372.0871566,3.4804693
91.3926987,371.8744422,3.4755498
90.4125793,371.6612846,3.4706374
89.4328145,371.4477230,3.4657336
88.4533772,371.2337800,3.4608286
87.4742594,371.0194908,3.4559332
86.4954598,370.8048900,3.4510479
85.5169540,370.5899903,3.4461600
84.5387481,370.3748362,3.4412820
83.5608034,370.1594495,3.4364120
82.5831295,369.9438596,3.4315449
81.6057075,369.7280969,3.4266866
80.6285255,369.5121892,3.4218320
79.6515685,369.2961536,3.4169876
78.6748265,369.0800217,3.4121462
77.6982882,368.8638116,3.4073150
76.7219418,368.6475499,3.4024876
75.7457780,368.4312594,3.3976639
74.7697731,368.2149599,3.3928453
73.7939195,367.9986709,3.3880389
72.8182065,367.7824124,3.3832295
71.8426292,367.5662062,3.3784343
70.8671603,367.3500662,3.3736450
69.8917958,367.1340084,3.3688550
68.9165259,366.9180537,3.3640792
67.9413363,366.7022123,3.3593040
66.9662109,366.4864963,3.3545365
65.9911461,366.2709216,3.3497789
65.0161235,366.0554994,3.3450219
64.0411342,365.8402389,3.3402680
63.0661748,365.6251574,3.3355260
62.0912126,365.4102554,3.3307870
61.1162614,365.1955434,3.3260534
60.1412943,364.9810279,3.3213246
59.1663081,364.7667110,3.3166024
58.1912906,364.5526001,3.3118786
57.2162418,364.3387008,3.3071716
56.2411370,364.1250114,3.3024646
55.2659704,363.9115371,3.2977601
54.2907450,363.6982823,3.2930660
53.3154369,363.4852351,3.2883760
52.3400505,363.2724015,3.2836897
51.3645722,363.0597771,3.2790094
50.3889942,362.8473541,3.2743348
49.4133116,362.6351332,3.2696670
48.4375172,362.4231130,3.2650010
47.4616054,362.2112768,3.2603514
46.4855759,361.9996259,3.2556970
45.5094112,361.7881440,3.2510523
44.5331204,361.5768248,3.2464114
43.5566914,361.3656547,3.2417827
42.5801234,361.1546295,3.2371528
41.6034065,360.9437267,3.2325362
40.6265433,360.7329459,3.2279191
39.6495368,360.5222671,3.2233101
38.6723755,360.3116724,3.2187099
37.6950637,360.1011495,3.2141180
36.7176030,359.8906820,3.2095279
35.7399847,359.6802511,3.2049487
34.7622119,359.4698400,3.2003794
33.7842858,359.2594342,3.1958070
32.8062126,359.0490103,3.1912534
31.8279818,358.8385516,3.1866965
30.8496064,358.6280369,3.1821528
29.8710810,358.4174475,3.1776138
28.8924123,358.2067619,3.1730798
27.9135941,357.9959571,3.1685607
26.9346429,357.7850130,3.1640456
25.9555627,357.5739052,3.1595360
24.9763390,357.3626158,3.1550335
23.9969962,357.1511226,3.1505372
23.0175245,356.9393975,3.1460547
22.0379321,356.7274252,3.1415784
21.0582279,356.5151808,3.1371093
20.0784157,356.3026346,3.1326522
19.0985004,356.0897718,3.1282017
18.1184887,355.8765596,3.1237567
17.1383777,355.6629789,3.1193162
16.1581791,355.4490105,3.1148901
15.1779074,355.2346281,3.1104774
14.1975503,355.0198063,3.1060685
13.2171290,354.8045304,3.1016663
12.2366369,354.5887531,3.0972803
11.2560945,354.3724637,3.0928980
10.2755012,354.1556454,3.0885283
9.2948554,353.9382614,3.0841599
8.3141796,353.7202994,3.0798102
7.3334588,353.5017349,3.0754721
6.3527134,353.2825341,3.0711415
5.3719490,353.0626816,3.0668213
4.3911711,352.8421531,3.0625101
3.4103837,352.6208952,3.0582095
2.4295938,352.3989155,3.0539174
1.4488004,352.1761837,3.0496403
0.4680209,351.9526732,3.0453698
-0.5127453,351.7283670,3.0411137
-1.4934946,351.5032369,3.0368722
-2.4742094,351.2772332,3.0326377
-3.4548989,351.0503591,3.0284173
-4.4355421,350.8225772,3.0242070
-5.4161431,350.5938617,3.0199987
-6.3966971,350.3642019,3.0158171
-7.3771908,350.1335727,3.0116400
-8.3576215,349.9019326,3.0074772
-9.3379854,349.6692773,3.0033342
-10.3182704,349.4355527,2.9991873
-11.2984591,349.2007222,2.9950579
-12.2785677,348.9648027,2.9909388
-13.2585778,348.7277513,2.9868329
-14.2384861,348.4895503,2.9827414
-15.2182800,348.2501920,2.9786601
-16.1979604,348.0096250,2.9745982
-17.1775129,347.7678210,2.9705387
-18.1569364,347.5247805,2.9665029
-19.1362042,347.2804450,2.9624653
-20.1153315,347.0348103,2.9584489
-21.0943014,346.7878733,2.9544463
-22.0731063,346.5395938,2.9504570
-23.0517353,346.2899512,2.9464780
-24.0301830,346.0389425,2.9425149
-25.0084362,345.7864831,2.9385634
-25.9864858,345.5325867,2.9346210
-26.9643227,345.2772539,2.9306931
-27.9419417,345.0204318,2.9267813
-28.9193326,344.7621312,2.9228830
-29.8964897,344.5023344,2.9190074
-30.8733973,344.2409936,2.9151418
-31.8500533,343.9781052,2.9112881
-32.8264338,343.7136551,2.9074546
-33.8025277,343.4475674,2.9036243
-34.7783396,343.1798861,2.8998169
-35.7538500,342.9105910,2.8960308
-36.7290584,342.6396502,2.8922570
-37.7039449,342.3670686,2.8884982
-38.6785109,342.0928211,2.8847704
-39.6527306,341.8168396,2.8810404
-40.6265944,341.5391678,2.8773413
-41.6001053,341.2597645,2.8736546
-42.5732387,340.9786102,2.8699864
-43.5459970,340.6957264,2.8663441
-44.5183708,340.4110862,2.8627264
-45.4903354,340.1246571,2.8591212
-46.4619060,339.8364526,2.8555438
-47.4330419,339.5464153,2.8519898
-48.4037284,339.2545076,2.8484410
-49.3739818,338.9607921,2.8449213
-50.3437840,338.6652226,2.8414224
-51.3131236,338.3677989,2.8379486
-52.2820005,338.0685294,2.8345100
-53.2503991,337.7673742,2.8310867
-54.2182878,337.4642997,2.8276894
-55.1856900,337.1593433,2.8243209
-56.1525666,336.8524380,2.8209685
-57.1189184,336.5436010,2.8176468
-58.0847476,336.2328536,2.8143545
-59.0500392,335.9201601,2.8110943
-60.0147780,335.6055110,2.8078567
-60.9789657,335.2889258,2.8046579
-61.9425699,334.9703167,2.8014717
-62.9055766,334.6497035,2.7983211
-63.8680096,334.3271214,2.7951990
-64.8298322,334.0025231,2.7920968
-65.7910538,333.6759290,2.7890355
-66.7516673,333.3473486,2.7860036
-67.7116434,333.0167363,2.7830082
-68.6709864,332.6840933,2.7800369
-69.6296877,332.3494317,2.7771062
-70.5877069,332.0126721,2.7741942
-71.5450683,331.6738781,2.7713092
-72.5017603,331.3330499,2.7684718
-73.4577639,330.9901662,2.7656580
-74.4130821,330.6452333,2.7628838
-75.3677060,330.2982576,2.7601442
-76.3215999,329.9491591,2.7574315
-77.2747737,329.5979965,2.7547489
-78.2272258,329.2447592,2.7521049
-79.1789259,328.8894213,2.7494851
-80.1298908,328.5320243,2.7469064
-81.0801076,328.1725620,2.7443598
-82.0295623,327.8109957,2.7418537
-82.9782426,327.4473634,2.7393793
-83.9261502,327.0816277,2.7369303
-84.8732338,326.7137317,2.7345099
-85.8195399,326.3437627,2.7321289
-86.7650389,325.9717039,2.7297748
-87.7097299,325.5975453,2.7274609
-88.6536125,325.2213184,2.7251868
-89.5966736,324.8430012,2.7229386
-90.5388841,324.4625439,2.7207229
-91.4802682,324.0800161,2.7185450
-92.4207936,323.6953634,2.7163932
-93.3604611,323.3085954,2.7142690
-94.2992812,322.9197606,2.7121835
-95.2372417,322.5288323,2.7101361
-96.1743225,322.1358033,2.7081187
-97.1105450,321.7407067,2.7061381
-98.0458606,321.3434817,2.7041880
-98.9802766,320.9441140,2.7022585
-99.9138048,320.5426879,2.7003645
-100.8464262,320.1391514,2.6985048
-101.7781404,319.7335362,2.6966846
-102.7089602,319.3258644,2.6948918
-103.6388628,318.9160995,2.6931430
-104.5678331,318.5042383,2.6914124
-105.4958928,318.0903197,2.6897321
-106.4229931,317.6742721,2.6880635
-107.3491581,317.2561441,2.6864406
-108.2743923,316.8359691,2.6848515
-109.1986838,316.4137220,2.6832930
-110.1220254,315.9894161,2.6817738
-111.0444226,315.5630756,2.6802989
-111.9658462,315.1346303,2.6788478
-112.8862991,314.7041205,2.6774253
-113.8057992,314.2715748,2.6760460
-114.7243063,313.8369574,2.6747020
-115.6418536,313.4003152,2.6733956
-116.5584382,312.9616550,2.6721349
-117.4740296,312.5209566,2.6709067
-118.3886435,312.0782345,2.6697222
-119.3022739,311.6334979,2.6685744
-120.2148663,311.1866728,2.6674561
-121.1264784,310.7378466,2.6663776
-122.0370953,310.2870242,2.6653382
-122.9467082,309.8341932,2.6643431
-123.8553266,309.3793854,2.6633900
-124.7629444,308.9226019,2.6624861
-125.6695308,308.4637882,2.6616059
-126.5751083,308.0030084,2.6607755
-127.4796679,307.5402444,2.6599832
-128.3831853,307.0754834,2.6592250
-129.2856997,306.6087792,2.6585200
-130.1871938,306.1401245,2.6578511
-131.0876503,305.6695066,2.6572292
-131.9870943,305.1969598,2.6566447
-132.8854904,304.7224530,2.6560996
-133.7828211,304.2459371,2.6555906
-134.6791196,303.7675122,2.6551211
-135.5743767,303.2871418,2.6546902
-136.4685803,302.8048458,2.6542941
-137.3617539,302.3206437,2.6539522
-138.2538770,301.8345265,2.6536456
-139.1449280,301.3464598,2.6533740
-140.0349401,300.8565029,2.6531411
-140.9238653,300.3645927,2.6529490
-141.8117140,299.8707544,2.6527775
-142.6985110,299.3750318,2.6526523
-143.5842315,298.8774036,2.6525666
-144.4688781,298.3778690,2.6525130
-145.3524573,297.8764635,2.6524962
-146.2349372,297.3731275,2.6525128
-147.1163156,296.8678612,2.6525543
-147.9966163,296.3607238,2.6526303
-148.8758001,295.8516678,2.6527393
-149.7538916,295.3407274,2.6528795
-150.6308878,294.8279261,2.6530541
-151.5067820,294.3132276,2.6532649
-152.3815545,293.7966428,2.6534962
-153.2552227,293.2781918,2.6537671
-154.1277338,292.7577984,2.6540466
-154.9991100,292.2355217,2.6543595
-155.8693706,291.7113873,2.6547050
-156.7384943,291.1853705,2.6550757
-157.6064806,290.6574963,2.6554763
-158.4733343,290.1277782,2.6559091
-159.3390218,289.5961601,2.6563535
-160.2035618,289.0626748,2.6568319
-161.0669410,288.5273446,2.6573393
-161.9291428,287.9901219,2.6578659
-162.7901910,287.4510701,2.6584155
-163.6500762,286.9101895,2.6589950
-164.5087900,286.3674566,2.6596073
-165.3663376,285.8228974,2.6602404
-166.2227053,285.2765131,2.6608947
-167.0778467,284.7282256,2.6615677
-167.9318136,284.1781299,2.6622624
-168.7845896,283.6262162,2.6629847
-169.6361709,283.0724806,2.6637328
-170.4865702,282.5169558,2.6645120
-171.3357814,281.9596372,2.6653128
-172.1837728,281.4004900,2.6661353
-173.0305694,280.8395651,2.6669873
-173.8761552,280.2768306,2.6678565
-174.7205142,279.7122742,2.6687459
-175.5636778,279.1459623,2.6696603
-176.4056290,278.5778784,2.6706022
-177.2463679,278.0080140,2.6715720
-178.0859072,277.4364036,2.6725660
-178.9242163,276.8630178,2.6735854
-179.7612765,276.2878241,2.6746156
-180.5971378,275.7108926,2.6756782
-181.4317556,275.1321931,2.6767567
-182.2651473,274.5517421,2.6778636
-183.0973309,273.9695624,2.6790041
-183.9282840,273.3856439,2.6801654
-184.7579959,272.7999642,2.6813509
-185.5864850,272.2125717,2.6825626
-186.4137113,271.6233894,2.6837844
-187.2396756,271.0324534,2.6850369
-188.0644182,270.4398061,2.6863082
-188.8879023,269.8454227,2.6876133
-189.7101501,269.2493065,2.6889405
-190.5311578,268.6514884,2.6902928
-191.3508901,268.0519204,2.6916676
-192.1693557,267.4506040,2.6930596
-192.9865644,266.8475798,2.6944901
-193.8024811,266.2428003,2.6959274
-194.6171373,265.6363001,2.6974003
-195.4305271,265.0281017,2.6988917
-196.2426353,264.4181738,2.7004167
-197.0534600,263.8065280,2.7019623
-197.8630046,263.1931776,2.7035392
-198.6712035,262.5780444,2.7051200
-199.4781033,261.9611859,2.7067284
-200.2836994,261.3426289,2.7083658
-201.0879835,260.7223418,2.7100288
-201.8909556,260.1003604,2.7117142
-202.6926271,259.4766804,2.7134293
-203.4929471,258.8512696,2.7151586
-204.2919355,258.2241585,2.7169154
-205.0895883,257.5953404,2.7186982
-205.8858700,256.9647765,2.7204976
-206.6808103,256.3325371,2.7223194
-207.4744043,255.6986095,2.7241698
-208.2666416,255.0629783,2.7260436
-209.0575180,254.4256799,2.7279453
-209.8470368,253.7866903,2.7298662
-210.6351339,253.1459711,2.7317988
-211.4218681,252.5035849,2.7337598
-212.2072102,251.8595208,2.7357430
-212.9911600,251.2137777,2.7377402
-213.7737380,250.5663868,2.7397668
-214.5549279,249.9173471,2.7418182
-215.3347017,249.2666320,2.7438806
-216.1130953,248.6142796,2.7459786
-216.8900647,247.9602566,2.7480855
-217.6655959,247.3045556,2.7501982
-218.4397310,246.6472427,2.7523461
-219.2124577,245.9882910,2.7545070
-219.9837659,245.3277138,2.7566897
-220.7536836,244.6655318,2.7588925
-221.5221690,244.0017246,2.7611129
-222.2892079,243.3362711,2.7633468
-223.0548423,242.6692307,2.7655992
-223.8190322,242.0005575,2.7678665
-224.5818004,241.3302782,2.7701526
-225.3431546,240.6584299,2.7724576
-226.1030853,239.9849884,2.7747833
-226.8615855,239.3099481,2.7771200
-227.6186753,238.6333416,2.7794825
-228.3742832,237.9551064,2.7818527
-229.1284436,237.2752645,2.7842291
-229.8811866,236.5938691,2.7866236
-230.6324868,235.9108864,2.7890427
-231.3823549,235.2263479,2.7914709
-232.1308039,234.5402589,2.7939239
-232.8778018,233.8525851,2.7963939
-233.6233478,233.1633401,2.7988753
-234.3674655,232.4725460,2.8013806
-235.1101002,231.7801516,2.8038904
-235.8512947,231.0862114,2.8064179
-236.5910506,230.3907284,2.8089706
-237.3293538,229.6936860,2.8115369
-238.0662045,228.9951008,2.8141292
-238.8016137,228.2949739,2.8167397
-239.5355103,227.5932507,2.8193627
-240.2679472,226.8899788,2.8220025
-240.9989208,226.1851683,2.8246601
-241.7284066,225.4788025,2.8273417
-242.4564371,224.7709080,2.8300452
-243.1829990,224.0614892,2.8327716
-243.9080628,223.3505123,2.8355206
-244.6316535,222.6380090,2.8382921
-245.3537450,221.9239685,2.8410841
-246.0742941,221.2083554,2.8438931
-246.7933641,220.4912293,2.8467286
-247.5109381,219.7725792,2.8495889
-248.2269985,219.0524057,2.8524784
-248.9415645,218.3307301,2.8553970
-249.6546204,217.6075360,2.8583412
-250.3661102,216.8827981,2.8613077
-251.0761028,216.1565614,2.8642983
-251.7845444,215.4288087,2.8673255
-252.4914488,214.6995450,2.8703703
-253.1968400,213.9687995,2.8734557
-253.9006947,213.2365694,2.8765718
-254.6030020,212.5028376,2.8797137
-255.3037782,211.7676469,2.8828921
-256.0029752,211.0309366,2.8860979
-256.7005769,210.2927199,2.8893252
-257.3966470,209.5530497,2.8925978
-258.0911518,208.8119055,2.8958917
-258.7840955,208.0693030,2.8992267
-259.4754952,207.3252658,2.9026002
-260.1653166,206.5797672,2.9060118
-260.8535530,205.8328005,2.9094530
-261.5402319,205.0844120,2.9129328
-262.2252993,204.3345501,2.9164377
-262.9087898,203.5832536,2.9199854
-263.5907195,202.8305421,2.9235723
-264.2710629,202.0764089,2.9271955
-264.9498191,201.3208578,2.9308620
-265.6270091,200.5639058,2.9345697
-266.3025638,199.8055026,2.9383091
-266.9765159,199.0456798,2.9420825
-267.6488883,198.2844664,2.9458969
-268.3196450,197.5218428,2.9497433
-268.9888144,196.7578353,2.9536381
-269.6564033,195.9924484,2.9575825
-270.3223703,195.2256687,2.9615533
-270.9867355,194.4575017,2.9655770
-271.6494953,193.6879680,2.9696326
-272.3105956,192.9170119,2.9737284
-272.9700936,192.1447001,2.9778577
-273.6279869,191.3710237,2.9820340
-274.2842520,190.5959856,2.9862563
-274.9389158,189.8195908,2.9905180
-275.5919622,189.0418561,2.9948294
-276.2433340,188.2627369,2.9991674
-276.8930931,187.4822706,3.0035525
-277.5412112,186.7004608,3.0079827
-278.1876797,185.9172966,3.0124461
-278.8325291,185.1328142,3.0169596
-279.4757489,184.3470035,3.0215213
-280.1173120,183.5598593,3.0261172
-280.7572491,182.7714015,3.0307629
-281.3955256,181.9816036,3.0354408
-282.0320903,181.1904543,3.0401572
-282.6670263,180.3980057,3.0449164
-283.3003016,179.6042463,3.0497182
-283.9319228,178.8091773,3.0545577
-284.5618972,178.0128293,3.0594530
-285.1902130,177.2151808,3.0643859
-285.8168324,176.4162138,3.0693531
-286.4418085,175.6159667,3.0743692
-287.0650819,174.8144210,3.0794223
-287.6866756,174.0115783,3.0845143
-288.3066158,173.2074755,3.0896472
-288.9248807,172.4020998,3.0948229
-289.5414646,171.5954429,3.1000470
-290.1563918,170.7875373,3.1053108
-290.7696033,169.9783370,3.1105994
-291.3810989,169.1678528,3.1159283
-291.9909319,168.3561245,3.1212958
-292.5990562,167.5431317,3.1267074
-293.2055055,166.7288846,3.1321528
-293.8102817,165.9134113,3.1376372
-294.4133574,165.0966822,3.1431650
-295.0147274,164.2787044,3.1487221
-295.6144221,163.4594946,3.1543229
-296.2123694,162.6390143,3.1599417
-296.8086172,161.8173036,3.1655988
-297.4031861,160.9943643,3.1712902
-297.9960459,160.1701992,3.1770186
-298.5872103,159.3448134,3.1827783
-299.1766909,158.5182109,3.1885808
-299.7644256,157.6903604,3.1943936
-300.3504441,156.8612945,3.2002429
-300.9347638,156.0310157,3.2061235
-301.5173528,155.1994984,3.2120270
-302.0982465,154.3667836,3.2179634
-302.6774399,153.5328726,3.2239327
-303.2549089,152.6977447,3.2299209
-303.8306724,151.8614170,3.2359404
-304.4047140,151.0238846,3.2419884
-304.9769774,150.1851040,3.2480419
-305.5475339,149.3451306,3.2541285
-306.1163705,148.5039613,3.2602367
-306.6834770,147.6615931,3.2663677
-307.2488771,146.8180370,3.2725255
-307.8125574,145.9732907,3.2787087
-308.3744680,145.1273236,3.2849043
-308.9346579,144.2801772,3.2911283
-309.4931014,143.4318191,3.2973644
-310.0497777,142.5822609,3.3036192
-310.6047346,141.7315276,3.3098966
-311.1579513,140.8796017,3.3162011
-311.7094057,140.0264856,3.3225282
-312.2591317,139.1721935,3.3288714
-312.8070691,138.3167025,3.3352339
-313.3531917,137.4600004,3.3416018
-313.8975659,136.6021364,3.3479943
-314.4401513,135.7430787,3.3544019
-314.9809533,134.8828541,3.3608353
-315.5199867,134.0214781,3.3672851
-316.0572215,133.1589350,3.3737599
-316.5926269,132.2952285,3.3802377
-317.1262421,131.4303826,3.3867460
-317.6579877,130.5643692,3.3932573
-318.1878848,129.6972229,3.3997795
-318.7159649,128.8289616,3.4063295
-319.2421852,127.9595898,3.4128975
-319.7665400,127.0891279,3.4194770
-320.2890458,126.2175924,3.4260791
-320.8096313,125.3449620,3.4326878
-321.3282998,124.4712662,3.4393042
-321.8450749,123.5965479,3.4459466
-322.3599070,122.7207854,3.4525997
-322.8728183,121.8440321,3.4592738
-323.3838138,120.9663067,3.4659683
-323.8928581,120.0876046,3.4726832
-324.3999426,119.2079528,3.4794263
-324.9050880,118.3273744,3.4861918
-325.4081982,117.4458419,3.4929643
-325.9093409,116.5634081,3.4997597
-326.4085304,115.6800940,3.5065876
-326.9057438,114.7958995,3.5134384
-327.4010037,113.9108403,3.5203220
-327.8943271,113.0249346,3.5272300
-328.3856570,112.1381589,3.5341569
-328.8750423,111.2505183,3.5411049
-329.3625078,110.3620277,3.5480640
-329.8480114,109.4726489,3.5550257
-330.3316207,108.5824097,3.5619976
-330.8133554,107.6912990,3.5689595
-331.2932094,106.7992835,3.5758948
-331.7711976,105.9063575,3.5828072
-332.2473509,105.0125104,3.5896646
-332.7215711,104.1176868,3.5964443
-333.1939471,103.2219079,3.6031409
-333.6645595,102.3252109,3.6097765
-334.1334810,101.4276550,3.6163466
-334.6008261,100.5293078,3.6229037
-335.0666708,99.6302236,3.6294580
-335.5310344,98.7304321,3.6360366
-335.9940315,97.8299942,3.6426849
-336.4557468,96.9289257,3.6494455
-336.9163163,96.0272564,3.6563728
-337.3759423,95.1250274,3.6635143
-337.8349364,94.2223166,3.6709641
-338.2935751,93.3192161,3.6787682
-338.7517159,92.4156167,3.6868874
-339.2088680,91.5112663,3.6951414
-339.6644718,90.6059153,3.7033803
-340.1181879,89.6994837,3.7114941
-340.5699062,88.7919856,3.7194449
-341.0196356,87.8834943,3.7272389
-341.4673673,86.9740777,3.7348845
-341.9130768,86.0637692,3.7423849
-342.3568044,85.1526391,3.7497645
-342.7985686,84.2407193,3.7570365
-343.2383590,83.3280430,3.7641998
-343.6762890,82.4146684,3.7713071
-344.1123783,81.5006398,3.7783701
-344.5466742,80.5859771,3.7853922
-344.9792374,79.6707232,3.7923986
-345.4100894,78.7548996,3.7993919
-345.8392446,77.8385118,3.8063775
-346.2667938,76.9216041,3.8133670
-346.6927363,76.0041809,3.8203571
-347.1171270,75.0862690,3.8273561
-347.5400246,74.1678955,3.8343680
-347.9614520,73.2490641,3.8413889
-348.3814291,72.3297979,3.8484219
-348.8000185,71.4101079,3.8554655
-349.2171948,70.4899887,3.8625081
-349.6330014,69.5694685,3.8695562
-350.0475062,68.6485643,3.8766065
-350.4607119,67.7272811,3.8836611
-350.8726590,66.8056335,3.8907230
-351.2833798,65.8836446,3.8977844
-351.6928743,64.9613010,3.9048551
-352.1011766,64.0386257,3.9119207
-352.5083174,63.1156319,3.9189930
-352.9142854,62.1923127,3.9260623
-353.3191394,61.2686965,3.9331314
-353.7228969,60.3447873,3.9402165
-354.1255763,59.4205982,3.9472933
-354.5271971,58.4961432,3.9543869
-354.9277876,57.5714244,3.9614837
-355.3273335,56.6464373,3.9685820
-355.7258861,55.7212161,3.9756850
-356.1234628,54.7957580,3.9827907
-356.5200709,53.8700848,3.9899058
-356.9157518,52.9441978,3.9970365
-357.3105191,52.0181128,4.0041720
-357.7043815,51.0918334,4.0113097
-358.0973719,50.1653752,4.0184624
-358.4894895,49.2387456,4.0256149
-358.8807500,48.3119523,4.0327748
-359.2712021,47.3850089,4.0399410
-359.6608519,46.4579243,4.0471184
-360.0497228,45.5307060,4.0542981
-360.4378410,44.6033754,4.0614823
-360.8252089,43.6759325,4.0686740
-361.2118467,42.7483817,4.0758734
-361.5977915,41.8207428,4.0830745
-361.9830398,40.8930178,4.0902808
-362.3676309,39.9652124,4.0974947
-362.7515828,39.0373483,4.1047184
-363.1349167,38.1094174,4.1119395
-363.5176436,37.1814424,4.1191746
-363.8997923,36.2534265,4.1264077
-364.2813599,35.3253602,4.1336470
-364.6623829,34.3972766,4.1408887
-365.0428856,33.4691686,4.1481340
-365.4228873,32.5410402,4.1553784
-365.8024056,31.6129108,4.1626311
-366.1814588,30.6847851,4.1698800
-366.5600606,29.7566611,4.1771293
-366.9382410,28.8285490,4.1843713
-367.3160076,27.9004540,4.1916093
-367.6933837,26.9723840,4.1988312
-368.0703908,26.0443464,4.2060513
-368.4470444,25.1163510,4.2132517
-368.8233626,24.1884012,4.2204352
-369.1993669,23.2605024,4.2275992
-369.5750610,22.3326697,4.2347381
-369.9504709,21.4048917,4.2418600
-370.3256133,20.4771947,4.2489462
-370.7004974,19.5495828,4.2560115
-371.0751474,18.6220530,4.2630475
-371.4495745,17.6946193,4.2700651
-371.8237936,16.7672859,4.2770556
-372.1978251,15.8400506,4.2840249
-372.5716772,14.9129260,4.2909857
-372.9453599,13.9859162,4.2979497
-373.3189042,13.0590083,4.3049120
-373.6923212,12.1322138,4.3118894
-374.0656375,11.2055111,4.3188911
-374.4388650,10.2789076,4.3259336
-374.8120358,9.3523886,4.3330290
-375.1851796,8.4259307,4.3401757
-375.5583318,7.4995142,4.3473958
