-163.457966,13.618384,0.973628
-163.703646,12.653721,0.974065
-163.947265,11.688471,0.974314
-164.189418,10.722825,0.974395
-164.430540,9.756924,0.974327
-164.670944,8.790907,0.974143
-164.910851,7.824917,0.973866
-165.150416,6.859079,0.973522
-165.389740,5.893544,0.973126
-165.628879,4.928478,0.972703
-165.867860,3.964040,0.972260
-166.106683,3.000413,0.971828
-166.345326,2.037776,0.971399
-166.583738,1.076325,0.971004
-166.821858,0.116259,0.970653
-167.059602,-0.842245,0.970366
-167.296868,-1.799008,0.970172
-167.533531,-2.753869,0.970084
-167.769439,-3.706692,0.970144
-168.004406,-4.657357,0.970371
-168.238203,-5.605814,0.970792
-168.470540,-6.552032,0.971426
-168.701041,-7.496062,0.972286
-168.929210,-8.438006,0.973376
-169.154386,-9.378054,0.974653
-169.375671,-10.316477,0.976089
-169.591837,-11.253650,0.977591
-169.801208,-12.190081,0.979019
-170.001459,-13.126386,0.980201
-170.189397,-14.063351,0.980865
-170.362089,-15.001639,0.980766
-170.521497,-15.941001,0.980060
-170.670171,-16.881091,0.978951
-170.810016,-17.821759,0.977613
-170.942502,-18.762954,0.976184
-171.068622,-19.704717,0.974803
-171.188977,-20.647177,0.973558
-171.304177,-21.590398,0.972501
-171.414634,-22.534486,0.971635
-171.520655,-23.479518,0.970945
-171.622494,-24.425563,0.970379
-171.720300,-25.372672,0.969892
-171.814322,-26.320856,0.969450
-171.904632,-27.270170,0.969005
-171.991408,-28.220604,0.968586
-172.074721,-29.172182,0.968228
-172.154007,-30.124967,0.967944
-172.229096,-31.078969,0.967760
-172.300114,-32.034132,0.967685
-172.366960,-32.990412,0.967680
-172.429676,-33.947752,0.967691
-172.488451,-34.906048,0.967671
-172.543243,-35.865240,0.967561
-172.594060,-36.825265,0.967291
-172.641112,-37.786056,0.966844
-172.684371,-38.747570,0.966215
-172.724007,-39.709770,0.965457
-172.760138,-40.672661,0.964666
-172.792465,-41.636274,0.963935
-172.820679,-42.600606,0.963333
-172.844926,-43.565662,0.962905
-172.865395,-44.531404,0.962691
-172.882071,-45.497819,0.962664
-172.895030,-46.464883,0.962820
-172.904445,-47.432551,0.963118
-172.910254,-48.400820,0.963521
-172.912570,-49.369651,0.964002
-172.911618,-50.339018,0.964509
-172.907455,-51.308930,0.965007
-172.900095,-52.279367,0.965435
-172.889780,-53.250357,0.965764
-172.876611,-54.221911,0.965966
-172.860707,-55.194083,0.965988
-172.842310,-56.166927,0.965854
-172.821518,-57.140505,0.965569
-172.798180,-58.114888,0.965146
-172.772296,-59.090098,0.964622
-172.744094,-60.066171,0.964054
-172.713650,-61.043111,0.963487
-172.681011,-62.020902,0.962971
-172.646309,-62.999541,0.962553
-172.609626,-63.978991,0.962279
-172.570998,-64.959240,0.962177
-172.530579,-65.940256,0.962296
-172.488470,-66.922022,0.962646
-172.444710,-67.904511,0.963203
-172.399443,-68.887746,0.963937
-172.352948,-69.871721,0.964761
-172.305398,-70.856466,0.965584
-172.256794,-71.841979,0.966323
-172.207137,-72.828243,0.966955
-172.156403,-73.815212,0.967505
-172.104546,-74.802854,0.968005
-172.051632,-75.791120,0.968514
-171.997679,-76.779964,0.969087
-171.942686,-77.769350,0.969737
-171.886707,-78.759237,0.970443
-171.830013,-79.749640,0.971167
-171.772918,-80.740549,0.971846
-171.715434,-81.731945,0.972416
-171.657467,-82.723789,0.972866
-171.598927,-83.716003,0.973213
-171.539739,-84.708538,0.973497
-171.479895,-85.701330,0.973794
-171.419358,-86.694306,0.974161
-171.358103,-87.687418,0.974668
-171.296126,-88.680621,0.975348
-171.233400,-89.673885,0.976220
-171.169901,-90.667192,0.977254
-171.105774,-91.660561,0.978386
-171.041343,-92.654037,0.979524
-170.976674,-93.647644,0.980563
-170.911657,-94.641392,0.981431
-170.846219,-95.635270,0.982104
-170.780283,-96.629255,0.982603
-170.713816,-97.623336,0.982943
-170.646799,-98.617477,0.983158
-170.579196,-99.611666,0.983289
-170.510977,-100.605868,0.983358
-170.442156,-101.600054,0.983418
-170.372722,-102.594191,0.983466
-170.302662,-103.588269,0.983535
-170.231982,-104.582255,0.983631
-170.160668,-105.576135,0.983767
-170.088695,-106.569877,0.983929
-170.016085,-107.563481,0.984118
-169.942835,-108.556939,0.984346
-169.868923,-109.550224,0.984594
-169.794348,-110.543335,0.984850
-169.719118,-111.536267,0.985121
-169.643204,-112.529018,0.985399
-169.566615,-113.521580,0.985668
-169.489354,-114.513953,0.985930
-169.411389,-115.506129,0.986176
-169.332699,-116.498114,0.986409
-169.253314,-117.489894,0.986620
-169.173217,-118.481478,0.986814
-169.092390,-119.472848,0.986980
-169.010840,-120.464002,0.987124
-168.928550,-121.454925,0.987254
-168.845483,-122.445620,0.987365
-168.761659,-123.436071,0.987471
-168.677070,-124.426260,0.987589
-168.591673,-125.416180,0.987725
-168.505460,-126.405813,0.987905
-168.418431,-127.395164,0.988155
-168.330541,-128.384200,0.988502
-168.241782,-129.372935,0.988974
-168.152139,-130.361357,0.989618
-168.061552,-131.349473,0.990448
-167.969989,-132.337304,0.991481
-167.877475,-133.324858,0.992713
-167.783981,-134.312183,0.994099
-167.689524,-135.299337,0.995538
-167.594307,-136.286400,0.996910
-167.498386,-137.273443,0.998075
-167.401651,-138.260511,0.998924
-167.304054,-139.247634,0.999419
-167.205566,-140.234808,0.999584
-167.106118,-141.222037,0.999454
-167.005646,-142.209299,0.999110
-166.904162,-143.196562,0.998619
-166.801612,-144.183797,0.998067
-166.697966,-145.170969,0.997531
-166.593225,-146.158049,0.997087
-166.487343,-147.144985,0.996804
-166.380265,-148.131755,0.996740
-166.272042,-149.118336,0.996936
-166.162672,-150.104723,0.997397
-166.052139,-151.090915,0.998112
-165.940506,-152.076936,0.998998
-165.827928,-153.062849,0.999925
-165.714449,-154.048700,1.000739
-165.600017,-155.034517,1.001293
-165.484585,-156.020311,1.001543
-165.368079,-157.006085,1.001476
-165.250415,-157.991814,1.001137
-165.131614,-158.977476,1.000592
-165.011637,-159.963041,0.999942
-164.890455,-160.948473,0.999271
-164.768081,-161.933745,0.998670
-164.644505,-162.918804,0.998224
-164.519699,-163.903634,0.997992
-164.393758,-164.888226,0.998014
-164.266753,-165.872559,0.998291
-164.138755,-166.856669,0.998775
-164.009823,-167.840583,0.999329
-163.879835,-168.824309,0.999787
-163.748647,-169.807840,1.000056
-163.616230,-170.791182,1.000115
-163.482591,-171.774324,1.000021
-163.347707,-172.757256,0.999833
-163.211588,-173.739944,0.999631
-163.074379,-174.722409,0.999479
-162.936190,-175.704657,0.999390
-162.796962,-176.686682,0.999288
-162.656510,-177.668469,0.999086
-162.514786,-178.650004,0.998784
-162.371748,-179.631269,0.998425
-162.227535,-180.612260,0.998091
-162.082328,-181.592985,0.997853
-161.936039,-182.573422,0.997670
-161.788415,-183.553553,0.997463
-161.639530,-184.533366,0.997233
-161.489492,-185.512876,0.997008
-161.338230,-186.492070,0.996764
-161.185647,-187.470921,0.996485
-161.031836,-188.449435,0.996232
-160.876862,-189.427615,0.996057
-160.720606,-190.405417,0.995950
-160.563130,-191.382869,0.995922
-160.404388,-192.359949,0.995962
-160.244354,-193.336649,0.996076
-160.083184,-194.313003,0.996284
-159.920679,-195.288992,0.996508
-159.756791,-196.264607,0.996713
-159.591672,-197.239877,0.996938
-159.425380,-198.214821,0.997195
-159.257805,-199.189432,0.997420
-159.088961,-200.163720,0.997577
-158.918821,-201.137702,0.997607
-158.747375,-202.111388,0.997468
-158.574659,-203.084786,0.997174
-158.400681,-204.057895,0.996737
-158.225366,-205.030705,0.996202
-158.048774,-206.003211,0.995664
-157.870953,-206.975399,0.995199
-157.691904,-207.947267,0.994893
-157.511691,-208.918813,0.994836
-157.330393,-209.890052,0.995037
-157.147829,-210.860975,0.995443
-156.963952,-211.831588,0.996000
-156.778853,-212.801916,0.996738
-156.592590,-213.772006,0.997642
-156.405191,-214.741882,0.998641
-156.216645,-215.711577,0.999621
-156.026919,-216.681129,1.000480
-155.836019,-217.650555,1.001148
-155.643982,-218.619865,1.001611
-155.450839,-219.589081,1.001895
-155.256560,-220.558166,1.002040
-155.061222,-221.527105,1.002190
-154.864844,-222.495876,1.002419
-154.667339,-223.464419,1.002759
-154.468677,-224.432695,1.003241
-154.268974,-225.400699,1.003942
-154.068143,-226.368373,1.004862
-153.866201,-227.335692,1.006024
-153.663218,-228.302660,1.007408
-153.459084,-229.269219,1.008935
-153.253794,-230.235371,1.010534
-153.047402,-231.201124,1.012137
-152.839859,-232.166451,1.013668
-152.631107,-233.131333,1.015126
-152.421240,-234.095770,1.016495
-152.210333,-235.059771,1.017754
-151.998225,-236.023285,1.018882
-151.784767,-236.986254,1.019951
-151.569925,-237.948627,1.021102
-151.353627,-238.910362,1.022451
-151.135846,-239.871421,1.024056
-150.916698,-240.831838,1.025874
-150.696273,-241.791668,1.027751
-150.474485,-242.750911,1.029454
-150.251274,-243.709564,1.030853
-150.026576,-244.667622,1.031922
-149.800235,-245.625015,1.032659
-149.572196,-246.581712,1.033126
-149.342454,-247.537682,1.033413
-149.110906,-248.492860,1.033579
-148.877485,-249.447190,1.033682
-148.642179,-250.400634,1.033783
-148.404862,-251.353128,1.033896
-148.165467,-252.304628,1.034037
-147.924015,-253.255115,1.034237
-147.680438,-254.204531,1.034484
-147.434603,-255.152829,1.034753
-147.186521,-256.100004,1.035046
-146.936151,-257.046020,1.035346
-146.683378,-257.990851,1.035616
-146.428196,-258.934465,1.035868
-146.170574,-259.876865,1.036085
-145.910315,-260.817988,1.036224
-145.647378,-261.757824,1.036278
-145.381837,-262.696372,1.036282
-145.113581,-263.633614,1.036207
-144.842516,-264.569510,1.036056
-144.568660,-265.504062,1.035840
-144.291914,-266.437219,1.035560
-144.012148,-267.368949,1.035208
-143.729430,-268.299247,1.034808
-143.443714,-269.228091,1.034397
-143.154838,-270.155403,1.033937
-142.862787,-271.081149,1.033468
-142.567606,-272.005335,1.033039
-142.269163,-272.927885,1.032644
-141.967432,-273.848767,1.032328
-141.662432,-274.767964,1.032146
-141.353996,-275.685390,1.032125
-141.041981,-276.600971,1.032283
-140.726514,-277.514749,1.032736
-140.407512,-278.426689,1.033533
-140.084830,-279.336735,1.034691
-139.758444,-280.244898,1.036251
-139.428312,-281.151196,1.038208
-139.094234,-282.055615,1.040440
-138.756291,-282.958265,1.042828
-138.414829,-283.859380,1.045210
-138.069912,-284.759083,1.047347
-137.721287,-285.657367,1.049019
-137.368964,-286.554293,1.050175
-137.012979,-287.449898,1.050870
-136.653174,-288.344145,1.051142
-136.289497,-289.237007,1.051086
-135.922005,-290.128477,1.050818
-135.550513,-291.018454,1.050402
-135.174931,-291.906863,1.049895
-134.795424,-292.793739,1.049419
-134.411959,-293.679010,1.049015
-134.024413,-294.562572,1.048671
-133.632855,-295.444416,1.048443
-133.237328,-296.324512,1.048339
-132.837704,-297.202750,1.048320
-132.434078,-298.079119,1.048411
-132.026530,-298.953620,1.048612
-131.614894,-299.826140,1.048870
-131.199120,-300.696606,1.049143
-130.779420,-301.565086,1.049487
-130.355736,-302.431516,1.049864
-129.928022,-303.295838,1.050240
-129.496362,-304.158064,1.050628
-129.060741,-305.018165,1.051026
-128.620978,-305.876012,1.051364
-128.177248,-306.731659,1.051689
-127.729611,-307.585131,1.052016
-127.277953,-308.436333,1.052310
-126.822235,-309.285217,1.052550
-126.362616,-310.131842,1.052801
-125.898978,-310.976132,1.053006
-125.431324,-311.818055,1.053194
-124.959760,-312.657653,1.053382
-124.484248,-313.494870,1.053563
-124.004550,-314.329558,1.053676
-123.520877,-315.161813,1.053791
-123.033297,-315.991651,1.053920
-122.541707,-316.819004,1.054039
-122.046126,-317.643832,1.054144
-121.546645,-318.466204,1.054284
-121.043100,-319.285990,1.054391
-120.535513,-320.103186,1.054474
-120.024026,-320.917859,1.054590
-119.508588,-321.729980,1.054699
-118.989045,-322.539429,1.054777
-118.465537,-323.346294,1.054840
-117.938093,-324.150571,1.054907
-117.406595,-324.952214,1.054930
-116.871120,-325.751242,1.054924
-116.331732,-326.547704,1.054895
-115.788205,-327.341462,1.054780
-115.240542,-328.132508,1.054556
-114.688947,-328.920993,1.054266
-114.133351,-329.706878,1.053880
-113.573695,-330.490102,1.053356
-113.010059,-331.270749,1.052694
-112.442445,-332.048790,1.051885
-111.870722,-332.824127,1.050875
-111.295033,-333.596836,1.049712
-110.715438,-334.366913,1.048449
-110.131803,-335.134230,1.047083
-109.544252,-335.898789,1.045718
-108.953029,-336.660738,1.044449
-108.357968,-337.419895,1.043167
-107.759044,-338.176190,1.041853
-107.156440,-338.929681,1.040599
-106.550215,-339.680323,1.039469
-105.940213,-340.427915,1.038458
-105.326618,-341.172503,1.037689
-104.709426,-341.913988,1.037210
-104.088607,-342.652269,1.037010
-103.464297,-343.387430,1.037097
-102.836510,-344.119432,1.037420
-102.205198,-344.848227,1.037909
-101.570480,-345.573905,1.038551
-100.932421,-346.296507,1.039302
-100.290896,-347.015929,1.040081
-99.645932,-347.732195,1.040867
-98.997683,-348.445453,1.041684
-98.346096,-349.155656,1.042501
-97.691177,-349.862806,1.043287
-97.033003,-350.566982,1.044084
-96.371555,-351.268161,1.044872
-95.706715,-351.966240,1.045607
-95.038657,-352.661352,1.046358
-94.367425,-353.353553,1.047130
-93.692960,-354.042767,1.047907
-93.015266,-354.728978,1.048681
-92.334468,-355.412298,1.049493
-91.650491,-356.092649,1.050311
-90.963370,-356.770038,1.051137
-90.273198,-357.444544,1.051987
-89.579962,-358.116146,1.052854
-88.883530,-358.784692,1.053667
-88.184043,-359.450321,1.054466
-87.481573,-360.113087,1.055258
-86.776069,-360.772942,1.056002
-86.067541,-361.429882,1.056685
-85.356075,-362.083990,1.057320
-84.641582,-362.735174,1.057846
-83.924054,-363.383416,1.058237
-83.203603,-364.028845,1.058522
-82.480238,-364.671451,1.058671
-81.753880,-365.311129,1.058623
-81.024602,-365.947931,1.058385
-80.292470,-366.581917,1.057962
-79.557435,-367.212973,1.057321
-78.819570,-367.841102,1.056475
-78.078965,-368.466316,1.055491
-77.335573,-369.088431,1.054386
-76.589543,-369.707470,1.053287
-75.841233,-370.323705,1.052401
-75.090547,-370.936844,1.051696
-74.337462,-371.546713,1.051217
-73.582101,-372.153301,1.051032
-72.824427,-372.756429,1.051123
-72.064443,-373.356015,1.051442
-71.302273,-373.952120,1.051976
-70.537915,-374.544722,1.052668
-69.771298,-375.133659,1.053422
-69.002462,-375.718994,1.054215
-68.231480,-376.300792,1.055021
-67.458277,-376.878952,1.055789
-66.682865,-377.453500,1.056494
-65.905299,-378.024494,1.057152
-65.125492,-378.591816,1.057724
-64.343347,-379.155357,1.058175
-63.559012,-379.715290,1.058570
-62.772470,-380.271609,1.058907
-61.983658,-380.824209,1.059189
-61.192598,-381.373102,1.059409
-60.399320,-381.918344,1.059624
-59.603740,-382.459770,1.059783
-58.805896,-382.997423,1.059923
-58.005841,-383.531368,1.060084
-57.203537,-384.061512,1.060245
-56.398892,-384.587689,1.060365
-55.592019,-385.110051,1.060511
-54.782933,-385.628561,1.060683
-53.971574,-386.143138,1.060856
-53.157998,-386.653783,1.061048
-52.342231,-387.160539,1.061270
-51.524156,-387.663177,1.061477
-50.703816,-388.161717,1.061664
-49.881308,-388.656289,1.061887
-49.056593,-389.146807,1.062121
-48.229628,-389.633136,1.062336
-47.400480,-390.115372,1.062562
-46.569146,-390.593477,1.062796
-45.735563,-391.067317,1.063007
-44.899808,-391.536969,1.063210
-44.061906,-392.002468,1.063427
-43.221765,-392.463602,1.063617
-42.379374,-392.920320,1.063754
-41.534843,-393.372812,1.063898
-40.688143,-393.820964,1.064040
-39.839248,-394.264718,1.064147
-38.988203,-394.704141,1.064254
-38.135011,-395.139189,1.064363
-37.279578,-395.569639,1.064396
-36.421991,-395.995661,1.064424
-35.562298,-396.417304,1.064461
-34.700441,-396.834436,1.064479
-33.836402,-397.246971,1.064453
-32.970273,-397.655078,1.064435
-32.102007,-398.058622,1.064402
-31.231607,-398.457570,1.064350
-30.359129,-398.852027,1.064305
-29.484580,-399.241959,1.064281
-28.607847,-399.627087,1.064187
-27.729035,-400.007574,1.064084
-26.848188,-400.383546,1.064012
-25.965287,-400.754875,1.063942
-25.080331,-401.121527,1.063870
-24.193391,-401.483630,1.063826
-23.304426,-401.841028,1.063782
-22.413410,-402.193652,1.063719
-21.520447,-402.541684,1.063692
-20.625543,-402.885110,1.063692
-19.728642,-403.223749,1.063668
-18.829794,-403.557671,1.063656
-17.929058,-403.887002,1.063663
-17.026390,-404.211584,1.063668
-16.121827,-404.531475,1.063665
-15.215416,-404.846780,1.063680
-14.307110,-405.157342,1.063674
-13.396857,-405.462985,1.063585
-12.484776,-405.764003,1.063486
-11.570869,-406.060400,1.063368
-10.655104,-406.352078,1.063184
-9.737496,-406.639066,1.062954
-8.818080,-406.921477,1.062682
-7.896802,-407.199110,1.062311
-6.973690,-407.472061,1.061870
-6.048780,-407.740471,1.061374
-5.122066,-408.004258,1.060814
-4.193503,-408.263258,1.060144
-3.263158,-408.517699,1.059425
-2.331055,-408.767604,1.058663
-1.397209,-409.012900,1.057863
-0.461657,-409.253683,1.057048
0.475515,-409.490063,1.056276
1.414300,-409.721840,1.055514
2.354603,-409.949100,1.054823
3.296265,-410.172165,1.054333
4.239205,-410.390855,1.054045
5.183444,-410.604553,1.053836
6.128865,-410.813361,1.053765
7.075412,-411.017161,1.053801
8.022996,-411.216061,1.053933
8.971557,-411.410203,1.054180
9.921067,-411.599549,1.054485
10.871553,-411.783930,1.054759
11.822947,-411.963579,1.055042
12.775242,-412.138567,1.055292
13.728458,-412.308818,1.055488
14.682579,-412.474389,1.055602
15.637590,-412.635403,1.055659
16.593532,-412.791683,1.055603
17.550400,-412.943241,1.055427
18.508153,-413.090309,1.055186
19.466803,-413.232875,1.054875
20.426360,-413.370826,1.054466
21.386799,-413.504277,1.053991
22.348096,-413.633335,1.053467
23.310255,-413.757863,1.052882
24.273248,-413.877982,1.052247
25.237034,-413.993815,1.051609
26.201604,-414.105279,1.050939
27.166939,-414.212210,1.050214
28.132990,-414.314906,1.049492
29.099705,-414.413411,1.048798
30.067051,-414.507673,1.048112
31.034983,-414.597741,1.047446
32.003440,-414.683755,1.046845
32.972390,-414.765578,1.046263
33.941761,-414.843233,1.045716
34.911490,-414.916938,1.045255
35.881515,-414.986714,1.044869
36.851780,-415.052448,1.044541
37.822217,-415.114248,1.044276
38.792742,-415.172272,1.044108
39.763318,-415.226434,1.043990
40.733865,-415.276819,1.043925
41.704328,-415.323573,1.043921
42.674669,-415.366688,1.043957
43.644850,-415.406003,1.043952
44.614852,-415.441803,1.043929
45.584647,-415.474254,1.043892
46.554272,-415.503367,1.043820
47.523744,-415.529213,1.043682
48.493145,-415.551837,1.043469
49.462544,-415.570936,1.043091
50.431988,-415.586276,1.042506
51.401504,-415.597946,1.041735
52.371111,-415.606121,1.040868
53.340807,-415.610812,1.039908
54.310580,-415.611879,1.038864
55.280396,-415.609433,1.037776
56.250256,-415.603564,1.036696
57.220117,-415.594161,1.035606
58.189946,-415.581250,1.034534
59.159723,-415.564896,1.033522
60.129405,-415.544981,1.032553
61.098955,-415.521340,1.031608
62.068343,-415.494167,1.030746
63.037531,-415.463443,1.029994
64.006469,-415.429065,1.029345
64.975112,-415.391033,1.028817
65.943411,-415.349429,1.028457
66.911286,-415.304126,1.028245
67.878663,-415.255236,1.028231
68.845457,-415.202728,1.028397
69.811570,-415.146292,1.028647
70.776952,-415.085882,1.028973
71.741571,-415.021442,1.029344
72.705410,-414.952793,1.029722
73.668465,-414.879867,1.030097
74.630749,-414.802671,1.030487
75.592264,-414.721010,1.030856
76.553029,-414.634939,1.031243
77.513050,-414.544719,1.031741
78.472325,-414.450213,1.032307
79.430809,-414.351107,1.032886
80.388474,-414.247252,1.033445
81.345331,-414.138503,1.033963
82.301399,-414.024966,1.034490
83.256722,-413.906789,1.035095
84.211299,-413.783976,1.035793
85.165085,-413.656195,1.036520
86.118043,-413.523250,1.037231
87.070187,-413.385179,1.037951
88.021560,-413.242227,1.038783
88.972164,-413.094524,1.039771
89.921934,-412.941651,1.040822
90.870814,-412.783487,1.041913
91.818796,-412.620120,1.043087
92.765912,-412.451877,1.044432
93.712049,-412.278304,1.045822
94.657175,-412.099400,1.047262
95.601284,-411.915358,1.048804
96.544351,-411.726222,1.050452
97.486280,-411.531788,1.052136
98.427012,-411.332013,1.053812
99.366543,-411.127110,1.055525
100.304810,-410.916947,1.057196
101.241746,-410.701408,1.058776
102.177378,-410.480642,1.060311
103.111679,-410.254717,1.061780
104.044637,-410.023572,1.063156
104.976200,-409.787073,1.064394
105.906385,-409.545326,1.065520
106.835208,-409.298457,1.066547
107.762595,-409.046145,1.067387
108.688570,-408.788512,1.068072
109.613167,-408.525726,1.068660
110.536378,-408.257774,1.069127
111.458171,-407.984551,1.069457
112.378522,-407.705973,1.069625
113.297491,-407.422298,1.069727
114.215039,-407.133427,1.069720
115.131109,-406.839226,1.069574
116.045748,-406.539911,1.069358
116.958973,-406.235574,1.069082
117.870720,-405.926154,1.068716
118.780922,-405.611549,1.068203
119.689644,-405.292080,1.067616
120.596883,-404.967770,1.066950
121.502532,-404.638405,1.066136
122.406621,-404.304094,1.065212
123.309194,-403.965065,1.064233
124.210211,-403.621250,1.063184
125.109642,-403.272608,1.062058
126.007463,-402.919165,1.060868
126.903739,-402.561178,1.059660
127.798377,-402.198488,1.058389
128.691403,-401.831313,1.057079
129.582896,-401.459950,1.055806
130.472712,-401.084106,1.054482
131.360824,-400.703810,1.053114
132.247280,-400.319290,1.051739
133.132121,-399.930717,1.050386
134.015225,-399.537916,1.048964
134.896507,-399.140807,1.047434
135.776105,-398.739785,1.045872
136.653945,-398.334705,1.044238
137.530000,-397.925578,1.042524
138.404491,-397.512892,1.040856
139.277316,-397.096469,1.039183
140.148411,-396.676170,1.037466
141.017775,-396.252004,1.035723
141.885566,-395.824348,1.034056
142.751688,-395.392996,1.032417
143.616077,-394.957845,1.030809
144.478839,-394.519118,1.029301
145.339975,-394.076881,1.027924
146.199439,-393.631050,1.026656
147.057220,-393.181670,1.025533
147.913335,-392.728848,1.024569
148.767764,-392.272591,1.023757
149.620420,-391.812871,1.023061
150.471407,-391.349959,1.022546
151.320611,-390.883726,1.022144
152.167967,-390.414110,1.021856
153.013514,-389.941243,1.021736
153.857230,-389.465151,1.021788
154.699038,-388.985768,1.022007
155.538889,-388.503071,1.022392
156.376849,-388.017237,1.023005
157.212797,-387.528149,1.023795
158.046599,-387.035676,1.024692
158.878339,-386.540056,1.025747
159.707956,-386.041252,1.026928
160.535313,-385.539135,1.028196
161.360408,-385.033723,1.029596
162.183234,-384.525080,1.031135
163.003693,-384.013103,1.032805
163.821651,-383.497649,1.034568
164.637165,-382.978853,1.036487
165.450185,-382.456694,1.038542
166.260525,-381.931001,1.040643
167.068204,-381.401838,1.042784
167.873182,-380.869237,1.044935
168.675357,-380.333078,1.047040
169.474638,-379.793242,1.049077
170.271020,-379.249772,1.051064
171.064494,-378.702656,1.052993
171.854888,-378.151666,1.054798
172.642229,-377.596829,1.056532
173.426526,-377.038184,1.058212
174.207681,-376.475572,1.059788
174.985621,-375.908921,1.061274
175.760355,-375.338199,1.062698
176.531912,-374.763482,1.064095
177.300119,-374.184524,1.065390
178.064921,-373.601287,1.066610
178.826446,-373.013932,1.067819
179.584601,-372.422390,1.068974
180.339302,-371.826573,1.070023
181.090511,-371.226485,1.070926
181.838401,-370.622388,1.071740
182.582804,-370.014088,1.072406
183.323523,-369.401346,1.072850
184.060711,-368.784372,1.073160
184.794491,-368.163329,1.073395
185.524717,-367.538052,1.073505
186.251332,-366.908492,1.073496
186.974397,-366.274745,1.073360
187.694083,-365.637035,1.073144
188.410180,-364.995156,1.072723
189.122588,-364.349035,1.072011
189.831555,-363.698974,1.071095
190.537087,-363.044985,1.069959
191.239125,-362.386994,1.068583
191.937998,-361.725375,1.067066
192.633738,-361.060143,1.065397
193.326146,-360.391065,1.063528
194.015203,-359.718076,1.061428
194.701377,-359.041702,1.059262
195.384508,-358.361715,1.056978
196.064509,-357.678018,1.054562
196.741483,-356.990699,1.052036
197.415784,-356.300122,1.049524
198.087314,-355.606159,1.046992
198.755940,-354.908677,1.044394
199.421862,-354.207874,1.041770
200.085312,-353.504009,1.039163
200.746110,-352.796929,1.036464
201.404293,-352.086686,1.033618
202.060100,-351.373537,1.030705
202.713602,-350.657557,1.027740
203.364696,-349.938640,1.024705
204.013800,-349.217178,1.021737
204.660905,-348.493178,1.018846
205.305784,-347.766436,1.015973
205.948496,-347.037000,1.013135
206.589360,-346.305191,1.010430
207.228271,-345.570952,1.007783
207.865314,-344.834390,1.005200
208.500823,-344.095849,1.002762
209.134614,-343.355169,1.000413
209.766549,-342.612265,0.998129
210.396785,-341.867296,0.995959
211.025470,-341.120448,0.993917
211.652443,-340.371603,0.991940
212.278040,-339.621114,0.990097
212.902216,-338.868973,0.988391
213.524793,-338.115062,0.986798
214.145800,-337.359411,0.985326
214.765410,-336.602225,0.984038
215.383548,-335.843479,0.982880
216.000187,-335.083210,0.981843
216.615605,-334.321689,0.980984
217.229590,-333.558776,0.980271
217.842056,-332.794417,0.979697
218.453129,-332.028762,0.979324
219.062792,-331.261844,0.979132
219.670964,-330.493646,0.979080
220.277774,-329.724308,0.979171
220.883176,-328.953860,0.979386
221.487065,-328.182217,0.979719
222.089488,-327.409457,0.980202
222.690486,-326.635638,0.980840
223.289890,-325.860674,0.981546
223.887750,-325.084652,0.982312
224.484115,-324.307620,0.983115
225.078796,-323.529469,0.983919
225.671837,-322.750220,0.984762
226.263361,-321.969986,0.985716
226.853151,-321.188601,0.986742
227.441131,-320.406020,0.987840
228.027421,-319.622345,0.989121
228.612231,-318.837734,0.990640
229.195084,-318.051874,0.992258
229.776101,-317.264870,0.993987
230.355253,-316.476739,0.995794
230.932241,-315.687294,0.997584
231.507178,-314.896618,0.999418
232.080341,-314.104926,1.001408
232.651483,-313.312062,1.003470
233.220339,-312.517873,1.005521
233.787144,-311.722533,1.007602
234.351594,-310.925859,1.009607
234.913557,-310.127762,1.011497
235.473186,-309.328358,1.013366
236.030254,-308.527474,1.015141
236.584688,-307.725095,1.016799
237.136689,-306.921346,1.018349
237.686268,-306.116241,1.019762
238.233113,-305.309570,1.020937
238.777240,-304.501331,1.021902
239.318950,-303.691670,1.022784
239.858183,-302.880546,1.023586
240.394557,-302.067677,1.024233
240.928316,-301.253212,1.024827
241.459345,-300.437052,1.025397
241.987418,-299.619057,1.025882
242.512734,-298.799347,1.026312
243.035552,-297.978093,1.026744
243.555521,-297.155073,1.027060
244.072570,-296.330241,1.027258
244.586879,-295.503719,1.027430
245.098185,-294.675326,1.027518
245.606446,-293.845056,1.027503
246.111967,-293.013110,1.027441
246.614793,-292.179509,1.027311
247.114596,-291.344067,1.027014
247.611460,-290.506830,1.026593
248.105716,-289.667981,1.026150
248.597337,-288.827497,1.025669
249.085926,-287.985161,1.025029
249.571790,-287.141143,1.024274
250.054778,-286.295344,1.023352
250.534777,-285.447707,1.022222
251.012012,-284.598321,1.020980
251.486746,-283.747317,1.019700
251.958675,-282.894500,1.018339
252.427784,-282.039864,1.016909
252.894259,-281.183475,1.015499
253.357880,-280.325205,1.014085
253.818649,-279.465074,1.012643
254.276902,-278.603254,1.011227
254.732733,-277.739782,1.009836
255.185782,-276.874498,1.008368
255.636239,-276.007484,1.006880
256.084507,-275.138946,1.005478
256.530561,-274.268865,1.004142
256.973977,-273.397054,1.002767
257.415134,-272.523702,1.001411
257.853893,-271.648764,1.000034
258.290118,-270.772175,0.998607
258.724139,-269.894104,0.997207
259.156388,-269.014764,0.995934
259.586422,-268.133955,0.994692
260.014297,-267.251734,0.993478
260.440254,-266.368228,0.992329
260.864015,-265.483326,0.991163
261.285686,-264.597098,0.990030
261.705401,-263.709615,0.988975
262.122916,-262.820801,0.987959
262.538370,-261.930733,0.987001
262.952155,-261.039629,0.986165
263.364116,-260.147448,0.985396
263.774033,-259.254112,0.984665
264.182125,-258.359742,0.984036
264.588239,-257.464302,0.983516
264.992219,-256.567753,0.983079
265.394232,-255.670208,0.982751
265.794644,-254.771858,0.982596
266.192912,-253.872504,0.982516
266.589056,-252.972185,0.982542
266.983250,-252.071002,0.982730
267.375049,-251.168800,0.983038
267.764490,-250.265633,0.983456
268.151886,-249.361675,0.984031
268.537131,-248.456909,0.984721
268.919721,-247.551165,0.985418
269.299882,-246.644569,0.986156
269.677362,-245.737032,0.986879
270.051828,-244.828439,0.987542
270.423497,-243.918884,0.988208
270.792732,-243.008503,0.988954
271.158927,-242.097067,0.989691
271.522006,-241.184542,0.990429
271.882064,-240.270970,0.991159
272.238770,-239.356214,0.991857
272.592046,-238.440231,0.992526
272.942115,-237.523086,0.993224
273.289082,-236.604804,0.993974
273.632441,-235.685190,0.994702
273.972397,-234.764302,0.995427
274.308859,-233.842094,0.996110
274.641678,-232.918507,0.996714
274.970966,-231.993557,0.997237
275.296872,-231.067285,0.997684
275.619260,-230.139604,0.998050
275.938030,-229.210453,0.998330
276.253415,-228.279878,0.998561
276.565446,-227.347875,0.998732
276.873972,-226.414366,0.998816
277.179346,-225.479452,0.998820
277.481714,-224.543162,0.998740
277.780920,-223.605431,0.998540
278.077564,-222.666434,0.998271
278.371704,-221.726156,0.997933
278.663088,-220.784500,0.997501
278.951701,-219.841432,0.996993
279.238199,-218.897145,0.996448
279.522461,-217.951589,0.995848
279.804379,-217.004728,0.995164
280.084208,-216.056644,0.994389
280.362289,-215.107439,0.993537
280.638520,-214.157088,0.992590
280.913379,-213.205741,0.991589
281.187076,-212.253458,0.990567
281.459357,-211.300157,0.989508
281.730869,-210.346051,0.988461
282.001728,-209.391185,0.987429
282.271607,-208.435486,0.986367
282.540583,-207.478990,0.985261
282.809150,-206.521883,0.984142
283.077121,-205.564135,0.982983
283.344735,-204.605835,0.981812
283.612360,-203.647123,0.980670
283.879683,-202.687923,0.979556
284.147022,-201.728350,0.978492
284.414677,-200.768520,0.977507
284.682281,-199.808353,0.976551
284.949711,-198.847865,0.975601
285.217330,-197.887177,0.974679
285.485040,-196.926298,0.973769
285.752778,-195.965247,0.972873
286.020914,-195.004138,0.972038
286.289186,-194.042925,0.971254
286.557619,-193.081621,0.970541
286.826514,-192.120337,0.969927
287.095526,-191.158995,0.969366
287.364930,-190.197691,0.968870
287.634808,-189.236489,0.968438
287.904808,-188.275275,0.968024
288.174768,-187.314037,0.967622
288.444937,-186.352845,0.967259
288.715211,-185.391667,0.966952
288.985532,-184.430480,0.966710
289.256116,-183.469354,0.966557
289.526734,-182.508229,0.966457
289.797432,-181.547118,0.966401
290.068409,-180.586089,0.966387
290.339357,-179.625051,0.966385
290.610535,-178.664088,0.966405
290.881999,-177.703209,0.966452
291.153429,-176.742301,0.966529
291.424779,-175.781345,0.966650
291.696233,-174.820383,0.966828
291.967674,-173.859384,0.967046
292.239065,-172.898326,0.967288
292.510652,-171.937292,0.967555
292.782224,-170.976225,0.967815
293.053843,-170.015129,0.968061
293.325772,-169.054089,0.968315
293.597714,-168.093007,0.968563
293.869598,-167.131848,0.968825
294.141571,-166.170653,0.969128
294.413605,-165.209407,0.969455
294.685597,-164.248085,0.969787
294.957776,-163.286755,0.970119
295.230037,-162.325411,0.970436
295.502295,-161.364013,0.970704
295.774883,-160.402680,0.970965
296.047586,-159.441326,0.971194
296.320256,-158.479916,0.971417
296.593011,-157.518473,0.971659
296.865890,-156.557018,0.971912
297.138746,-155.595515,0.972165
297.411733,-154.634002,0.972406
297.684873,-153.672518,0.972628
297.957986,-152.711012,0.972799
298.231358,-151.749564,0.972940
298.504911,-150.788163,0.973053
298.778435,-149.826736,0.973142
299.051983,-148.865300,0.973233
299.325659,-147.903883,0.973348
299.599307,-146.942451,0.973454
299.872990,-145.981012,0.973552
300.146835,-145.019637,0.973619
300.420641,-144.058261,0.973629
300.694562,-143.096927,0.973579
300.968711,-142.135667,0.973484
301.242821,-141.174414,0.973344
301.516889,-140.213124,0.973168
301.791058,-139.251853,0.972991
302.065218,-138.290564,0.972780
302.339333,-137.329227,0.972544
302.613627,-136.367924,0.972300
302.887947,-135.406586,0.972031
303.162199,-134.445183,0.971770
303.436523,-133.483743,0.971540
303.710913,-132.522266,0.971347
303.985231,-131.560725,0.971164
304.259587,-130.599151,0.970997
304.534089,-129.637575,0.970850
304.808533,-128.675955,0.970719
305.082910,-127.714289,0.970627
305.357373,-126.752621,0.970575
305.631847,-125.790945,0.970552
305.906196,-124.829250,0.970514
306.180644,-123.867609,0.970458
306.455282,-122.906065,0.970373
306.729843,-121.944543,0.970220
307.004239,-120.983024,0.970019
307.278719,-120.021574,0.969777
307.553402,-119.060223,0.969491
307.828039,-118.098895,0.969179
308.102530,-117.137532,0.968848
308.376896,-116.176131,0.968550
308.651313,-115.214735,0.968278
308.925859,-114.253366,0.968041
309.200361,-113.291966,0.967810
309.474732,-112.330509,0.967603
309.748975,-111.368979,0.967434
310.023185,-110.407412,0.967289
310.297626,-109.445893,0.967170
310.572195,-108.484410,0.967054
310.846744,-107.522911,0.966920
311.121186,-106.561362,0.966820
311.395478,-105.599753,0.966786
311.669632,-104.638066,0.966854
311.943669,-103.676333,0.967021
312.217666,-102.714581,0.967272
312.491936,-101.752951,0.967555
312.766434,-100.791449,0.967805
313.041040,-99.830065,0.967968
313.315669,-98.868786,0.968030
313.590276,-97.907573,0.967997
313.864825,-96.946422,0.967885
314.139309,-95.985297,0.967712
314.413724,-95.024188,0.967507
314.688076,-94.063062,0.967286
314.962372,-93.101919,0.967082
315.236623,-92.140727,0.966914
315.510839,-91.179480,0.966802
315.785031,-90.218171,0.966742
316.059204,-89.256794,0.966765
316.333363,-88.295360,0.966859
316.607508,-87.333874,0.967040
316.881639,-86.372338,0.967312
317.155755,-85.410769,0.967654
317.429844,-84.449200,0.968069
317.703901,-83.487638,0.968535
317.977921,-82.526117,0.969037
318.251896,-81.564662,0.969530
318.525824,-80.603288,0.969997
318.799708,-79.642036,0.970391
319.073568,-78.680911,0.970675
319.347427,-77.719944,0.970835
319.621343,-76.759138,0.970852
319.895391,-75.798511,0.970730
320.169677,-74.838053,0.970547
320.444199,-73.877708,0.970363
320.718759,-72.917382,0.970258
320.993258,-71.956993,0.970267
321.267659,-70.996522,0.970409
321.541952,-70.035957,0.970643
321.816137,-69.075291,0.970934
322.090221,-68.114554,0.971226
322.364238,-67.153745,0.971473
322.638239,-66.192900,0.971629
322.912316,-65.232035,0.971717
323.186596,-64.271161,0.971769
323.461129,-63.310282,0.971874
323.735833,-62.349329,0.972081
324.010588,-61.388278,0.972401
324.285314,-60.427106,0.972814
324.559961,-59.465814,0.973284
324.834527,-58.504439,0.973754
325.109054,-57.543013,0.974170
325.383629,-56.581584,0.974519
325.658397,-55.620197,0.974811
325.933422,-54.658859,0.975098
326.208615,-53.697535,0.975430
326.483830,-52.736174,0.975825
326.758964,-51.774764,0.976277
327.033993,-50.813305,0.976743
327.308952,-49.851846,0.977166
327.583943,-48.890433,0.977529
327.859147,-47.929116,0.977828
328.134624,-46.967907,0.978090
328.410227,-46.006761,0.978351
328.685793,-45.045602,0.978627
328.961244,-44.084420,0.978906
329.236600,-43.123228,0.979170
329.511966,-42.162056,0.979398
329.787506,-41.200961,0.979593
330.063262,-40.239929,0.979800
330.339118,-39.278916,0.980033
330.614948,-38.317876,0.980290
330.890677,-37.356809,0.980550
331.166343,-36.395715,0.980765
331.442076,-35.434659,0.980913
331.718051,-34.473665,0.980989
331.994241,-33.512735,0.981023
332.270495,-32.551789,0.981040
332.546695,-31.590783,0.981049
332.822819,-30.629704,0.981054
333.098960,-29.668567,0.981075
333.375257,-28.707406,0.981140
333.651789,-27.746223,0.981299
333.928476,-26.784988,0.981558
334.205142,-25.823687,0.981869
334.481759,-24.862310,0.982173
334.758404,-23.900910,0.982417
335.035251,-22.939545,0.982595
335.312327,-21.978230,0.982698
335.589520,-21.016910,0.982763
335.866712,-20.055555,0.982776
336.143863,-19.094139,0.982730
336.421061,-18.132695,0.982622
336.698420,-17.171229,0.982478
336.975972,-16.209747,0.982349
337.253655,-15.248208,0.982256
337.531341,-14.286564,0.982197
337.809007,-13.324826,0.982151
338.086734,-12.363014,0.982151
338.364661,-11.401153,0.982230
338.642826,-10.439272,0.982428
338.921094,-9.477340,0.982716
339.199312,-8.515347,0.983040
339.477497,-7.553335,0.983347
339.755819,-6.591390,0.983601
340.034458,-5.629591,0.983791
340.313298,-4.667905,0.983926
340.592107,-3.706263,0.984012
340.870810,-2.744669,0.984045
341.149491,-1.783139,0.984015
341.428364,-0.821745,0.983938
341.707446,0.139509,0.983838
341.986554,1.100678,0.983713
342.265555,2.061827,0.983586
342.544462,3.022945,0.983433
342.823447,3.983970,0.983254
343.102635,4.944877,0.983069
343.381917,5.905698,0.982877
343.661115,6.866502,0.982700
343.940188,7.827302,0.982518
344.219227,8.788045,0.982329
344.498436,9.748688,0.982128
344.777778,10.709226,0.981947
345.057078,11.669727,0.981783
345.336232,12.630212,0.981629
345.615259,13.590651,0.981495
345.894369,14.550980,0.981349
346.173638,15.511167,0.981224
346.452896,16.471246,0.981128
346.731976,17.431284,0.981045
347.010863,18.391257,0.980979
347.289716,19.351108,0.980893
347.568716,20.310767,0.980795
347.847756,21.270263,0.980682
348.126614,22.229673,0.980543
348.405229,23.189012,0.980353
348.683700,24.148243,0.980096
348.962286,25.107297,0.979758
349.241004,26.066178,0.979354
349.519629,27.024997,0.978878
349.798012,27.983810,0.978370
350.076229,28.942645,0.977859
350.354387,29.901483,0.977394
350.632553,30.860348,0.977010
350.910659,31.819280,0.976725
351.188584,32.778312,0.976500
351.466385,33.737410,0.976304
351.744159,34.696571,0.976144
352.021943,35.655769,0.976035
352.299691,36.615033,0.975979
352.577292,37.574377,0.975964
352.854759,38.533781,0.975952
353.132217,39.493196,0.975941
353.409697,40.452608,0.975945
353.687126,41.412036,0.975994
353.964415,42.371498,0.976057
354.241529,43.330985,0.976128
354.518623,44.290435,0.976187
354.795774,45.249815,0.976250
355.072908,46.209167,0.976330
355.349887,47.168503,0.976434
355.626664,48.127846,0.976543
355.903348,49.087147,0.976633
356.180122,50.046350,0.976706
356.456942,51.005470,0.976792
356.733654,51.964562,0.976878
357.010170,52.923649,0.976975
357.286518,53.882733,0.977046
357.562892,54.841747,0.977080
357.839373,55.800678,0.977105
358.115854,56.759576,0.977134
358.392196,57.718487,0.977157
358.668354,58.677445,0.977172
358.944419,59.636421,0.977144
359.220546,60.595373,0.977089
359.496765,61.554316,0.977043
359.772989,62.513305,0.977026
360.049109,63.472370,0.977045
360.325062,64.431531,0.977084
360.600924,65.390772,0.977148
360.876823,66.350067,0.977262
361.152862,67.309395,0.977471
361.429012,68.268756,0.977808
361.705112,69.228197,0.978237
361.981055,70.187725,0.978681
362.256838,71.147307,0.979071
362.532589,72.106887,0.979381
362.808451,73.066424,0.979604
363.084425,74.025927,0.979768
363.360403,74.985444,0.979924
363.636249,75.945025,0.980073
363.911874,76.904702,0.980196
364.187315,77.864466,0.980309
364.462737,78.824298,0.980460
364.738340,79.784148,0.980718
365.014149,80.744030,0.981128
365.289939,81.704005,0.981643
365.565553,82.664085,0.982189
365.840938,83.624288,0.982686
366.116149,84.584564,0.983098
366.391306,85.544897,0.983418
366.666519,86.505256,0.983702
366.941782,87.465669,0.983987
367.216928,88.426176,0.984272
367.491831,89.386828,0.984524
367.766500,90.347617,0.984742
368.041092,91.308507,0.984976
368.315782,92.269475,0.985301
368.590520,93.230520,0.985725
368.865066,94.191718,0.986225
369.139358,95.153059,0.986756
369.413463,96.114516,0.987327
369.687509,97.076036,0.987961
369.961529,98.037617,0.988682
370.235353,98.999271,0.989433
370.508929,99.960987,0.990158
370.782396,100.922706,0.990828
371.055735,101.884406,0.991429
371.328829,102.846120,0.991946
371.601696,103.807835,0.992385
371.874383,104.769545,0.992744
372.146851,105.731255,0.993032
372.419061,106.692981,0.993251
372.691093,107.654704,0.993403
372.962931,108.616428,0.993511
373.234489,109.578214,0.993602
373.505764,110.540065,0.993745
373.776826,111.501970,0.993967
374.047702,112.463922,0.994273
374.318333,113.425928,0.994626
374.588674,114.387992,0.995007
374.858689,115.350107,0.995413
375.128380,116.312271,0.995823
375.397824,117.274427,0.996204
375.667160,118.236525,0.996495
375.936327,119.198546,0.996671
376.205238,120.160514,0.996699
376.473830,121.122457,0.996619
376.742047,122.084383,0.996481
377.009902,123.046298,0.996336
377.277386,124.008226,0.996253
377.544475,124.970156,0.996282
377.811162,125.932091,0.996464
378.077441,126.894018,0.996806
378.343328,127.855920,0.997303
378.608865,128.817725,0.997884
378.874138,129.779377,0.998454
379.139123,130.740838,0.998921
379.403770,131.702084,0.999251
379.668024,132.663129,0.999434
379.931823,133.623965,0.999476
380.195107,134.584608,0.999425
380.457856,135.545081,0.999312
380.720052,136.505394,0.999208
380.981651,137.465564,0.999164
381.242610,138.425609,0.999201
381.502932,139.385526,0.999364
381.762628,140.345311,0.999634
382.021713,141.304936,0.999980
382.280240,142.264373,1.000323
382.538189,143.223599,1.000580
382.795500,144.182628,1.000729
383.052089,145.141479,1.000792
383.307878,146.100177,1.000790
383.562820,147.058765,1.000795
383.816910,148.017235,1.000857
384.070151,148.975616,1.001018
384.322503,149.933901,1.001292
384.573979,150.892092,1.001630
384.824561,151.850177,1.001998
385.074159,152.808170,1.002367
385.322689,153.766100,1.002732
385.570095,154.723982,1.003129
385.816442,155.681791,1.003560
386.061720,156.639536,1.004007
386.305827,157.597225,1.004431
386.548696,158.554892,1.004846
386.790300,159.512536,1.005301
387.030602,160.470191,1.005828
387.269534,161.427867,1.006442
387.507095,162.385561,1.007125
387.743225,163.343287,1.007861
387.977845,164.301070,1.008648
388.210946,165.258894,1.009481
388.442536,166.216772,1.010325
388.672494,167.174720,1.011167
388.900713,168.132770,1.011978
389.127257,169.090896,1.012786
389.352105,170.049118,1.013562
389.575119,171.007462,1.014290
389.796228,171.965947,1.014968
390.015512,172.924565,1.015622
390.232852,173.883341,1.016235
390.448175,174.842291,1.016802
390.661499,175.801413,1.017350
390.872798,176.760723,1.017904
391.081852,177.720246,1.018437
391.288722,178.679981,1.018988
391.493452,179.639892,1.019610
391.695919,180.600007,1.020287
391.896037,181.560298,1.021036
392.093841,182.520760,1.021883
392.289278,183.481345,1.022809
392.482263,184.442046,1.023786
392.672781,185.402805,1.024753
392.860713,186.363611,1.025648
393.046069,187.324418,1.026442
393.228820,188.285183,1.027119
393.408912,189.245890,1.027672
393.586322,190.206511,1.028091
393.760930,191.167038,1.028393
393.932751,192.127445,1.028592
394.101791,193.087723,1.028695
394.267931,194.047876,1.028686
394.431171,195.007905,1.028610
394.591451,195.967813,1.028499
394.748770,196.927619,1.028420
394.903100,197.887335,1.028402
395.054376,198.846991,1.028467
395.202588,199.806591,1.028621
395.347664,200.766174,1.028844
395.489520,201.725757,1.029105
395.628068,202.685392,1.029377
395.763193,203.645116,1.029653
395.894758,204.604985,1.029938
396.022587,205.565065,1.030270
396.146450,206.525448,1.030687
396.266032,207.486221,1.031227
396.380948,208.447496,1.031901
396.490688,209.409393,1.032715
396.594671,210.372042,1.033609
396.692244,211.335586,1.034471
396.783157,212.300095,1.035194
396.867944,213.265590,1.035804
396.947364,214.232012,1.036378
397.022094,215.199360,1.036953
397.092633,216.167603,1.037588
397.159485,217.136726,1.038315
397.222929,218.106698,1.039140
397.283227,219.077497,1.040043
397.340628,220.049062,1.040978
397.395402,221.021339,1.041890
397.447784,221.994267,1.042778
397.497661,222.967806,1.043578
397.545096,223.941887,1.044311
397.590308,224.916451,1.045002
397.633092,225.891434,1.045639
397.673574,226.866764,1.046268
397.711732,227.842392,1.046927
397.747485,228.818238,1.047626
397.780933,229.794240,1.048399
397.811983,230.770325,1.049242
397.840637,231.746431,1.050153
397.866945,232.722470,1.051135
397.890801,233.698400,1.052163
397.912215,234.674141,1.053215
397.931292,235.649642,1.054292
397.947846,236.624842,1.055338
397.961829,237.599693,1.056307
397.973425,238.574162,1.057222
397.982430,239.548202,1.058027
397.988774,240.521790,1.058656
397.992634,241.494897,1.059130
397.993818,242.467529,1.059390
397.992198,243.439677,1.059415
397.987885,244.411325,1.059258
397.980812,245.382504,1.058956
397.970727,246.353225,1.058585
397.957636,247.323495,1.058291
397.941521,248.293334,1.058122
397.922414,249.262774,1.058066
397.900232,250.231831,1.058097
397.874748,251.200499,1.058213
397.845915,252.168803,1.058428
397.813967,253.136763,1.058737
397.778926,254.104405,1.059064
397.740570,255.071721,1.059314
397.698809,256.038718,1.059547
397.653480,257.005383,1.059774
397.604536,257.971698,1.060001
397.552284,258.937709,1.060174
397.496914,259.903440,1.060189
397.438118,260.868875,1.059909
397.375832,261.833987,1.059404
397.309957,262.798734,1.058811
397.240281,263.763067,1.058295
397.166721,264.726919,1.058069
397.089191,265.690261,1.058288
397.007462,266.653027,1.059030
396.921620,267.615251,1.060317
396.831726,268.576936,1.062030
396.738049,269.538172,1.063929
396.640726,270.499029,1.065709
396.539849,271.459562,1.067157
396.435273,272.419790,1.068158
396.326900,273.379693,1.068680
396.214735,274.339256,1.068814
396.098667,275.298453,1.068635
395.978438,276.257201,1.068190
395.854189,277.215491,1.067624
395.725903,278.173271,1.067042
395.593455,279.130485,1.066482
395.456853,280.087074,1.065998
395.316116,281.042997,1.065633
395.171048,281.998176,1.065370
395.021737,282.952596,1.065252
394.868244,283.906204,1.065286
394.710426,284.858950,1.065437
394.548213,285.810776,1.065674
394.381749,286.761683,1.066035
394.210917,287.711624,1.066468
394.035699,288.660559,1.066954
393.856161,289.608472,1.067520
393.672196,290.555330,1.068115
393.483588,291.501070,1.068672
393.290557,292.445707,1.069259
393.093093,293.389233,1.069865
392.891076,294.331605,1.070445
392.684511,295.272802,1.071011
392.473448,296.212831,1.071582
392.257695,297.151629,1.072091
392.037324,298.089205,1.072580
391.812414,299.025561,1.073049
391.582814,299.960660,1.073481
391.348405,300.894456,1.073831
391.109379,301.826991,1.074168
390.865661,302.758233,1.074463
390.617194,303.688156,1.074716
390.364061,304.616779,1.074935
390.106234,305.544070,1.075126
389.843483,306.469972,1.075217
389.576011,307.394521,1.075269
389.303891,308.317735,1.075313
389.027023,309.239573,1.075305
388.745395,310.160008,1.075236
388.459146,311.079086,1.075156
388.168160,311.996755,1.075015
387.872486,312.913006,1.074829
387.572249,313.827882,1.074638
387.267416,314.741346,1.074411
386.957823,315.653335,1.074098
386.643707,316.563908,1.073769
386.325125,317.473070,1.073420
386.002033,318.380786,1.073044
385.674501,319.287074,1.072642
385.342644,320.191933,1.072240
385.006299,321.095299,1.071778
384.665590,321.997188,1.071287
384.320690,322.897653,1.070801
383.971584,323.796649,1.070304
383.618206,324.694145,1.069769
383.260751,325.590168,1.069249
382.899226,326.484721,1.068714
382.533623,327.377748,1.068160
382.164072,328.269293,1.067615
381.790651,329.159353,1.067079
381.413202,330.047839,1.066509
381.031851,330.934771,1.065922
380.646786,331.820184,1.065363
380.257967,332.704053,1.064807
379.865411,333.586352,1.064241
379.469258,334.467106,1.063700
379.069466,335.346270,1.063160
378.666004,336.223795,1.062605
378.259051,337.099739,1.062076
377.848648,337.974083,1.061570
377.434710,338.846773,1.061055
377.017313,339.717806,1.060545
376.596578,340.587210,1.060065
376.172427,341.454934,1.059599
375.744934,342.320977,1.059139
375.314187,343.185355,1.058722
374.880097,344.048005,1.058309
374.442583,344.908866,1.057867
374.001853,345.768012,1.057468
373.557915,346.625429,1.057107
373.110716,347.481078,1.056756
372.660306,348.334956,1.056431
372.206731,349.187072,1.056150
371.749877,350.037345,1.055862
371.289823,350.885807,1.055599
370.826633,351.732488,1.055387
370.360240,352.577312,1.055197
369.890556,353.420242,1.055008
369.417731,354.261328,1.054868
368.941715,355.100543,1.054757
368.462467,355.937855,1.054671
367.980043,356.773279,1.054631
367.494435,357.606810,1.054633
367.005457,358.438320,1.054633
366.513232,359.267868,1.054655
366.017814,360.095494,1.054740
365.519133,360.921132,1.054855
365.017128,361.744753,1.054992
364.511900,362.566390,1.055180
364.003344,363.385976,1.055399
363.491428,364.203488,1.055645
362.976241,365.018965,1.055933
362.457749,365.832377,1.056279
361.935790,366.643606,1.056609
361.410458,367.452698,1.056976
360.881798,368.259669,1.057399
360.349717,369.064459,1.057848
359.814232,369.867036,1.058327
359.275395,370.667440,1.058859
358.733060,371.465550,1.059400
358.187196,372.261323,1.059938
357.637952,373.054833,1.060519
357.085277,373.846040,1.061146
356.529072,374.634844,1.061772
355.969406,375.421273,1.062433
355.406306,376.205310,1.063118
354.839656,376.986854,1.063794
354.269523,377.765933,1.064497
353.695969,378.542549,1.065240
353.118850,379.316571,1.065974
352.538114,380.087938,1.066671
351.953938,380.856737,1.067407
351.366261,381.622907,1.068150
350.775051,382.386373,1.068884
350.180366,383.147156,1.069627
349.582195,383.905222,1.070387
348.980399,384.660403,1.071090
348.375111,385.412774,1.071796
347.766376,386.162361,1.072509
347.154115,386.909035,1.073208
346.538282,387.652740,1.073858
345.919014,388.393547,1.074522
345.296233,389.131343,1.075162
344.669927,389.866112,1.075771
344.040194,390.597875,1.076372
343.407001,391.326570,1.076965
342.770156,392.052010,1.077466
342.129836,392.774300,1.077942
341.486096,393.493475,1.078417
340.838882,394.209428,1.078860
340.188184,394.922137,1.079254
339.534102,395.631649,1.079648
338.876510,396.337815,1.079981
338.215425,397.040632,1.080266
337.550981,397.740175,1.080542
336.883135,398.436397,1.080803
336.211781,399.129148,1.080983
335.537049,399.818529,1.081138
334.858963,400.504530,1.081286
334.177466,401.187075,1.081382
333.492621,401.866195,1.081457
332.804490,402.541926,1.081540
332.112912,403.214077,1.081550
331.417937,403.882659,1.081502
330.719726,404.547823,1.081463
330.018239,405.209508,1.081417
329.313443,405.867637,1.081336
328.605447,406.522297,1.081254
327.894237,407.173444,1.081169
327.179748,407.820997,1.081037
326.462115,408.465059,1.080908
325.741384,409.105644,1.080808
325.017447,409.742627,1.080671
324.290359,410.376012,1.080513
323.560244,411.005937,1.080379
322.827064,411.632298,1.080250
322.090848,412.255109,1.080111
321.351683,412.874445,1.080011
320.609535,413.490219,1.079906
319.864328,414.102317,1.079767
319.116246,414.710917,1.079650
318.365323,415.316024,1.079567
317.611516,415.917553,1.079482
316.854871,416.515521,1.079404
316.095482,417.110008,1.079356
315.333274,417.700888,1.079306
314.568328,418.288213,1.079257
313.800734,418.872053,1.079251
313.030450,419.452334,1.079254
312.257420,420.028925,1.079218
311.481797,420.602004,1.079206
310.703610,421.171548,1.079218
309.922842,421.737501,1.079227
309.139543,422.299902,1.079247
308.353771,422.858783,1.079302
307.565435,423.413972,1.079311
306.774620,423.965548,1.079307
305.981411,424.513602,1.079340
305.185794,425.058071,1.079375
304.387739,425.598858,1.079375
303.587343,426.136091,1.079391
302.784607,426.669718,1.079399
301.979510,427.199684,1.079385
301.172136,427.726058,1.079380
300.362507,428.248863,1.079387
299.550528,428.767897,1.079339
298.736255,429.283235,1.079258
297.919798,429.794988,1.079197
297.101115,430.303085,1.079114
296.280207,430.807487,1.079006
295.457142,431.308284,1.078906
294.631897,431.805380,1.078785
293.804430,432.298699,1.078615
292.974842,432.788383,1.078439
292.143163,433.274420,1.078269
291.309310,433.756693,1.078059
290.473338,434.235230,1.077824
289.635306,434.710122,1.077591
288.795168,435.181253,1.077335
287.952964,435.648657,1.077056
287.108741,436.112407,1.076789
286.262448,436.572373,1.076492
285.414029,437.028423,1.076127
284.563614,437.480774,1.075773
283.711211,437.929406,1.075429
282.856805,438.374238,1.075059
282.000416,438.815304,1.074677
281.142085,439.252648,1.074311
280.281757,439.686097,1.073905
279.419485,440.115744,1.073484
278.555326,440.541652,1.073093
277.689249,440.963731,1.072695
276.821220,441.381865,1.072254
275.951346,441.796210,1.071828
275.079614,442.206718,1.071406
274.206015,442.613334,1.070981
273.330601,443.016105,1.070567
272.453400,443.415041,1.070181
271.574336,443.809916,1.069742
270.693473,444.200824,1.069305
269.810874,444.587886,1.068891
268.926542,444.970996,1.068499
268.040451,445.350090,1.068083
267.152683,445.725263,1.067710
266.263230,446.096430,1.067334
265.372061,446.463522,1.066942
264.479267,446.826626,1.066582
263.584863,447.185753,1.066247
262.688795,447.540703,1.065893
261.791114,447.891514,1.065533
260.891880,448.238308,1.065213
259.991074,448.580972,1.064893
259.088725,448.919480,1.064573
258.184871,449.253917,1.064295
257.279506,449.584161,1.064010
256.372590,449.910069,1.063698
255.464226,450.231831,1.063408
254.554437,450.549441,1.063143
253.643187,450.862769,1.062873
252.730505,451.171827,1.062600
251.816455,451.476701,1.062359
250.900997,451.777237,1.062096
249.984171,452.073473,1.061846
249.066028,452.365496,1.061628
248.146550,452.653203,1.061420
247.225703,452.936408,1.061150
246.303567,453.215331,1.060920
245.380181,453.489959,1.060708
244.455525,453.760210,1.060501
243.529629,454.026116,1.060311
242.602531,454.287739,1.060168
241.674193,454.544863,1.059994
240.744660,454.797574,1.059833
239.813982,455.046003,1.059722
238.882164,455.290065,1.059647
237.949189,455.529642,1.059564
237.015119,455.764899,1.059539
236.079964,455.995796,1.059551
235.143733,456.222259,1.059586
234.206457,456.444394,1.059670
233.268162,456.662239,1.059820
232.328818,456.875550,1.059956
231.388455,457.084424,1.060105
230.447130,457.289040,1.060315
229.504851,457.489310,1.060552
228.561598,457.685207,1.060793
227.617418,457.876854,1.061077
226.672309,458.064182,1.061357
225.726262,458.247101,1.061590
224.779295,458.425796,1.061832
223.831430,458.600295,1.062054
222.882638,458.770458,1.062216
221.932905,458.936336,1.062318
220.982272,459.098081,1.062378
220.030694,459.255583,1.062364
219.078182,459.408892,1.062274
218.124730,459.558117,1.062128
217.170309,459.703162,1.061911
216.214901,459.843865,1.061562
215.258525,459.980484,1.061178
214.301200,460.113043,1.060759
213.342925,460.241454,1.060314
212.383732,460.365739,1.059850
211.423671,460.485977,1.059436
210.462788,460.601993,1.059036
209.501181,460.713840,1.058713
208.538989,460.821834,1.058585
207.576325,460.925943,1.058682
206.613259,461.025882,1.058899
205.649931,461.121879,1.059322
204.686428,461.213837,1.059903
203.722822,461.301747,1.060619
202.759162,461.385682,1.061455
201.795486,461.465524,1.062335
200.831803,461.541178,1.063186
199.868118,461.612844,1.064036
198.904452,461.680525,1.064863
197.940776,461.744132,1.065612
196.977094,461.803708,1.066276
196.013395,461.859330,1.066873
195.049656,461.910868,1.067357
194.085874,461.958393,1.067753
193.122041,462.001993,1.068084
192.158144,462.041576,1.068334
191.194172,462.077013,1.068479
190.230126,462.108501,1.068582
189.266010,462.136022,1.068652
188.301828,462.159515,1.068680
187.337574,462.179026,1.068688
186.373271,462.194599,1.068694
185.408908,462.206041,1.068652
184.444506,462.213443,1.068602
183.480075,462.216917,1.068583
182.515638,462.216386,1.068571
181.551205,462.211755,1.068535
180.586788,462.203168,1.068528
179.622410,462.190563,1.068538
178.658092,462.173885,1.068533
177.693840,462.153218,1.068556
176.729685,462.128579,1.068608
175.765646,462.099753,1.068624
174.801741,462.066817,1.068625
173.837992,462.029908,1.068650
172.874409,461.988928,1.068680
171.911027,461.943845,1.068695
170.947867,461.894751,1.068726
169.984937,461.841553,1.068743
169.022281,461.784137,1.068725
168.059906,461.722672,1.068713
167.097829,461.657146,1.068719
166.136088,461.587423,1.068692
165.174697,461.513517,1.068644
164.213677,461.435539,1.068608
163.253059,461.353349,1.068559
162.292864,461.266977,1.068498
161.333105,461.176498,1.068449
160.373812,461.081791,1.068392
159.415031,460.982667,1.068263
158.456763,460.879354,1.068142
157.499032,460.771858,1.068041
156.541857,460.660079,1.067916
155.585279,460.544031,1.067772
154.629292,460.423776,1.067648
153.673956,460.299134,1.067492
152.719281,460.170160,1.067307
151.765273,460.036954,1.067142
150.811965,459.899440,1.066961
149.859400,459.757450,1.066731
148.907573,459.611154,1.066502
147.956512,459.460542,1.066264
147.006249,459.305522,1.066000
146.056797,459.146151,1.065722
145.108155,458.982474,1.065458
144.160385,458.814262,1.065122
143.213507,458.641553,1.064739
142.267505,458.464534,1.064360
141.322399,458.283130,1.063958
140.378227,458.097247,1.063515
139.434990,457.907006,1.063054
138.492701,457.712368,1.062577
137.551401,457.513222,1.062033
136.611079,457.309698,1.061474
135.671739,457.101845,1.060918
134.733433,456.889492,1.060290
133.796175,456.672638,1.059616
132.859928,456.451470,1.058931
131.924740,456.225898,1.058208
130.990620,455.995914,1.057445
130.057551,455.761615,1.056674
129.125570,455.522952,1.055881
128.194727,455.279747,1.055005
127.264975,455.032234,1.054106
126.336331,454.780455,1.053207
125.408819,454.524313,1.052269
124.482455,454.263810,1.051293
123.557221,453.999093,1.050322
122.633162,453.730029,1.049314
121.710286,453.456675,1.048278
120.788568,453.179148,1.047246
119.868048,452.897390,1.046209
118.948793,452.611228,1.045113
118.030757,452.320884,1.044014
117.113945,452.026399,1.042932
116.198394,451.727704,1.041835
115.284126,451.424845,1.040743
114.371119,451.117908,1.039681
113.459463,450.806726,1.038589
112.549159,450.491354,1.037499
111.640175,450.171950,1.036441
110.732560,449.848468,1.035415
109.826374,449.520798,1.034387
108.921588,449.189080,1.033391
108.018234,448.853323,1.032444
107.116362,448.513449,1.031505
106.215973,448.169546,1.030617
105.317069,447.821675,1.029794
104.419741,447.469646,1.028974
103.524026,447.113456,1.028170
102.629866,446.753310,1.027432
101.737310,446.389146,1.026746
100.846401,446.020913,1.026080
99.957134,445.648692,1.025469
99.069524,445.272463,1.024905
98.183666,444.892078,1.024333
97.299512,444.507676,1.023788
96.417050,444.119311,1.023282
95.536343,443.726854,1.022775
94.657432,443.330250,1.022253
93.780251,442.929661,1.021745
92.904843,442.524984,1.021224
92.031224,442.116194,1.020677
91.159359,441.703369,1.020132
90.289265,441.286471,1.019580
89.421054,440.865245,1.018958
88.554638,440.439873,1.018339
87.689968,440.010439,1.017738
86.827104,439.576841,1.017173
85.966071,439.139032,1.016646
85.106799,438.697144,1.016228
84.249379,438.251049,1.015925
83.393835,437.800745,1.015774
82.540114,437.346391,1.015851
81.688247,436.888019,1.016183
80.838376,436.425496,1.016761
79.990466,435.959038,1.017608
79.144488,435.488881,1.018756
78.300686,435.014805,1.020051
77.459323,434.536578,1.021326
76.620474,434.054250,1.022521
75.784279,433.567708,1.023549
74.950646,433.077212,1.024437
74.119555,432.582842,1.025186
73.291090,432.084528,1.025765
72.465264,431.582255,1.026163
71.642010,431.076148,1.026422
70.821409,430.566077,1.026519
70.003461,430.052058,1.026456
69.188094,429.534189,1.026279
68.375338,429.012427,1.025992
67.565321,428.486578,1.025560
66.757950,427.956799,1.025034
65.953184,427.423146,1.024445
65.151101,426.885530,1.023776
64.351698,426.343967,1.023059
63.554933,425.798556,1.022312
62.760926,425.249127,1.021520
61.969711,424.695676,1.020679
61.181198,424.138388,1.019843
60.395411,423.577228,1.019014
59.612469,423.012097,1.018169
58.832329,422.443097,1.017336
58.054983,421.870289,1.016518
57.280540,421.293558,1.015700
56.508958,420.713005,1.014897
55.740207,420.128715,1.014130
54.974420,419.540572,1.013360
54.211681,418.948509,1.012562
53.451832,418.352750,1.011793
52.694923,417.753276,1.011036
51.941012,417.150054,1.010276
51.190061,416.543158,1.009509
50.442054,415.932639,1.008749
49.697129,415.318327,1.007942
48.955196,414.700379,1.007116
48.216169,414.078881,1.006277
47.480108,413.453768,1.005395
46.747078,412.824971,1.004454
46.016929,412.192669,1.003490
45.289676,411.556804,1.002468
44.565334,410.917368,1.001388
43.843802,410.274442,1.000275
43.125039,409.628055,0.999132
42.409198,408.978007,0.997920
41.696143,408.324423,0.996679
40.985734,407.667440,0.995455
40.278001,407.006995,0.994264
39.572943,406.343065,0.993115
38.870447,405.675772,0.992071
38.170570,405.005061,0.991151
37.473352,404.330889,0.990377
36.778684,403.653401,0.989793
36.086586,402.972628,0.989400
35.397229,402.288480,0.989156
34.710661,401.600995,0.989004
34.026464,400.910737,0.988955
33.344347,400.218132,0.988995
32.664367,399.523223,0.989041
31.986606,398.825997,0.989044
31.311242,398.126334,0.988950
30.638199,397.424344,0.988754
29.967417,396.720105,0.988476
29.298942,396.013602,0.988097
28.632773,395.304813,0.987636
27.968808,394.593827,0.987101
27.307065,393.880628,0.986497
26.647519,393.165207,0.985823
25.990057,392.447640,0.985110
25.334624,391.727948,0.984361
24.681263,391.006078,0.983558
24.029880,390.282058,0.982727
23.380361,389.555979,0.981865
22.732689,388.827807,0.980978
22.086822,388.097564,0.980066
21.442646,387.365286,0.979143
20.800165,386.630972,0.978196
20.159377,385.894556,0.977232
19.520150,385.156147,0.976271
18.882414,384.415767,0.975320
18.246172,383.673386,0.974392
17.611379,382.929025,0.973489
16.977940,382.182747,0.972662
16.345863,381.434514,0.971922
15.715116,380.684380,0.971289
15.085614,379.932401,0.970816
14.457352,379.178604,0.970528
13.830390,378.422971,0.970428
13.204640,377.665624,0.970542
12.580072,376.906653,0.970863
11.956723,376.146104,0.971338
11.334480,375.384199,0.971902
10.713202,374.621160,0.972483
10.093037,373.856967,0.972996
9.473998,373.091669,0.973382
8.856121,372.325276,0.973622
8.239471,371.557756,0.973698
7.624072,370.789102,0.973602
7.009870,370.019330,0.973366
6.396885,369.248400,0.972995
5.785094,368.476299,0.972516
5.174443,367.703042,0.971954
4.564903,366.928600,0.971345
3.956502,366.152904,0.970721
3.349155,365.376001,0.970116
2.742791,364.597905,0.969591
2.137403,363.818611,0.969182
1.532951,363.038133,0.968908
0.929369,362.256534,0.968800
0.326657,361.473845,0.968851
-0.275208,360.690130,0.969027
-0.876382,359.905582,0.969270
-1.476857,359.120274,0.969512
-2.076541,358.334195,0.969665
-2.675419,357.547357,0.969707
-3.273437,356.759730,0.969624
-3.870579,355.971300,0.969399
-4.466860,355.182058,0.969072
-5.062294,354.391979,0.968647
-5.656847,353.601008,0.968163
-6.250586,352.809146,0.967648
-6.843566,352.016405,0.967144
-7.435812,351.222760,0.966694
-8.027350,350.428208,0.966324
-8.618257,349.632775,0.966085
-9.208565,348.836476,0.965997
-9.798305,348.039357,0.966058
-10.387568,347.241512,0.966263
-10.976438,346.443058,0.966553
-11.564885,345.644030,0.966852
-12.152853,344.844432,0.967098
-12.740275,344.044261,0.967244
-13.327122,343.243490,0.967270
-13.913390,342.442113,0.967195
-14.499091,341.640111,0.967032
-15.084208,340.837443,0.966823
-15.668776,340.034118,0.966591
-16.252856,339.230130,0.966376
-16.836471,338.425483,0.966233
-17.419662,337.620177,0.966186
-18.002503,336.814245,0.966258
-18.585044,336.007751,0.966462
-19.167350,335.200760,0.966770
-19.749535,334.393396,0.967148
-20.331543,333.585677,0.967508
-20.913282,332.777565,0.967787
-21.494723,331.969064,0.967974
-22.075839,331.160164,0.968050
-22.656629,330.350823,0.968041
-23.237091,329.541047,0.967974
-23.817268,328.730802,0.967890
-24.397161,327.920091,0.967812
-24.976816,327.108915,0.967788
-25.556292,326.297292,0.967851
-26.135639,325.485259,0.968017
-26.714911,324.672867,0.968297
-27.294206,323.860207,0.968644
-27.873590,323.047382,0.969001
-28.452964,322.234366,0.969304
-29.032262,321.421140,0.969513
-29.611449,320.607661,0.969607
-30.190488,319.793904,0.969581
-30.769382,318.979847,0.969484
-31.348146,318.165467,0.969320
-31.926798,317.350737,0.969150
-32.505363,316.535652,0.968993
-33.083890,315.720203,0.968900
-33.662412,314.904415,0.968896
-34.240986,314.088315,0.968988
-34.819675,313.271963,0.969168
-35.398575,312.455455,0.969392
-35.977651,311.638834,0.969606
-36.556812,310.822057,0.969753
-37.135987,310.005101,0.969812
-37.715151,309.187921,0.969778
-38.294270,308.370512,0.969675
-38.873345,307.552828,0.969536
-39.452374,306.734849,0.969405
-40.031364,305.916566,0.969294
-40.610326,305.097974,0.969255
-41.189281,304.279067,0.969279
-41.768224,303.459870,0.969365
-42.347215,302.640452,0.969471
-42.926573,301.821091,0.969567
-43.506244,301.001781,0.969583
-44.086135,300.182466,0.969482
-44.666169,299.363112,0.969271
-45.246318,298.543664,0.968933
-45.826567,297.724078,0.968500
-46.406913,296.904328,0.968004
-46.987354,296.084389,0.967484
-47.567918,295.264213,0.966969
-48.148600,294.443803,0.966499
-48.729421,293.623131,0.966116
-49.310361,292.802196,0.965828
-49.891389,291.980996,0.965636
-50.472435,291.159520,0.965501
-51.053770,290.338029,0.965406
-51.635942,289.517019,0.965325
-52.218824,288.696487,0.965209
-52.802280,287.876398,0.965030
-53.386235,287.056731,0.964763
-53.970652,286.237500,0.964412
-54.555499,285.418706,0.963979
-55.140753,284.600339,0.963482
-55.726417,283.782437,0.962928
-56.312505,282.965008,0.962331
-56.899021,282.148064,0.961703
-57.486001,281.331634,0.961064
-58.073474,280.515771,0.960409
-58.661436,279.700473,0.959755
-59.249897,278.885780,0.959107
-59.838890,278.071740,0.958484
-60.428414,277.258385,0.957881
-61.018465,276.445748,0.957305
-61.609055,275.633904,0.956759
-62.200167,274.822869,0.956267
-62.791761,274.012700,0.955806
-63.383844,273.203462,0.955397
-63.976399,272.395200,0.955028
-64.569350,271.587940,0.954689
-65.162663,270.781736,0.954377
-65.756298,269.976627,0.954075
-66.350186,269.172635,0.953754
-66.944289,268.369787,0.953405
-67.538565,267.568119,0.952999
-68.132930,266.767606,0.952513
-68.727329,265.968248,0.951932
-69.321736,265.170028,0.951265
-69.916105,264.372905,0.950528
-70.510423,263.576822,0.949775
-71.104607,262.781688,0.949071
-71.698558,261.987378,0.948477
-72.292192,261.193815,0.948004
-72.885414,260.400936,0.947666
-73.478140,259.608684,0.947447
-74.070246,258.817011,0.947334
-74.661604,258.025849,0.947284
-75.252085,257.235125,0.947271
-75.841548,256.444785,0.947238
-76.429848,255.654719,0.947158
-77.016792,254.864819,0.946984
-77.602249,254.074968,0.946678
-78.186044,253.285019,0.946235
-78.767956,252.494785,0.945636
-79.348107,251.704270,0.944968
-79.926947,250.913725,0.944335
-80.504460,250.123063,0.943809
-81.080376,249.332051,0.943405
-81.654520,248.540540,0.943140
-82.226718,247.748393,0.943009
-82.796664,246.955398,0.942984
-83.364242,246.161509,0.943074
-83.929370,245.366681,0.943263
-84.491835,244.570805,0.943534
-85.051467,243.773800,0.943877
-85.608196,242.975661,0.944284
-86.161782,242.176254,0.944745
-86.712084,241.375538,0.945232
-87.259068,240.573522,0.945760
-87.802564,239.770125,0.946303
-88.342318,238.965199,0.946823
-88.878338,238.158783,0.947308
-89.410516,237.350808,0.947748
-89.938662,236.541169,0.948081
-90.462714,235.729808,0.948306
-90.982595,234.916659,0.948389
-91.497965,234.101469,0.948306
-92.008773,233.284174,0.948059
-92.515466,232.464981,0.947727
-93.018566,231.644109,0.947399
-93.517282,230.821032,0.947037
-94.011765,229.995754,0.946677
-94.502361,229.168403,0.946401
-94.988815,228.338767,0.946217
-95.471062,227.506774,0.946135
-95.949150,226.672409,0.946168
-96.422926,225.835581,0.946296
-96.892116,224.996145,0.946491
-97.356918,224.154200,0.946773
-97.817282,223.309751,0.947116
-98.273081,222.462740,0.947506
-98.724331,221.613194,0.947936
-99.171075,220.761180,0.948405
-99.613024,219.906549,0.948885
-100.050263,219.049394,0.949372
-100.482943,218.189816,0.949879
-100.910959,217.327772,0.950392
-101.334167,216.463238,0.950885
-101.752763,215.596318,0.951389
-102.166665,214.726988,0.951883
-102.575799,213.855258,0.952364
-102.980320,212.981200,0.952835
-103.380256,212.104843,0.953302
-103.775344,211.226099,0.953731
-104.165762,210.345056,0.954145
-104.551685,209.461802,0.954564
-104.933026,208.576333,0.954965
-105.309823,207.688665,0.955356
-105.682242,206.798880,0.955763
-106.050157,205.906964,0.956155
-106.413607,205.012933,0.956553
-106.772840,204.116904,0.956952
-107.127875,203.218918,0.957360
-107.478642,202.318947,0.957752
-107.825357,201.417094,0.958144
-108.168118,200.513431,0.958510
-108.506942,199.607958,0.958822
-108.842014,198.700752,0.959077
-109.173493,197.791891,0.959241
-109.501309,196.881331,0.959253
-109.825680,195.969136,0.959115
-110.146930,195.055419,0.958786
-110.465205,194.140172,0.958277
-110.780695,193.223425,0.957595
-111.093746,192.305217,0.956792
-111.404257,191.385411,0.955939
-111.711670,190.463728,0.955061
-112.016093,189.540120,0.954229
-112.317824,188.614643,0.953484
-112.617006,187.687280,0.952838
-112.913742,186.758068,0.952303
-113.208325,185.827072,0.951861
-113.500865,184.894332,0.951504
-113.791479,183.959916,0.951217
-114.080347,183.023889,0.950979
-114.367582,182.086309,0.950780
-114.653192,181.147222,0.950599
-114.937371,180.206737,0.950445
-115.220260,179.264913,0.950308
-115.501911,178.321839,0.950183
-115.782414,177.377570,0.950063
-116.061893,176.432194,0.949947
-116.340384,175.485769,0.949840
-116.617977,174.538372,0.949731
-116.894772,173.590070,0.949628
-117.170827,172.640923,0.949536
-117.446173,171.690983,0.949432
-117.720909,170.740316,0.949334
-117.995098,169.788973,0.949251
-118.268785,168.837002,0.949159
-118.542029,167.884448,0.949069
-118.814886,166.931359,0.948997
-119.087382,165.977771,0.948923
-119.359574,165.023715,0.948847
-119.631515,164.069225,0.948795
-119.903243,163.114335,0.948743
-120.174782,162.159072,0.948706
-120.446184,161.203458,0.948687
-120.717476,160.247518,0.948683
-120.988689,159.291267,0.948699
-121.259851,158.334732,0.948740
-121.530995,157.377912,0.948800
-121.802141,156.420841,0.948878
-122.073314,155.463513,0.948993
-122.344534,154.505954,0.949126
-122.615820,153.548168,0.949296
-122.887189,152.590168,0.949493
-123.158657,151.631957,0.949717
-123.430237,150.673542,0.949966
-123.701942,149.714932,0.950252
-123.973776,148.756137,0.950569
-124.245749,147.797172,0.950911
-124.517872,146.838018,0.951285
-124.790142,145.878703,0.951679
-125.062565,144.919220,0.952104
-125.335142,143.959588,0.952546
-125.607875,142.999796,0.953017
-125.880760,142.039863,0.953494
-126.153798,141.079798,0.953997
-126.426987,140.119600,0.954513
-126.700319,139.159277,0.955043
-126.973791,138.198847,0.955584
-127.247399,137.238308,0.956129
-127.521138,136.277667,0.956684
-127.795002,135.316942,0.957240
-128.068982,134.356147,0.957799
-128.343078,133.395275,0.958358
-128.617280,132.434341,0.958909
-128.891581,131.473369,0.959461
-129.165977,130.512352,0.960005
-129.440457,129.551310,0.960550
-129.715021,128.590247,0.961081
-129.989657,127.629174,0.961603
-130.264360,126.668102,0.962120
-130.539132,125.707031,0.962622
-130.813957,124.745973,0.963108
-131.088832,123.784929,0.963589
-131.363752,122.823906,0.964053
-131.638713,121.862903,0.964500
-131.913706,120.901920,0.964929
-132.188729,119.940954,0.965338
-132.463782,118.979998,0.965725
-132.738854,118.019047,0.966087
-133.013950,117.058087,0.966413
-133.289064,116.097110,0.966708
-133.564196,115.136103,0.966958
-133.839352,114.175033,0.967160
-134.114528,113.213900,0.967319
-134.389729,112.252671,0.967422
-134.664959,111.291329,0.967476
-134.940230,110.329841,0.967474
-135.215547,109.368191,0.967418
-135.490920,108.406356,0.967312
-135.766364,107.444302,0.967184
-136.041890,106.482025,0.967035
-136.317519,105.519487,0.966904
-136.593268,104.556698,0.966804
-136.869166,103.593633,0.966793
-137.145235,102.630305,0.966897
-137.421510,101.666727,0.967162
-137.698035,100.702926,0.967625
-137.974858,99.738944,0.968309
-138.252041,98.774852,0.969226
-138.529689,97.810729,0.970334
-138.807740,96.846647,0.971546
-139.085765,95.882558,0.972714
-139.363757,94.918542,0.973757
-139.641739,93.954641,0.974635
-139.919734,92.990887,0.975341
-140.197756,92.027302,0.975882
-140.475818,91.063896,0.976275
-140.753929,90.100654,0.976554
-141.032108,89.137579,0.976728
-141.310366,88.174636,0.976818
-141.588712,87.211821,0.976851
-141.867172,86.249093,0.976844
-142.145763,85.286451,0.976805
-142.424496,84.323859,0.976750
-142.703394,83.361290,0.976672
-142.982474,82.398730,0.976601
-143.261752,81.436158,0.976520
-143.541247,80.473562,0.976435
-143.820984,79.510922,0.976365
-144.100968,78.548241,0.976298
-144.381214,77.585497,0.976243
-144.661743,76.622698,0.976188
-144.942561,75.659844,0.976152
-145.223677,74.696931,0.976127
-145.505108,73.733972,0.976108
-145.786855,72.770977,0.976097
-146.068921,71.807947,0.976099
-146.351322,70.844904,0.976107
-146.634065,69.881868,0.976132
-146.917141,68.918846,0.976155
-147.200552,67.955854,0.976182
-147.484301,66.992921,0.976204
-147.768382,66.030061,0.976240
-148.052792,65.067301,0.976260
-148.337539,64.104658,0.976283
-148.622606,63.142146,0.976298
-148.907984,62.179797,0.976304
-149.193676,61.217619,0.976302
-149.479671,60.255643,0.976291
-149.765951,59.293883,0.976263
-150.052509,58.332360,0.976226
-150.339336,57.371082,0.976180
-150.626409,56.410067,0.976116
-150.913726,55.449331,0.976038
-151.201273,54.488898,0.975952
-151.489024,53.528758,0.975851
-151.776963,52.568925,0.975735
-152.065075,51.609410,0.975605
-152.353335,50.650225,0.975470
-152.641730,49.691357,0.975312
-152.930241,48.732817,0.975141
-153.218846,47.774600,0.974955
-153.507521,46.816699,0.974753
-153.796252,45.859117,0.974528
-154.085017,44.901840,0.974286
-154.373793,43.944862,0.974016
-154.662564,42.988158,0.973716
-154.951308,42.031733,0.973386
-155.240008,41.075554,0.973032
-155.528644,40.119609,0.972634
-155.817204,39.163873,0.972208
-156.105667,38.208331,0.971754
-156.394020,37.252955,0.971279
-156.682244,36.297737,0.970801
-156.970337,35.342632,0.970312
-157.258281,34.387642,0.969858
-157.546070,33.432731,0.969442
-157.833709,32.477890,0.969095
-158.121193,31.523125,0.968850
-158.408532,30.568413,0.968716
-158.695757,29.613787,0.968713
-158.982914,28.659255,0.968828
-159.270064,27.704867,0.969043
-159.557131,26.750638,0.969278
-159.843906,25.796522,0.969462
-160.130316,24.842518,0.969569
-160.416319,23.888590,0.969603
-160.701871,22.934709,0.969616
-160.986963,21.980853,0.969632
-161.271623,21.026979,0.969722
-161.555914,20.073087,0.969911
-161.839689,19.119108,0.970190
-162.122726,18.164951,0.970569
-162.404955,17.210564,0.971059
-162.686175,16.255858,0.971656
-162.966116,15.300738,0.972332
-163.244448,14.345107,0.973017
-163.520675,13.388801,0.973628
