-172.989537,16.073337,1.741004,90.000001
-173.152142,15.081985,1.733109,90.000001
-173.313434,14.090404,1.725301,90.000001
-173.473414,13.098588,1.717567,90.000001
-173.632081,12.106532,1.709884,90.000001
-173.789434,11.114231,1.702227,90.000001
-173.945475,10.121675,1.694572,90.000001
-174.100200,9.128861,1.686894,90.000001
-174.253609,8.135785,1.679172,90.000001
-174.405702,7.142442,1.671388,90.000001
-174.556471,6.148840,1.663531,90.000001
-174.705916,5.154989,1.655593,90.000001
-174.854029,4.160905,1.647572,90.000001
-175.000801,3.166615,1.639473,90.000001
-175.146225,2.172154,1.631307,90.000001
-175.290288,1.177566,1.623092,90.000001
-175.432979,0.182907,1.614851,90.000001
-175.574283,-0.811762,1.606615,90.000001
-175.714184,-1.806371,1.598420,90.000001
-175.852665,-2.800841,1.590307,90.000001
-175.989711,-3.795092,1.582322,90.000001
-176.125303,-4.789040,1.574517,90.000001
-176.259425,-5.782604,1.566941,90.000001
-176.392061,-6.775706,1.559649,90.000001
-176.523197,-7.768274,1.552691,90.000001
-176.652821,-8.760250,1.546117,90.000001
-176.780923,-9.751586,1.539970,90.000001
-176.907496,-10.742253,1.534283,90.000001
-177.032535,-11.732239,1.529089,90.000001
-177.156041,-12.721550,1.524406,90.000001
-177.278015,-13.710207,1.520244,90.000001
-177.398460,-14.698257,1.516607,90.000001
-177.517385,-15.685750,1.513493,90.000001
-177.634796,-16.672757,1.510897,90.000001
-177.750700,-17.659351,1.508808,90.000001
-177.865107,-18.645615,1.507219,90.000001
-177.978028,-19.631636,1.506119,90.000001
-178.089469,-20.617494,1.505487,90.000001
-178.199441,-21.603268,1.505297,90.000001
-178.307949,-22.589031,1.505520,90.000001
-178.415005,-23.574852,1.506120,90.000001
-178.520610,-24.560789,1.507063,90.000001
-178.624771,-25.546895,1.508315,90.000001
-178.727492,-26.533223,1.509845,90.000001
-178.828775,-27.519813,1.511634,90.000001
-178.928623,-28.506708,1.513671,90.000001
-179.027035,-29.493940,1.515951,90.000001
-179.124008,-30.481542,1.518473,90.000001
-179.219542,-31.469533,1.521226,90.000001
-179.313638,-32.457932,1.524202,90.000001
-179.406290,-33.446752,1.527384,90.000001
-179.497500,-34.436002,1.530757,90.000001
-179.587262,-35.425689,1.534309,90.000001
-179.675577,-36.415823,1.538027,90.000001
-179.762441,-37.406411,1.541902,90.000001
-179.847848,-38.397463,1.545932,90.000001
-179.931797,-39.388987,1.550123,90.000001
-180.014282,-40.380999,1.554490,90.000001
-180.095300,-41.373510,1.559051,90.000001
-180.174843,-42.366530,1.563821,90.000001
-180.252908,-43.360066,1.568810,90.000001
-180.329489,-44.354121,1.574025,90.000001
-180.404584,-45.348697,1.579464,90.000001
-180.478185,-46.343796,1.585131,90.000001
-180.550290,-47.339413,1.591017,90.000001
-180.620894,-48.335551,1.597120,90.000001
-180.689993,-49.332205,1.603434,90.000001
-180.757583,-50.329371,1.609948,90.000001
-180.823659,-51.327047,1.616656,90.000001
-180.888219,-52.325228,1.623544,90.000001
-180.951257,-53.323912,1.630606,90.000001
-181.012769,-54.323089,1.637835,90.000001
-181.072750,-55.322755,1.645221,90.000001
-181.131196,-56.322898,1.652766,90.000001
-181.188101,-57.323506,1.660471,90.000001
-181.243457,-58.324561,1.668342,90.000001
-181.297259,-59.326045,1.676387,90.000001
-181.349502,-60.327932,1.684613,90.000001
-181.400179,-61.330199,1.693026,90.000001
-181.449284,-62.332822,1.701630,90.000001
-181.496812,-63.335772,1.710426,90.000001
-181.542756,-64.339025,1.719409,90.000001
-181.587113,-65.342554,1.728573,90.000001
-181.629878,-66.346335,1.737907,90.000001
-181.671047,-67.350344,1.747399,90.000001
-181.710618,-68.354555,1.757038,90.000001
-181.748583,-69.358941,1.766813,90.000001
-181.784941,-70.363475,1.776728,90.000001
-181.819685,-71.368129,1.786788,90.000001
-181.852810,-72.372874,1.797004,90.000001
-181.884310,-73.377684,1.807385,90.000001
-181.914185,-74.382539,1.817927,90.000001
-181.942426,-75.387415,1.828630,90.000001
-181.969033,-76.392298,1.839480,90.000001
-181.994004,-77.397170,1.850467,90.000001
-182.017336,-78.402018,1.861580,90.000001
-182.039025,-79.406828,1.872816,90.000001
-182.059068,-80.411579,1.884184,90.000001
-182.077459,-81.416261,1.895702,90.000001
-182.094194,-82.420857,1.907388,90.000001
-182.109269,-83.425359,1.919249,90.000001
-182.122681,-84.429767,1.931281,90.000001
-182.134429,-85.434079,1.943473,90.000001
-182.144511,-86.438300,1.955797,90.000001
-182.152928,-87.442440,1.968229,90.000001
-182.159679,-88.446502,1.980730,90.000001
-182.164766,-89.450496,1.993269,90.000001
-182.168186,-90.454420,2.005815,90.000001
-182.169940,-91.458277,2.018351,90.000001
-182.170021,-92.462058,2.030882,90.000001
-182.168426,-93.465752,2.043429,90.000001
-182.165148,-94.469346,2.056025,90.000001
-182.160183,-95.472825,2.068690,90.000001
-182.153526,-96.476188,2.081433,90.000001
-182.145176,-97.479434,2.094250,90.000001
-182.135130,-98.482560,2.107140,90.000001
-182.123384,-99.485575,2.120093,90.000001
-182.109938,-100.488478,2.133096,90.000001
-182.094788,-101.491280,2.146141,90.000001
-182.077935,-102.493988,2.159208,90.000001
-182.059374,-103.496614,2.172295,90.000001
-182.039104,-104.499161,2.185387,90.000001
-182.017122,-105.501641,2.198473,90.000001
-181.993424,-106.504058,2.211545,90.000001
-181.968010,-107.506426,2.224600,90.000001
-181.940873,-108.508746,2.237633,90.000001
-181.912015,-109.511020,2.250632,90.000001
-181.881430,-110.513260,2.263601,90.000001
-181.849113,-111.515466,2.276538,90.000001
-181.815063,-112.517641,2.289436,90.000001
-181.779276,-113.519785,2.302298,90.000001
-181.741748,-114.521903,2.315130,90.000001
-181.702475,-115.523991,2.327932,90.000001
-181.661451,-116.526055,2.340708,90.000001
-181.618676,-117.528090,2.353463,90.000001
-181.574142,-118.530101,2.366206,90.000001
-181.527846,-119.532084,2.378943,90.000001
-181.479782,-120.534046,2.391688,90.000001
-181.429945,-121.535988,2.404445,90.000001
-181.378330,-122.537916,2.417222,90.000001
-181.324936,-123.539825,2.430028,90.000001
-181.269755,-124.541723,2.442862,90.000001
-181.212784,-125.543620,2.455727,90.000001
-181.154018,-126.545517,2.468619,90.000001
-181.093455,-127.547420,2.481525,90.000001
-181.031093,-128.549327,2.494432,90.000001
-180.966927,-129.551252,2.507317,90.000001
-180.900960,-130.553187,2.520155,90.000001
-180.833190,-131.555137,2.532904,90.000001
-180.763617,-132.557093,2.545542,90.000001
-180.692245,-133.559042,2.558035,90.000001
-180.619067,-134.560974,2.570371,90.000001
-180.544083,-135.562858,2.582558,90.000001
-180.467285,-136.564661,2.594645,90.000001
-180.388661,-137.566340,2.606715,90.000000
-180.308200,-138.567849,2.618867,90.000000
-180.225892,-139.569155,2.631172,89.999999
-180.141731,-140.570226,2.643676,89.999998
-180.055709,-141.571058,2.656392,89.999998
-179.967825,-142.571640,2.669325,89.999998
-179.878081,-143.571976,2.682446,89.999999
-179.786469,-144.572080,2.695740,90.000000
-179.692992,-145.571960,2.709167,90.000001
-179.597650,-146.571632,2.722689,90.000001
-179.500444,-147.571111,2.736264,90.000001
-179.401373,-148.570421,2.749844,90.000001
-179.300438,-149.569566,2.763376,90.000001
-179.197640,-150.568562,2.776824,90.000001
-179.092976,-151.567406,2.790166,90.000001
-178.986445,-152.566095,2.803389,90.000001
-178.878040,-153.564612,2.816530,90.000001
-178.767744,-154.562924,2.829672,89.999997
-178.655546,-155.560999,2.842914,89.999982
-178.541430,-156.558809,2.856349,89.999944
-178.425385,-157.556337,2.870017,89.999874
-178.307409,-158.553572,2.883940,89.999761
-178.187492,-159.550518,2.898102,89.999591
-178.065633,-160.547183,2.912488,89.999354
-177.941831,-161.543579,2.927042,89.999037
-177.816083,-162.539723,2.941728,89.998627
-177.688391,-163.535628,2.956490,89.998113
-177.558750,-164.531319,2.971279,89.997484
-177.427157,-165.526801,2.986049,89.996728
-177.293611,-166.522083,3.000770,89.995839
-177.158102,-167.517176,3.015440,89.994811
-177.020621,-168.512058,3.030078,89.993641
-176.881151,-169.506708,3.044767,89.992329
-176.739673,-170.501107,3.059593,89.990878
-176.596172,-171.495238,3.074599,89.989288
-176.450640,-172.489091,3.089804,89.987560
-176.303074,-173.482665,3.105179,89.985694
-176.153468,-174.475961,3.120689,89.983687
-176.001821,-175.468991,3.136291,89.981539
-175.848127,-176.461752,3.151966,89.979251
-175.692378,-177.454239,3.167716,89.976827
-175.534558,-178.446446,3.183587,89.974272
-175.374652,-179.438356,3.199619,89.971594
-175.212651,-180.429970,3.215817,89.968799
-175.048554,-181.421284,3.232158,89.965890
-174.882351,-182.412306,3.248617,89.962872
-174.714036,-183.403043,3.265174,89.959751
-174.543601,-184.393487,3.281846,89.956535
-174.371032,-185.383624,3.298660,89.953236
-174.196319,-186.373452,3.315622,89.949862
-174.019458,-187.362969,3.332733,89.946423
-173.840437,-188.352166,3.350000,89.942930
-173.659249,-189.341041,3.367418,89.939393
-173.475891,-190.329592,3.384959,89.935821
-173.290364,-191.317814,3.402591,89.932225
-173.102660,-192.305712,3.420294,89.928615
-172.912782,-193.293269,3.438048,89.925003
-172.720726,-194.280486,3.455831,89.921401
-172.526492,-195.267354,3.473609,89.917822
-172.330085,-196.253864,3.491353,89.914279
-172.131505,-197.240000,3.509045,89.910787
-171.930752,-198.225757,3.526653,89.907363
-171.727837,-199.211124,3.544129,89.904019
-171.522769,-200.196091,3.561417,89.900773
-171.315555,-201.180649,3.578484,89.897642
-171.106205,-202.164786,3.595288,89.894643
-170.894731,-203.148489,3.611795,89.891796
-170.681143,-204.131746,3.627961,89.889121
-170.465461,-205.114554,3.643715,89.886638
-170.247706,-206.096912,3.658990,89.884366
-170.027905,-207.078816,3.673688,89.882324
-169.806092,-208.060276,3.687704,89.880535
-169.582296,-209.041302,3.700936,89.879020
-169.356558,-210.021894,3.713281,89.877801
-169.128912,-211.002061,3.724636,89.876904
-168.899397,-211.981802,3.734945,89.876353
-168.668047,-212.961108,3.744158,89.876173
-168.434900,-213.939971,3.752247,89.876390
-168.199998,-214.918392,3.759176,89.877026
-167.963368,-215.896357,3.764929,89.878014
-167.724971,-216.873841,3.769509,89.879269
-167.484752,-217.850818,3.772942,89.880784
-167.242659,-218.827254,3.775259,89.882548
-166.998643,-219.803130,3.776500,89.884549
-166.752656,-220.778430,3.776692,89.886773
-166.504662,-221.753139,3.775858,89.889207
-166.254619,-222.727255,3.774018,89.891835
-166.002497,-223.700780,3.771163,89.894641
-165.748262,-224.673710,3.767314,89.897609
-165.491882,-225.646051,3.762490,89.900720
-165.233322,-226.617798,3.756719,89.903958
-164.972554,-227.588949,3.750029,89.907305
-164.709547,-228.559502,3.742446,89.910744
-164.444274,-229.529453,3.734004,89.914257
-164.176705,-230.498789,3.724746,89.917829
-163.906811,-231.467506,3.714719,89.921444
-163.634564,-232.435583,3.703976,89.925086
-163.359939,-233.403007,3.692570,89.928741
-163.082909,-234.369765,3.680546,89.932395
-162.803456,-235.335843,3.667927,89.936035
-162.521560,-236.301230,3.654748,89.939648
-162.237200,-237.265911,3.641039,89.943222
-161.950360,-238.229871,3.626816,89.946746
-161.661032,-239.193102,3.612072,89.950209
-161.369210,-240.155598,3.596785,89.953598
-161.074888,-241.117347,3.580938,89.956904
-160.778055,-242.078338,3.564530,89.960118
-160.478699,-243.038546,3.547590,89.963231
-160.176803,-243.997945,3.530168,89.966238
-159.872344,-244.956506,3.512320,89.969131
-159.565309,-245.914210,3.494088,89.971907
-159.255686,-246.871035,3.475489,89.974559
-158.943465,-247.826965,3.456537,89.977083
-158.628635,-248.781986,3.437239,89.979475
-158.311191,-249.736081,3.417601,89.981731
-157.991121,-250.689232,3.397626,89.983847
-157.668423,-251.641423,3.377321,89.985824
-157.343085,-252.592635,3.356695,89.987658
-157.015101,-253.542844,3.335757,89.989349
-156.684467,-254.492029,3.314516,89.990899
-156.351178,-255.440165,3.292985,89.992309
-156.015225,-256.387227,3.271173,89.993580
-155.676604,-257.333188,3.249095,89.994717
-155.335313,-258.278019,3.226763,89.995722
-154.991344,-259.221694,3.204192,89.996600
-154.644696,-260.164182,3.181397,89.997357
-154.295364,-261.105456,3.158394,89.997999
-153.943341,-262.045486,3.135203,89.998533
-153.588624,-262.984243,3.111842,89.998967
-153.231208,-263.921698,3.088332,89.999309
-152.871087,-264.857820,3.064698,89.999568
-152.508256,-265.792583,3.040965,89.999754
-152.142708,-266.725957,3.017159,89.999879
-151.774438,-267.657914,2.993308,89.999953
-151.403440,-268.588425,2.969441,89.999989
-151.029707,-269.517461,2.945587,90.000001
-150.653232,-270.444994,2.921775,90.000001
-150.274012,-271.370996,2.898037,90.000000
-149.892041,-272.295437,2.874398,90.000000
-149.507314,-273.218287,2.850888,90.000001
-149.119829,-274.139519,2.827532,90.000001
-148.729580,-275.059101,2.804352,90.000001
-148.336568,-275.977006,2.781374,90.000001
-147.940789,-276.893204,2.758617,90.000001
-147.542242,-277.807665,2.736103,90.000001
-147.140926,-278.720360,2.713850,89.999999
-146.736841,-279.631265,2.691876,89.999996
-146.329983,-280.540356,2.670199,89.999991
-145.920351,-281.447611,2.648833,89.999986
-145.507943,-282.353012,2.627789,89.999982
-145.092754,-283.256550,2.607069,89.999981
-144.674782,-284.158221,2.586661,89.999983
-144.254025,-285.058035,2.566532,89.999988
-143.830485,-285.956010,2.546625,89.999995
-143.404159,-286.852165,2.526874,89.999999
-142.975040,-287.746523,2.507245,90.000001
-142.543119,-288.639094,2.487728,90.000001
-142.108378,-289.529882,2.468339,90.000001
-141.670799,-290.418890,2.449107,90.000001
-141.230364,-291.306114,2.430070,90.000001
-140.787057,-292.191541,2.411264,90.000001
-140.340864,-293.075162,2.392728,90.000001
-139.891773,-293.956963,2.374494,90.000001
-139.439773,-294.836930,2.356588,90.000001
-138.984859,-295.715044,2.339028,90.000001
-138.527028,-296.591286,2.321819,90.000001
-138.066275,-297.465642,2.304974,90.000001
-137.602604,-298.338094,2.288485,90.000001
-137.136012,-299.208624,2.272347,90.000001
-136.666505,-300.077211,2.256554,90.000001
-136.194086,-300.943842,2.241092,90.000001
-135.718753,-301.808502,2.225952,90.000001
-135.240513,-302.671173,2.211118,90.000001
-134.759367,-303.531841,2.196581,90.000001
-134.275316,-304.390491,2.182329,90.000001
-133.788364,-305.247108,2.168348,90.000001
-133.298512,-306.101678,2.154631,90.000001
-132.805757,-306.954190,2.141174,90.000001
-132.310102,-307.804630,2.127970,90.000001
-131.811545,-308.652979,2.115014,90.000001
-131.310083,-309.499234,2.102307,90.000001
-130.805717,-310.343377,2.089846,90.000001
-130.298445,-311.185396,2.077628,90.000001
-129.788259,-312.025276,2.065665,90.000001
-129.275162,-312.863012,2.053946,90.000001
-128.759147,-313.698585,2.042487,90.000001
-128.240211,-314.531990,2.031284,90.000001
-127.718354,-315.363206,2.020341,90.000001
-127.193566,-316.192229,2.009665,90.000001
-126.665847,-317.019045,1.999263,90.000001
-126.135193,-317.843644,1.989132,90.000001
-125.601594,-318.666019,1.979275,90.000001
-125.065058,-319.486151,1.969694,90.000001
-124.525567,-320.304041,1.960395,90.000001
-123.983123,-321.119677,1.951371,90.000001
-123.437721,-321.933052,1.942624,90.000001
-122.889352,-322.744154,1.934160,90.000001
-122.338014,-323.552986,1.925964,90.000001
-121.783698,-324.359538,1.918047,90.000001
-121.226395,-325.163809,1.910392,90.000001
-120.666103,-325.965790,1.903003,90.000001
-120.102805,-326.765493,1.895867,90.000001
-119.536498,-327.562908,1.888979,90.000001
-118.967174,-328.358036,1.882327,90.000001
-118.394816,-329.150883,1.875913,90.000001
-117.819416,-329.941447,1.869717,90.000001
-117.240963,-330.729735,1.863728,90.000001
-116.659445,-331.515747,1.857937,90.000001
-116.074856,-332.299480,1.852332,90.000001
-115.487180,-333.080942,1.846896,90.000001
-114.896414,-333.860123,1.841626,90.000001
-114.302546,-334.637019,1.836517,90.000001
-113.705573,-335.411616,1.831573,90.000000
-113.105490,-336.183889,1.826820,89.999999
-112.502287,-336.953819,1.822284,89.999996
-111.895972,-337.721361,1.818010,89.999997
-111.286544,-338.486494,1.814011,89.999999
-110.674014,-339.249194,1.810260,90.000001
-110.058386,-340.009441,1.806754,89.999998
-109.439673,-340.767192,1.803521,89.999993
-108.817885,-341.522399,1.800590,89.999983
-108.193033,-342.275026,1.797993,89.999972
-107.565130,-343.025022,1.795768,89.999963
-106.934191,-343.772342,1.793948,89.999960
-106.300231,-344.516950,1.792527,89.999963
-105.663262,-345.258837,1.791480,89.999970
-105.023295,-345.997984,1.790767,89.999979
-104.380335,-346.734389,1.790349,89.999988
-103.734386,-347.468050,1.790188,89.999995
-103.085456,-348.198961,1.790240,89.999999
-102.433541,-348.927124,1.790474,90.000001
-101.778637,-349.652536,1.790870,90.000001
-101.120740,-350.375197,1.791400,90.000001
-100.459845,-351.095104,1.792058,90.000001
-99.795950,-351.812249,1.792819,90.000001
-99.129045,-352.526628,1.793689,90.000001
-98.459129,-353.238231,1.794658,90.000001
-97.786192,-353.947054,1.795722,90.000001
-97.110238,-354.653076,1.796885,90.000001
-96.431260,-355.356295,1.798137,90.000001
-95.749256,-356.056693,1.799479,90.000001
-95.064230,-356.754256,1.800902,90.000001
-94.376183,-357.448971,1.802402,90.000001
-93.685111,-358.140827,1.803971,90.000001
-92.991021,-358.829807,1.805598,90.000001
-92.293917,-359.515898,1.807267,90.000001
-91.593799,-360.199085,1.808971,90.000001
-90.890672,-360.879359,1.810691,90.000001
-90.184536,-361.556705,1.812412,90.000001
-89.475399,-362.231109,1.814116,90.000001
-88.763260,-362.902565,1.815782,90.000001
-88.048125,-363.571056,1.817393,90.000001
-87.329996,-364.236572,1.818933,90.000001
-86.608874,-364.899104,1.820379,90.000001
-85.884762,-365.558638,1.821714,90.000001
-85.157659,-366.215166,1.822925,90.000001
-84.427572,-366.868669,1.823993,90.000001
-83.694509,-367.519132,1.824903,90.000001
-82.958476,-368.166533,1.825646,90.000001
-82.219481,-368.810854,1.826217,90.000001
-81.477537,-369.452064,1.826619,90.000001
-80.732669,-370.090125,1.826856,90.000001
-79.984899,-370.724992,1.826964,90.000001
-79.234260,-371.356608,1.826982,89.999999
-78.480788,-371.984907,1.826970,89.999995
-77.724525,-372.609823,1.826983,89.999990
-76.965522,-373.231291,1.827041,89.999985
-76.203823,-373.849256,1.827190,89.999980
-75.439473,-374.463655,1.827451,89.999979
-74.672517,-375.074447,1.827830,89.999981
-73.902987,-375.681600,1.828299,89.999987
-73.130922,-376.285089,1.828822,89.999992
-72.356340,-376.884906,1.829362,89.999997
-71.579270,-377.481031,1.829883,90.000000
-70.799717,-378.073458,1.830353,90.000001
-70.017701,-378.662180,1.830741,90.000001
-69.233229,-379.247185,1.831033,90.000001
-68.446303,-379.828469,1.831210,90.000001
-67.656934,-380.406016,1.831269,90.000001
-66.865124,-380.979817,1.831211,90.000000
-66.070870,-381.549862,1.831041,90.000000
-65.274181,-382.116133,1.830765,90.000001
-64.475058,-382.678621,1.830388,90.000001
-63.673503,-383.237305,1.829934,89.999992
-62.869528,-383.792173,1.829397,89.999963
-62.063125,-384.343205,1.828807,89.999901
-61.254314,-384.890386,1.828163,89.999794
-60.443096,-385.433693,1.827483,89.999633
-59.629478,-385.973114,1.826779,89.999406
-58.813473,-386.508627,1.826056,89.999104
-57.995090,-387.040214,1.825321,89.998720
-57.174337,-387.567859,1.824586,89.998243
-56.351233,-388.091537,1.823855,89.997667
-55.525778,-388.611241,1.823130,89.996985
-54.698000,-389.126942,1.822415,89.996190
-53.867900,-389.638631,1.821712,89.995277
-53.035494,-390.146287,1.821032,89.994239
-52.200796,-390.649894,1.820367,89.993074
-51.363818,-391.149437,1.819722,89.991776
-50.524570,-391.644900,1.819100,89.990342
-49.683072,-392.136265,1.818501,89.988769
-48.839330,-392.623520,1.817927,89.987054
-47.993359,-393.106650,1.817379,89.985196
-47.145164,-393.585641,1.816862,89.983191
-46.294768,-394.060480,1.816368,89.981040
-45.442176,-394.531156,1.815904,89.978740
-44.587400,-394.997651,1.815482,89.976292
-43.730453,-395.459959,1.815092,89.973695
-42.871342,-395.918068,1.814739,89.970948
-42.010082,-396.371963,1.814432,89.968052
-41.146682,-396.821640,1.814166,89.965006
-40.281149,-397.267089,1.813948,89.961810
-39.413498,-397.708295,1.813784,89.958466
-38.543739,-398.145251,1.813667,89.954975
-37.671875,-398.577944,1.813609,89.951338
-36.797921,-399.006365,1.813610,89.947557
-35.921881,-399.430505,1.813674,89.943634
-35.043770,-399.850352,1.813801,89.939570
-34.163594,-400.265900,1.813993,89.935367
-33.281365,-400.677135,1.814257,89.931026
-32.397093,-401.084046,1.814597,89.926550
-31.510785,-401.486628,1.815010,89.921941
-30.622454,-401.884866,1.815510,89.917200
-29.732107,-402.278754,1.816088,89.912332
-28.839761,-402.668276,1.816752,89.907338
-27.945416,-403.053431,1.817506,89.902221
-27.049093,-403.434203,1.818352,89.896984
-26.150798,-403.810582,1.819293,89.891630
-25.250548,-404.182562,1.820325,89.886164
-24.348356,-404.550131,1.821455,89.880587
-23.444225,-404.913286,1.822684,89.874903
-22.538178,-405.272016,1.824014,89.869118
-21.630227,-405.626317,1.825439,89.863233
-20.720381,-405.976185,1.826958,89.857255
-19.808658,-406.321612,1.828580,89.851185
-18.895073,-406.662598,1.830286,89.845030
-17.979636,-406.999135,1.832086,89.838793
-17.062364,-407.331227,1.833967,89.832479
-16.143270,-407.658870,1.835923,89.826092
-15.222365,-407.982065,1.837954,89.819638
-14.299657,-408.300813,1.840050,89.813121
-13.375168,-408.615119,1.842202,89.806544
-12.448908,-408.924986,1.844404,89.799913
-11.520886,-409.230421,1.846640,89.793231
-10.591111,-409.531423,1.848914,89.786502
-9.659596,-409.828002,1.851212,89.779732
-8.726352,-410.120155,1.853527,89.772924
-7.791386,-410.407884,1.855862,89.766086
-6.854706,-410.691190,1.858204,89.759223
-5.916329,-410.970058,1.860558,89.752343
-4.976261,-411.244483,1.862925,89.745454
-4.034515,-411.514454,1.865307,89.738566
-3.091106,-411.779951,1.867707,89.731687
-2.146062,-412.040951,1.870141,89.724829
-1.199397,-412.297438,1.872614,89.718001
-0.251154,-412.549388,1.875145,89.711214
0.698628,-412.796777,1.877754,89.704477
1.649899,-413.039580,1.880462,89.697800
2.602603,-413.277773,1.883295,89.691196
3.556661,-413.511327,1.886276,89.684677
4.512002,-413.740223,1.889418,89.678255
5.468565,-413.964444,1.892727,89.671943
6.426299,-414.183988,1.896188,89.665749
7.385155,-414.398857,1.899767,89.659683
8.345105,-414.609059,1.903441,89.653750
9.306118,-414.814604,1.907174,89.647957
10.268177,-415.015509,1.910932,89.642311
11.231259,-415.211783,1.914695,89.636815
12.195350,-415.403452,1.918427,89.631474
13.160442,-415.590527,1.922126,89.626291
14.126518,-415.773027,1.925765,89.621271
15.093567,-415.950967,1.929343,89.616415
16.061583,-416.124354,1.932852,89.611732
17.030553,-416.293190,1.936288,89.607227
18.000464,-416.457479,1.939647,89.602907
18.971307,-416.617217,1.942928,89.598780
19.943068,-416.772402,1.946132,89.594854
20.915730,-416.923028,1.949260,89.591137
21.889275,-417.069092,1.952306,89.587636
22.863685,-417.210581,1.955282,89.584359
23.838938,-417.347496,1.958177,89.581313
24.815008,-417.479828,1.960999,89.578503
25.791872,-417.607569,1.963744,89.575937
26.769496,-417.730709,1.966420,89.573618
27.747860,-417.849250,1.969020,89.571553
28.726924,-417.963179,1.971549,89.569745
29.706655,-418.072494,1.974004,89.568198
30.687017,-418.177187,1.976386,89.566917
31.667972,-418.277250,1.978699,89.565906
32.649483,-418.372680,1.980938,89.565166
33.631498,-418.463472,1.983108,89.564700
34.613981,-418.549625,1.985207,89.564508
35.596886,-418.631142,1.987227,89.564591
36.580163,-418.708024,1.989174,89.564946
37.563768,-418.780284,1.991035,89.565568
38.547647,-418.847935,1.992806,89.566453
39.531761,-418.910994,1.994473,89.567593
40.516057,-418.969486,1.996024,89.568976
41.500493,-419.023442,1.997441,89.570592
42.485033,-419.072896,1.998710,89.572424
43.469636,-419.117885,1.999806,89.574454
44.454282,-419.158463,2.000702,89.576661
45.438943,-419.194673,2.001374,89.579020
46.423617,-419.226562,2.001809,89.581537
47.408300,-419.254168,2.001979,89.584249
48.393012,-419.277517,2.001874,89.587167
49.377771,-419.296615,2.001490,89.590273
50.362581,-419.311450,2.000836,89.593547
51.347446,-419.322004,1.999915,89.596975
52.332362,-419.328243,1.998751,89.600539
53.317313,-419.330143,1.997349,89.604220
54.302279,-419.327669,1.995733,89.607997
55.287227,-419.320795,1.993912,89.611848
56.272143,-419.309496,1.991903,89.615747
57.256989,-419.293753,1.989715,89.619671
58.241731,-419.273539,1.987357,89.623612
59.226344,-419.248833,1.984845,89.627579
60.210787,-419.219616,1.982187,89.631575
61.195027,-419.185867,1.979395,89.635612
62.179031,-419.147566,1.976478,89.639699
63.162760,-419.104693,1.973452,89.643803
64.146173,-419.057226,1.970331,89.647892
65.129227,-419.005150,1.967128,89.651926
66.111878,-418.948448,1.963860,89.655870
67.094068,-418.887111,1.960538,89.659681
68.075735,-418.821133,1.957175,89.663319
69.056819,-418.750516,1.953766,89.666796
70.037257,-418.675268,1.950301,89.670201
71.017007,-418.595394,1.946777,89.673621
71.996036,-418.510904,1.943182,89.677122
72.974325,-418.421809,1.939518,89.680761
73.951857,-418.328103,1.935783,89.684531
74.928624,-418.229782,1.931986,89.688391
75.904617,-418.126835,1.928134,89.692297
76.879828,-418.019246,1.924241,89.696210
77.854230,-417.907004,1.920323,89.700086
78.827814,-417.790102,1.916381,89.703892
79.800556,-417.668529,1.912430,89.707660
80.772437,-417.542280,1.908475,89.711456
81.743460,-417.411344,1.904531,89.715283
82.713615,-417.275713,1.900611,89.719108
83.682907,-417.135376,1.896734,89.722894
84.651320,-416.990330,1.892915,89.726613
85.618843,-416.840566,1.889171,89.730400
86.585463,-416.686081,1.885512,89.734440
87.551177,-416.526870,1.881949,89.738749
88.515980,-416.362925,1.878508,89.743288
89.479851,-416.194242,1.875201,89.748012
90.442784,-416.020818,1.872044,89.752880
91.404753,-415.842654,1.869047,89.757851
92.365738,-415.659747,1.866227,89.762883
93.325719,-415.472098,1.863586,89.767936
94.284672,-415.279712,1.861129,89.772968
95.242576,-415.082591,1.858862,89.777940
96.199401,-414.880741,1.856785,89.782812
97.155125,-414.674167,1.854899,89.787545
98.109712,-414.462880,1.853195,89.792099
99.063132,-414.246891,1.851655,89.796436
100.015353,-414.026213,1.850270,89.800529
100.966355,-413.800861,1.849014,89.804406
101.916113,-413.570843,1.847871,89.808085
102.864622,-413.336165,1.846838,89.811551
103.811855,-413.096843,1.845891,89.814824
104.757813,-412.852883,1.845019,89.817977
105.702483,-412.604288,1.844212,89.821056
106.645861,-412.351069,1.843466,89.824047
107.587934,-412.093231,1.842764,89.827021
108.528708,-411.830777,1.842106,89.830048
109.468180,-411.563710,1.841487,89.833115
110.406341,-411.292035,1.840913,89.836210
111.343188,-411.015757,1.840372,89.839345
112.278716,-410.734878,1.839871,89.842521
113.212929,-410.449399,1.839409,89.845712
114.145812,-410.159323,1.839002,89.848905
115.077361,-409.864657,1.838642,89.852109
116.007567,-409.565405,1.838335,89.855316
116.936416,-409.261574,1.838087,89.858497
117.863900,-408.953173,1.837892,89.861623
118.789994,-408.640216,1.837745,89.864692
119.714680,-408.322718,1.837630,89.867703
120.637933,-408.000697,1.837540,89.870692
121.559744,-407.674164,1.837465,89.873721
122.480097,-407.343134,1.837402,89.876790
123.398983,-407.007614,1.837352,89.879877
124.316380,-406.667621,1.837312,89.883002
125.232276,-406.323167,1.837285,89.886184
126.146661,-405.974262,1.837274,89.889399
127.059513,-405.620919,1.837288,89.892621
127.970812,-405.263157,1.837312,89.895827
128.880537,-404.900993,1.837353,89.899007
129.788656,-404.534451,1.837390,89.902163
130.695141,-404.163553,1.837424,89.905309
131.599975,-403.788314,1.837452,89.908449
132.503135,-403.408752,1.837479,89.911562
133.404592,-403.024894,1.837490,89.914641
134.304326,-402.636759,1.837476,89.917679
135.202309,-402.244374,1.837417,89.920663
136.098514,-401.847766,1.837305,89.923612
136.992919,-401.446959,1.837120,89.926579
137.885513,-401.041966,1.836861,89.929588
138.776279,-400.632812,1.836522,89.932620
139.665207,-400.219513,1.836095,89.935679
140.552282,-399.802083,1.835581,89.938767
141.437496,-399.380539,1.834982,89.941869
142.320840,-398.954890,1.834309,89.944973
143.202297,-398.525156,1.833560,89.948064
144.081859,-398.091347,1.832747,89.951132
144.959511,-397.653475,1.831893,89.954166
145.835244,-397.211552,1.831006,89.957155
146.709033,-396.765595,1.830100,89.960089
147.580868,-396.315618,1.829181,89.962958
148.450724,-395.861640,1.828272,89.965755
149.318576,-395.403681,1.827372,89.968469
150.184405,-394.941763,1.826482,89.971092
151.048174,-394.475919,1.825598,89.973616
151.909855,-394.006175,1.824717,89.976034
152.769422,-393.532559,1.823827,89.978339
153.626854,-393.055091,1.822946,89.980528
154.482126,-392.573791,1.822086,89.982599
155.335216,-392.088682,1.821251,89.984548
156.186097,-391.599789,1.820455,89.986374
157.034747,-391.107132,1.819711,89.988076
157.881144,-390.610734,1.819027,89.989655
158.725256,-390.110623,1.818406,89.991109
159.567056,-389.606834,1.817838,89.992436
160.406516,-389.099398,1.817319,89.993638
161.243614,-388.588342,1.816844,89.994716
162.078320,-388.073696,1.816420,89.995673
162.910622,-387.555473,1.816074,89.996515
163.740497,-387.033703,1.815807,89.997246
164.567925,-386.508403,1.815639,89.997872
165.392884,-385.979599,1.815583,89.998401
166.215360,-385.447312,1.815658,89.998841
167.035333,-384.911562,1.815862,89.999196
167.852777,-384.372392,1.816187,89.999474
168.667684,-383.829821,1.816623,89.999683
169.480032,-383.283887,1.817152,89.999828
170.289816,-382.734609,1.817768,89.999921
171.097034,-382.182002,1.818483,89.999972
171.901676,-381.626086,1.819303,89.999995
172.703747,-381.066873,1.820227,90.000001
173.503247,-380.504377,1.821263,90.000001
174.300184,-379.938600,1.822438,90.000001
175.094557,-379.369554,1.823760,90.000001
175.886382,-378.797245,1.825232,90.000001
176.675656,-378.221679,1.826882,90.000000
177.462400,-377.642850,1.828733,90.000000
178.246612,-377.060769,1.830800,90.000000
179.028308,-376.475439,1.833091,89.999999
179.807485,-375.886863,1.835636,89.999998
180.584158,-375.295046,1.838446,89.999998
181.358326,-374.700003,1.841519,89.999999
182.129999,-374.101745,1.844847,90.000000
182.899179,-373.500291,1.848414,90.000001
183.665871,-372.895661,1.852206,90.000001
184.430083,-372.287859,1.856228,90.000001
185.191829,-371.676886,1.860487,90.000001
185.951118,-371.062750,1.864995,90.000000
186.707961,-370.445457,1.869753,89.999999
187.462368,-369.825010,1.874767,89.999998
188.214347,-369.201413,1.880051,89.999998
188.963911,-368.574681,1.885584,89.999999
189.711067,-367.944823,1.891347,90.000000
190.455827,-367.311861,1.897315,90.000001
191.198198,-366.675811,1.903451,90.000001
191.938191,-366.036685,1.909744,90.000001
192.675819,-365.394491,1.916177,90.000001
193.411099,-364.749232,1.922746,90.000001
194.144042,-364.100921,1.929430,90.000001
194.874665,-363.449562,1.936212,90.000001
195.602983,-362.795155,1.943103,90.000001
196.329016,-362.137693,1.950092,90.000001
197.052767,-361.477199,1.957163,90.000001
197.774258,-360.813663,1.964321,90.000001
198.493494,-360.147091,1.971574,90.000001
199.210488,-359.477489,1.978909,90.000001
199.925243,-358.804872,1.986318,90.000000
200.637767,-358.129242,1.993802,90.000000
201.348063,-357.450613,2.001357,90.000000
202.056135,-356.769001,2.008964,90.000000
202.761980,-356.084435,2.016592,90.000001
203.465596,-355.396938,2.024215,90.000001
204.166984,-354.706538,2.031792,90.000001
204.866140,-354.013260,2.039309,90.000001
205.563060,-353.317123,2.046755,90.000001
206.257743,-352.618144,2.054131,90.000001
206.950187,-351.916342,2.061425,90.000001
207.640385,-351.211740,2.068636,90.000000
208.328331,-350.504358,2.075765,90.000000
209.014023,-349.794214,2.082808,90.000000
209.697451,-349.081337,2.089749,90.000001
210.378608,-348.365762,2.096565,90.000001
211.057484,-347.647518,2.103237,90.000001
211.734070,-346.926643,2.109742,90.000001
212.408358,-346.203158,2.116078,90.000000
213.080339,-345.477091,2.122247,90.000001
213.750005,-344.748468,2.128241,90.000001
214.417344,-344.017329,2.134039,90.000001
215.082351,-343.283699,2.139632,90.000001
215.745013,-342.547618,2.144993,90.000001
216.405322,-341.809115,2.150124,90.000001
217.063266,-341.068214,2.155034,90.000000
217.718847,-340.324937,2.159720,90.000001
218.372049,-339.579318,2.164180,90.000001
219.022868,-338.831386,2.168398,90.000001
219.671293,-338.081177,2.172371,90.000001
220.317318,-337.328720,2.176081,90.000001
220.960936,-336.574042,2.179541,90.000001
221.602143,-335.817160,2.182757,90.000001
222.240930,-335.058106,2.185735,90.000001
222.877291,-334.296905,2.188469,90.000001
223.511221,-333.533590,2.190951,90.000001
224.142720,-332.768189,2.193167,90.000001
224.771777,-332.000734,2.195111,90.000001
225.398396,-331.231241,2.196795,90.000001
226.022569,-330.459733,2.198225,90.000001
226.644298,-329.686234,2.199398,90.000001
227.263580,-328.910774,2.200302,90.000001
227.880414,-328.133381,2.200928,90.000001
228.494805,-327.354073,2.201264,90.000001
229.106749,-326.572875,2.201318,90.000001
229.716251,-325.789797,2.201103,90.000001
230.323309,-325.004856,2.200634,90.000001
230.927928,-324.218066,2.199928,90.000001
231.530107,-323.429442,2.198999,90.000000
232.129844,-322.638996,2.197881,90.000000
232.727142,-321.846747,2.196582,90.000001
233.322000,-321.052713,2.195111,90.000001
233.914419,-320.256916,2.193465,90.000001
234.504403,-319.459378,2.191643,90.000001
235.091950,-318.660119,2.189649,90.000001
235.677067,-317.859153,2.187499,90.000000
236.259752,-317.056493,2.185210,90.000001
236.840010,-316.252161,2.182785,90.000001
237.417841,-315.446174,2.180223,90.000001
237.993254,-314.638551,2.177521,90.000001
238.566252,-313.829311,2.174675,90.000001
239.136843,-313.018467,2.171685,90.000001
239.705031,-312.206030,2.168574,90.000001
240.270827,-311.392010,2.165341,90.000001
240.834236,-310.576423,2.161987,90.000001
241.395270,-309.759281,2.158500,90.000001
241.953938,-308.940595,2.154870,90.000001
242.510252,-308.120379,2.151096,90.000001
243.064224,-307.298636,2.147188,90.000001
243.615865,-306.475361,2.143169,90.000001
244.165184,-305.650562,2.139051,90.000001
244.712194,-304.824238,2.134850,90.000001
245.256903,-303.996393,2.130589,90.000000
245.799318,-303.167026,2.126295,90.000001
246.339451,-302.336145,2.121976,90.000001
246.877312,-301.503756,2.117635,90.000001
247.412909,-300.669870,2.113275,90.000001
247.946255,-299.834493,2.108894,90.000001
248.477360,-298.997632,2.104501,90.000001
249.006230,-298.159293,2.100118,90.000001
249.532877,-297.319478,2.095750,90.000001
250.057308,-296.478197,2.091397,90.000001
250.579537,-295.635463,2.087058,90.000001
251.099573,-294.791281,2.082722,90.000001
251.617430,-293.945660,2.078384,90.000001
252.133120,-293.098606,2.074049,90.000001
252.646650,-292.250120,2.069728,90.000001
253.158035,-291.400209,2.065416,90.000001
253.667286,-290.548882,2.061106,90.000001
254.174416,-289.696146,2.056786,90.000001
254.679440,-288.842002,2.052451,90.000001
255.182370,-287.986460,2.048096,90.000001
255.683218,-287.129518,2.043735,90.000001
256.181997,-286.271177,2.039373,90.000001
256.678717,-285.411437,2.035021,90.000001
257.173389,-284.550306,2.030684,90.000001
257.666024,-283.687783,2.026380,90.000001
258.156629,-282.823870,2.022118,90.000001
258.645216,-281.958582,2.017895,90.000001
259.131793,-281.091924,2.013706,90.000001
259.616373,-280.223906,2.009550,90.000001
260.098960,-279.354541,2.005418,90.000001
260.579567,-278.483835,2.001316,90.000001
261.058199,-277.611797,1.997252,90.000001
261.534866,-276.738438,1.993220,90.000001
262.009577,-275.863774,1.989216,90.000001
262.482339,-274.987815,1.985234,90.000001
262.953157,-274.110576,1.981271,90.000001
263.422042,-273.232070,1.977323,90.000001
263.889001,-272.352308,1.973392,90.000001
264.354038,-271.471303,1.969483,90.000001
264.817163,-270.589071,1.965591,90.000001
265.278382,-269.705627,1.961711,90.000001
265.737699,-268.820986,1.957844,90.000001
266.195124,-267.935163,1.953980,90.000001
266.650662,-267.048173,1.950126,90.000001
267.104319,-266.160028,1.946286,90.000001
267.556101,-265.270745,1.942461,90.000001
268.006014,-264.380336,1.938653,90.000001
268.454066,-263.488821,1.934860,90.000001
268.900262,-262.596214,1.931081,90.000001
269.344611,-261.702528,1.927317,90.000001
269.787116,-260.807776,1.923577,90.000001
270.227787,-259.911970,1.919870,90.000001
270.666629,-259.015126,1.916198,90.000001
271.103650,-258.117255,1.912565,90.000001
271.538856,-257.218371,1.908976,90.000001
271.972255,-256.318484,1.905431,90.000001
272.403857,-255.417605,1.901939,90.000001
272.833669,-254.515745,1.898507,90.000001
273.261700,-253.612913,1.895143,90.000001
273.687960,-252.709117,1.891846,90.000001
274.112458,-251.804366,1.888618,90.000001
274.535206,-250.898669,1.885460,90.000001
274.956213,-249.992031,1.882370,90.000001
275.375493,-249.084459,1.879347,90.000001
275.793056,-248.175958,1.876389,90.000001
276.208916,-247.266528,1.873498,90.000001
276.623085,-246.356175,1.870677,90.000001
277.035575,-245.444900,1.867928,90.000001
277.446400,-244.532705,1.865254,90.000001
277.855570,-243.619592,1.862657,90.000001
278.263099,-242.705564,1.860140,90.000001
278.668998,-241.790622,1.857705,90.000001
279.073282,-240.874769,1.855354,90.000001
279.475962,-239.958008,1.853093,90.000001
279.877048,-239.040340,1.850923,90.000001
280.276554,-238.121772,1.848847,90.000001
280.674489,-237.202308,1.846866,90.000001
281.070864,-236.281952,1.844983,90.000001
281.465692,-235.360712,1.843198,90.000001
281.858980,-234.438594,1.841510,90.000001
282.250741,-233.515607,1.839920,90.000001
282.640982,-232.591761,1.838428,90.000001
283.029714,-231.667069,1.837031,90.000001
283.416942,-230.741543,1.835728,90.000001
283.802675,-229.815196,1.834522,90.000001
284.186920,-228.888047,1.833412,90.000001
284.569685,-227.960109,1.832400,90.000001
284.950973,-227.031403,1.831489,90.000001
285.330793,-226.101943,1.830679,90.000001
285.709148,-225.171754,1.829970,90.000001
286.086045,-224.240855,1.829363,90.000001
286.461486,-223.309268,1.828854,90.000001
286.835478,-222.377021,1.828443,90.000001
287.208023,-221.444136,1.828134,90.000001
287.579124,-220.510636,1.827929,90.000001
287.948789,-219.576546,1.827831,90.000001
288.317019,-218.641888,1.827849,90.000001
288.683821,-217.706684,1.827986,90.000001
289.049199,-216.770956,1.828245,90.000001
289.413158,-215.834727,1.828625,90.000001
289.775706,-214.898020,1.829125,90.000001
290.136846,-213.960855,1.829743,90.000001
290.496585,-213.023255,1.830483,90.000001
290.854930,-212.085236,1.831348,90.000001
291.211892,-211.146811,1.832344,90.000001
291.567476,-210.207997,1.833476,90.000001
291.921693,-209.268805,1.834749,90.000001
292.274553,-208.329243,1.836164,90.000001
292.626068,-207.389323,1.837719,90.000001
292.976247,-206.449053,1.839410,90.000001
293.325103,-205.508444,1.841227,90.000001
293.672646,-204.567503,1.843172,90.000001
294.018892,-203.626236,1.845242,90.000001
294.363850,-202.684645,1.847442,90.000001
294.707537,-201.742727,1.849775,90.000001
295.049965,-200.800484,1.852241,90.000001
295.391149,-199.857916,1.854839,90.000001
295.731104,-198.915018,1.857564,90.000001
296.069844,-197.971798,1.860405,90.000001
296.407384,-197.028252,1.863350,90.000001
296.743737,-196.084385,1.866393,90.000001
297.078919,-195.140197,1.869527,90.000001
297.412943,-194.195683,1.872753,90.000001
297.745823,-193.250845,1.876073,90.000001
298.077577,-192.305674,1.879485,90.000001
298.408215,-191.360175,1.882988,90.000001
298.737754,-190.414343,1.886574,90.000001
299.066209,-189.468183,1.890230,90.000001
299.393590,-188.521699,1.893941,90.000001
299.719910,-187.574899,1.897690,90.000001
300.045183,-186.627786,1.901475,90.000001
300.369423,-185.680358,1.905293,90.000001
300.692639,-184.732622,1.909144,90.000001
301.014848,-183.784577,1.913033,90.000001
301.336058,-182.836228,1.916950,90.000001
301.656286,-181.887575,1.920897,90.000001
301.975542,-180.938626,1.924864,90.000001
302.293840,-179.989393,1.928827,90.000001
302.611187,-179.039884,1.932771,90.000001
302.927598,-178.090109,1.936693,90.000001
303.243085,-177.140071,1.940588,90.000001
303.557657,-176.189780,1.944458,90.000001
303.871328,-175.239234,1.948305,90.000001
304.184111,-174.288436,1.952132,90.000001
304.496016,-173.337395,1.955937,90.000001
304.807056,-172.386115,1.959712,90.000001
305.117243,-171.434601,1.963444,90.000001
305.426587,-170.482870,1.967114,90.000001
305.735102,-169.530925,1.970712,90.000001
306.042798,-168.578776,1.974238,90.000001
306.349686,-167.626420,1.977694,90.000001
306.655781,-166.673865,1.981091,90.000001
306.961095,-165.721100,1.984426,90.000001
307.265640,-164.768138,1.987711,90.000001
307.569430,-163.814972,1.990934,90.000001
307.872477,-162.861617,1.994091,90.000001
308.174792,-161.908075,1.997160,90.000001
308.476388,-160.954356,2.000132,90.000001
308.777280,-160.000457,2.003010,90.000001
309.077478,-159.046381,2.005794,90.000001
309.376994,-158.092133,2.008498,90.000001
309.675845,-157.137700,2.011126,90.000001
309.974041,-156.183086,2.013688,90.000001
310.271596,-155.228294,2.016181,90.000001
310.568523,-154.273325,2.018603,90.000001
310.864832,-153.318185,2.020938,90.000001
311.160538,-152.362881,2.023173,90.000001
311.455654,-151.407415,2.025306,90.000001
311.750190,-150.451785,2.027346,90.000001
312.044158,-149.496002,2.029301,90.000001
312.337573,-148.540047,2.031188,90.000001
312.630446,-147.583930,2.033013,90.000001
312.922790,-146.627655,2.034785,90.000001
313.214614,-145.671222,2.036500,90.000001
313.505936,-144.714634,2.038144,90.000001
313.796760,-143.757916,2.039712,90.000001
314.087100,-142.801064,2.041191,90.000001
314.376967,-141.844086,2.042598,90.000001
314.666372,-140.886994,2.043932,90.000001
314.955326,-139.929783,2.045192,90.000001
315.243838,-138.972471,2.046388,90.000001
315.531922,-138.015061,2.047498,90.000001
315.819584,-137.057569,2.048522,90.000001
316.106840,-136.099992,2.049464,90.000001
316.393700,-135.142328,2.050340,90.000001
316.680177,-134.184582,2.051156,90.000001
316.966283,-133.226756,2.051924,90.000001
317.252029,-132.268844,2.052642,90.000001
317.537429,-131.310850,2.053298,90.000001
317.822496,-130.352775,2.053906,90.000001
318.107242,-129.394616,2.054474,90.000001
318.391681,-128.436358,2.055024,90.000001
318.675823,-127.477999,2.055572,90.000001
318.959686,-126.519532,2.056128,90.000001
319.243278,-125.560960,2.056701,90.000001
319.526614,-124.602282,2.057270,90.000001
319.809700,-123.643506,2.057844,90.000001
320.092551,-122.684633,2.058428,90.000001
320.375174,-121.725674,2.058995,90.000001
320.657579,-120.766647,2.059537,90.000001
320.939775,-119.807560,2.060026,90.000001
321.221771,-118.848421,2.060479,90.000001
321.503575,-117.889235,2.060901,90.000001
321.785193,-116.930005,2.061305,90.000001
322.066638,-115.970738,2.061676,90.000001
322.347912,-115.011444,2.062017,90.000001
322.629027,-114.052122,2.062346,90.000001
322.909989,-113.092767,2.062681,90.000001
323.190807,-112.133372,2.063034,90.000001
323.471488,-111.173942,2.063413,90.000001
323.752038,-110.214487,2.063786,90.000001
324.032462,-109.255008,2.064133,90.000001
324.312767,-108.295517,2.064440,90.000001
324.592961,-107.336001,2.064714,90.000001
324.873047,-106.376459,2.064973,90.000001
325.153032,-105.416862,2.065269,90.000001
325.432923,-104.457198,2.065635,90.000001
325.712728,-103.497453,2.066092,90.000001
325.992449,-102.537622,2.066636,90.000001
326.272090,-101.577722,2.067247,90.000001
326.551654,-100.617750,2.067910,90.000001
326.831142,-99.657727,2.068601,90.000001
327.110556,-98.697660,2.069300,90.000001
327.389895,-97.737572,2.069995,90.000001
327.669164,-96.777464,2.070666,90.000001
327.948358,-95.817356,2.071306,90.000001
328.227480,-94.857256,2.071908,90.000001
328.506532,-93.897170,2.072479,90.000001
328.785513,-92.937104,2.073011,90.000001
329.064428,-91.977052,2.073519,90.000001
329.343280,-91.017013,2.074004,90.000001
329.622071,-90.056984,2.074471,90.000001
329.900805,-89.096957,2.074938,90.000001
330.179491,-88.136911,2.075410,90.000001
330.458130,-87.176841,2.075904,90.000001
330.736729,-86.216729,2.076430,90.000001
331.015295,-85.256556,2.077013,90.000001
331.293831,-84.296314,2.077661,90.000001
331.572345,-83.335982,2.078394,90.000001
331.850839,-82.375560,2.079225,90.000001
332.129316,-81.415032,2.080154,90.000001
332.407780,-80.454411,2.081182,90.000001
332.686230,-79.493695,2.082297,90.000001
332.964667,-78.532915,2.083444,90.000001
333.243089,-77.572102,2.084582,90.000001
333.521493,-76.611279,2.085647,90.000001
333.799880,-75.650479,2.086617,90.000001
334.078246,-74.689707,2.087487,90.000001
334.356591,-73.728969,2.088285,90.000001
334.634913,-72.768268,2.089043,90.000001
334.913218,-71.807589,2.089797,90.000001
335.191502,-70.846936,2.090580,90.000001
335.469768,-69.886299,2.091421,90.000001
335.748018,-68.925682,2.092308,90.000001
336.026254,-67.965105,2.093224,90.000001
336.304475,-67.004572,2.094119,90.000001
336.582682,-66.044111,2.094957,90.000001
336.860878,-65.083720,2.095731,90.000001
337.139065,-64.123397,2.096457,90.000001
337.417245,-63.163132,2.097155,90.000001
337.695425,-62.202904,2.097863,90.000001
337.973606,-61.242704,2.098615,90.000001
338.251794,-60.282514,2.099419,90.000001
338.529992,-59.322338,2.100273,90.000001
338.808204,-58.362181,2.101142,90.000001
339.086433,-57.402049,2.101989,90.000001
339.364681,-56.441951,2.102794,90.000001
339.642953,-55.481876,2.103557,90.000001
339.921251,-54.521820,2.104307,90.000001
340.199580,-53.561761,2.105075,90.000001
340.477945,-52.601690,2.105877,90.000001
340.756345,-51.641606,2.106720,90.000001
341.034786,-50.681515,2.107586,90.000001
341.313267,-49.721421,2.108441,90.000001
341.591793,-48.761338,2.109266,90.000001
341.870364,-47.801264,2.110067,90.000001
342.148984,-46.841193,2.110851,90.000001
342.427654,-45.881124,2.111643,90.000001
342.706376,-44.921054,2.112445,90.000001
342.985152,-43.960999,2.113230,90.000001
343.263981,-43.000966,2.113984,90.000001
343.542864,-42.040960,2.114703,90.000001
343.821808,-41.080971,2.115397,90.000001
344.100809,-40.121004,2.116098,90.000001
344.379873,-39.161043,2.116826,90.000001
344.658996,-38.201103,2.117590,90.000001
344.938185,-37.241182,2.118365,90.000001
345.217436,-36.281301,2.119125,90.000001
345.496752,-35.321466,2.119862,90.000001
345.776134,-34.361684,2.120570,90.000001
346.055581,-33.401959,2.121245,90.000001
346.335097,-32.442299,2.121878,90.000001
346.614681,-31.482715,2.122446,90.000001
346.894334,-30.523213,2.122946,90.000001
347.174063,-29.563774,2.123399,90.000001
347.453866,-28.604393,2.123846,90.000001
347.733749,-27.645057,2.124320,90.000001
348.013713,-26.685759,2.124826,90.000001
348.293761,-25.726495,2.125369,90.000001
348.573896,-24.767283,2.125913,90.000001
348.854118,-23.808117,2.126455,90.000001
349.134429,-22.849010,2.126993,90.000001
349.414829,-21.889957,2.127528,90.000001
349.695319,-20.930973,2.128051,90.000001
349.975901,-19.972061,2.128529,90.000001
350.256573,-19.013238,2.128948,90.000001
350.537338,-18.054510,2.129304,90.000001
350.818196,-17.095868,2.129617,90.000001
351.099149,-16.137311,2.129874,90.000001
351.380199,-15.178851,2.130070,90.000001
351.661348,-14.220480,2.130184,90.000001
351.942600,-13.262191,2.130240,90.000001
352.223957,-12.303962,2.130266,90.000001
352.505425,-11.345773,2.130302,90.000001
352.787008,-10.387599,2.130376,90.000001
353.068708,-9.429426,2.130503,90.000001
353.350529,-8.471255,2.130663,90.000001
353.632473,-7.513085,2.130839,90.000001
353.914544,-6.554902,2.131020,90.000001
354.196738,-5.596710,2.131217,90.000001
354.479058,-4.638504,2.131426,90.000001
354.761502,-3.680284,2.131629,90.000001
355.044072,-2.722050,2.131813,90.000001
355.326759,-1.763819,2.131958,90.000001
355.609563,-0.805583,2.132079,90.000001
355.892481,0.152664,2.132188,90.000001
356.175506,1.110918,2.132280,90.000001
356.458635,2.069178,2.132351,90.000001
356.741862,3.027437,2.132382,90.000001
357.025180,3.985694,2.132385,90.000001
357.308583,4.943968,2.132374,90.000001
357.592065,5.902254,2.132368,90.000001
357.875622,6.860560,2.132347,90.000001
358.159244,7.818878,2.132309,90.000001
358.442927,8.777215,2.132256,90.000001
358.726665,9.735591,2.132193,90.000001
359.010451,10.694007,2.132154,90.000001
359.294282,11.652471,2.132122,90.000001
359.578151,12.610996,2.132090,90.000001
359.862045,13.569574,2.132059,90.000001
360.145965,14.528223,2.132030,90.000001
360.429902,15.486951,2.132036,90.000001
360.713849,16.445773,2.132081,90.000001
360.997797,17.404690,2.132156,90.000001
361.281740,18.363700,2.132257,90.000001
361.565667,19.322806,2.132390,90.000001
361.849572,20.282015,2.132572,90.000001
362.133444,21.241327,2.132820,90.000001
362.417271,22.200738,2.133119,90.000001
362.701041,23.160222,2.133458,90.000001
362.984745,24.119778,2.133803,90.000001
363.268368,25.079373,2.134140,90.000001
363.551899,26.039005,2.134450,90.000001
363.835324,26.998650,2.134722,90.000001
364.118629,27.958298,2.134951,90.000001
364.401808,28.917954,2.135163,90.000001
364.684849,29.877630,2.135391,90.000001
364.967738,30.837315,2.135645,90.000001
365.250472,31.797021,2.135925,90.000001
365.533037,32.756742,2.136234,90.000001
365.815428,33.716487,2.136582,90.000001
366.097636,34.676274,2.137000,90.000001
366.379653,35.636110,2.137500,90.000001
366.661474,36.596003,2.138080,90.000001
366.943090,37.555955,2.138719,90.000001
367.224492,38.515973,2.139436,90.000001
367.505676,39.476072,2.140239,90.000001
367.786632,40.436265,2.141149,90.000001
368.067354,41.396560,2.142162,90.000001
368.347830,42.356948,2.143268,90.000001
368.628058,43.317448,2.144457,90.000001
368.908027,44.278056,2.145742,90.000001
369.187727,45.238788,2.147144,90.000001
369.467151,46.199645,2.148675,90.000001
369.746290,47.160630,2.150313,90.000001
370.025135,48.121741,2.152058,90.000001
370.303675,49.082977,2.153900,90.000001
370.581900,50.044339,2.155868,90.000001
370.859799,51.005833,2.157977,90.000001
371.137364,51.967460,2.160215,90.000001
371.414583,52.929207,2.162565,90.000001
371.691446,53.891074,2.165028,90.000001
371.967939,54.853051,2.167606,90.000001
372.244051,55.815143,2.170324,90.000001
372.519774,56.777351,2.173182,90.000001
372.795093,57.739664,2.176159,90.000001
373.069996,58.702063,2.179239,90.000001
373.344473,59.664555,2.182411,90.000001
373.618514,60.627142,2.185690,90.000001
373.892105,61.589821,2.189075,90.000001
374.165236,62.552589,2.192562,90.000001
374.437898,63.515442,2.196131,90.000001
374.710080,64.478391,2.199761,90.000001
374.981771,65.441438,2.203471,90.000001
375.252961,66.404597,2.207300,90.000001
375.523637,67.367896,2.211292,90.000001
375.793793,68.331350,2.215460,90.000001
376.063415,69.294963,2.219810,90.000001
376.332491,70.258732,2.224311,90.000001
376.601011,71.222646,2.228914,90.000001
376.868962,72.186705,2.233603,90.000001
377.136329,73.150906,2.238378,90.000001
377.403101,74.115250,2.243223,90.000001
377.669262,75.079729,2.248115,90.000001
377.934803,76.044334,2.253016,90.000001
378.199709,77.009060,2.257901,90.000001
378.463967,77.973911,2.262782,90.000001
378.727565,78.938914,2.267697,90.000001
378.990486,79.904068,2.272688,90.000001
379.252723,80.869397,2.277770,90.000001
379.514258,81.834898,2.282947,90.000001
379.775082,82.800570,2.288179,90.000001
380.035178,83.766402,2.293433,90.000001
380.294539,84.732402,2.298696,90.000001
380.553147,85.698564,2.303971,90.000001
380.810989,86.664895,2.309255,90.000001
381.068055,87.631394,2.314525,90.000001
381.324331,88.598048,2.319740,90.000001
381.579806,89.564870,2.324897,90.000001
381.834466,90.531859,2.329997,90.000001
382.088300,91.499035,2.335064,90.000001
382.341295,92.466408,2.340100,90.000001
382.593443,93.433993,2.345097,90.000001
382.844728,94.401785,2.350046,90.000001
383.095141,95.369813,2.354971,90.000001
383.344671,96.338096,2.359901,90.000001
383.593303,97.306649,2.364853,90.000001
383.841030,98.275492,2.369825,90.000001
384.087838,99.244627,2.374811,90.000001
384.333715,100.214062,2.379797,90.000001
384.578650,101.183796,2.384774,90.000001
384.822629,102.153836,2.389723,90.000001
385.065640,103.124179,2.394633,90.000001
385.307669,104.094829,2.399495,90.000001
385.548707,105.065788,2.404290,90.000001
385.788734,106.037039,2.408985,90.000001
386.027745,107.008582,2.413543,90.000001
386.265724,107.980416,2.417953,90.000001
386.502658,108.952544,2.422216,90.000001
386.738532,109.924977,2.426350,90.000001
386.973333,110.897720,2.430364,90.000001
387.207050,111.870787,2.434257,90.000001
387.439666,112.844182,2.438042,90.000001
387.671173,113.817927,2.441738,90.000001
387.901553,114.792031,2.445377,90.000001
388.130796,115.766515,2.448962,90.000001
388.358887,116.741378,2.452489,90.000001
388.585818,117.716619,2.455925,90.000001
388.811575,118.692240,2.459231,90.000001
389.036150,119.668238,2.462378,90.000001
389.259527,120.644603,2.465331,90.000001
389.481698,121.621344,2.468067,90.000001
389.702650,122.598461,2.470576,90.000001
389.922370,123.575963,2.472863,90.000001
390.140843,124.553856,2.474944,90.000001
390.358056,125.532171,2.476863,90.000001
390.573989,126.510919,2.478671,90.000001
390.788630,127.490124,2.480405,90.000001
391.001964,128.469797,2.482067,90.000001
391.213977,129.449935,2.483646,90.000001
391.424660,130.430546,2.485124,90.000001
391.634000,131.411623,2.486466,90.000001
391.841981,132.393153,2.487651,90.000001
392.048593,133.375133,2.488643,90.000001
392.253821,134.357551,2.489422,90.000001
392.457650,135.340401,2.489978,90.000001
392.660065,136.323680,2.490305,90.000001
392.861051,137.307382,2.490419,90.000001
393.060589,138.291512,2.490340,90.000001
393.258659,139.276072,2.490106,90.000001
393.455243,140.261063,2.489744,90.000001
393.650326,141.246481,2.489257,90.000001
393.843894,142.232320,2.488627,90.000001
394.035929,143.218569,2.487843,90.000001
394.226419,144.205210,2.486880,90.000001
394.415350,145.192238,2.485728,90.000001
394.602702,146.179637,2.484383,90.000001
394.788462,147.167406,2.482849,90.000001
394.972608,148.155536,2.481153,90.000001
395.155125,149.144023,2.479311,90.000001
395.335996,150.132864,2.477336,90.000001
395.515200,151.122048,2.475230,90.000001
395.692727,152.111565,2.472988,90.000001
395.868555,153.101410,2.470621,90.000001
396.042669,154.091572,2.468140,90.000001
396.215051,155.082047,2.465555,90.000001
396.385685,156.072823,2.462867,90.000001
396.554554,157.063890,2.460068,90.000001
396.721642,158.055235,2.457163,90.000001
396.886934,159.046851,2.454155,90.000001
397.050409,160.038729,2.451061,90.000001
397.212052,161.030859,2.447890,90.000001
397.371844,162.023235,2.444649,90.000001
397.529770,163.015846,2.441347,90.000001
397.685813,164.008683,2.437995,90.000001
397.839954,165.001739,2.434599,90.000001
397.992180,165.995000,2.431161,90.000001
398.142473,166.988461,2.427684,90.000001
398.290817,167.982110,2.424173,90.000001
398.437195,168.975936,2.420626,90.000001
398.581593,169.969932,2.417046,90.000001
398.723995,170.964086,2.413432,90.000001
398.864385,171.958389,2.409786,90.000001
399.002747,172.952833,2.406109,90.000001
399.139067,173.947406,2.402402,90.000001
399.273329,174.942102,2.398669,90.000001
399.405515,175.936912,2.394914,90.000001
399.535611,176.931826,2.391142,90.000001
399.663601,177.926836,2.387360,90.000001
399.789467,178.921932,2.383576,90.000001
399.913194,179.917107,2.379802,90.000001
400.034764,180.912351,2.376042,90.000001
400.154162,181.907651,2.372309,90.000001
400.271370,182.902996,2.368608,90.000001
400.386374,183.898372,2.364940,90.000001
400.499158,184.893763,2.361305,90.000001
400.609709,185.889153,2.357695,90.000001
400.718008,186.884523,2.354107,90.000001
400.824046,187.879856,2.350534,90.000001
400.927805,188.875133,2.346970,90.000001
401.029272,189.870335,2.343413,90.000001
401.128430,190.865444,2.339861,90.000001
401.225268,191.860439,2.336314,90.000001
401.319768,192.855307,2.332770,90.000001
401.411914,193.850029,2.329240,90.000001
401.501693,194.844590,2.325732,90.000001
401.589084,195.838979,2.322267,90.000001
401.674072,196.833184,2.318863,90.000001
401.756640,197.827196,2.315538,90.000001
401.836767,198.821004,2.312312,90.000001
401.914443,199.814603,2.309199,90.000001
401.989648,200.807986,2.306209,90.000001
402.062369,201.801151,2.303353,90.000001
402.132590,202.794098,2.300642,90.000001
402.200297,203.786828,2.298089,90.000001
402.265471,204.779349,2.295713,90.000001
402.328097,205.771676,2.293537,90.000001
402.388157,206.763820,2.291585,90.000001
402.445636,207.755804,2.289880,90.000000
402.500513,208.747651,2.288453,90.000000
402.552773,209.739387,2.287317,89.999999
402.602402,210.731049,2.286484,90.000000
402.649389,211.722664,2.285941,90.000000
402.693726,212.714273,2.285664,90.000001
402.735405,213.705896,2.285628,90.000001
402.774422,214.697567,2.285796,90.000001
402.810764,215.689303,2.286143,90.000001
402.844429,216.681126,2.286636,90.000001
402.875404,217.673045,2.287242,90.000001
402.903684,218.665069,2.287923,90.000001
402.929266,219.657192,2.288629,90.000001
402.952145,220.649411,2.289301,90.000001
402.972316,221.641714,2.289899,90.000001
402.989772,222.634092,2.290386,90.000001
403.004502,223.626526,2.290739,90.000001
403.016498,224.619001,2.290928,90.000001
403.025748,225.611493,2.290941,90.000001
403.032236,226.603979,2.290765,90.000001
403.035952,227.596439,2.290400,90.000001
403.036878,228.588843,2.289842,90.000001
403.035003,229.581165,2.289084,90.000001
403.030312,230.573373,2.288125,90.000001
403.022793,231.565438,2.286959,90.000001
403.012433,232.557321,2.285579,90.000001
402.999219,233.548998,2.283982,90.000001
402.983143,234.540430,2.282159,90.000001
402.964191,235.531587,2.280096,90.000001
402.942353,236.522432,2.277790,90.000001
402.917621,237.512938,2.275229,90.000001
402.889982,238.503078,2.272398,90.000001
402.859428,239.492821,2.269297,90.000001
402.825950,240.482144,2.265904,90.000001
402.789543,241.471022,2.262209,90.000001
402.750192,242.459446,2.258203,90.000001
402.707887,243.447398,2.253891,90.000001
402.662613,244.434859,2.249282,90.000001
402.614352,245.421829,2.244398,90.000000
402.563076,246.408304,2.239300,90.000000
402.508755,247.394275,2.234052,90.000000
402.451370,248.379740,2.228687,90.000001
402.390907,249.364704,2.223204,90.000001
402.327351,250.349164,2.217612,90.000000
402.260680,251.333112,2.211946,89.999998
402.190874,252.316552,2.206228,89.999999
402.117929,253.299482,2.200440,90.000001
402.041834,254.281905,2.194554,90.000001
401.962579,255.263817,2.188564,89.999999
401.880138,256.245213,2.182515,89.999998
401.794491,257.226087,2.176442,89.999998
401.705620,258.206423,2.170361,90.000001
401.613526,259.186234,2.164214,90.000001
401.518213,260.165518,2.157935,89.999990
401.419675,261.144273,2.151500,89.999962
401.317886,262.122481,2.144957,89.999916
401.212815,263.100117,2.138384,89.999858
401.104417,264.077157,2.131890,89.999798
400.992653,265.053564,2.125591,89.999747
400.877487,266.029319,2.119572,89.999716
400.758888,267.004391,2.113906,89.999713
400.636844,267.978793,2.108586,89.999741
400.511359,268.952519,2.103545,89.999793
400.382464,269.925604,2.098622,89.999857
400.250188,270.898080,2.093640,89.999916
400.114548,271.869971,2.088477,89.999961
399.975540,272.841291,2.083096,89.999987
399.833148,273.812037,2.077498,89.999999
399.687347,274.782194,2.071731,90.000001
399.538105,275.751752,2.065855,90.000001
399.385392,276.720678,2.059939,90.000001
399.229179,277.688954,2.054043,90.000000
399.069440,278.656546,2.048229,90.000000
398.906148,279.623427,2.042541,89.999999
398.739289,280.589560,2.037009,89.999999
398.568844,281.554915,2.031659,89.999999
398.394798,282.519461,2.026512,90.000000
398.217138,283.483177,2.021581,90.000000
398.035858,284.446024,2.016860,90.000001
397.850946,285.407983,2.012354,90.000001
397.662395,286.369024,2.008058,90.000001
397.470195,287.329129,2.003968,90.000001
397.274340,288.288282,2.000076,90.000001
397.074822,289.246458,1.996373,90.000001
396.871634,290.203636,1.992864,90.000001
396.664764,291.159808,1.989538,90.000001
396.454204,292.114958,1.986393,90.000001
396.239943,293.069071,1.983432,90.000001
396.021971,294.022138,1.980649,90.000001
395.800278,294.974148,1.978040,90.000001
395.574854,295.925086,1.975612,90.000001
395.345684,296.874948,1.973366,90.000001
395.112759,297.823722,1.971299,90.000001
394.876064,298.771404,1.969422,90.000001
394.635592,299.717981,1.967721,90.000001
394.391325,300.663453,1.966213,90.000001
394.143254,301.607809,1.964894,90.000001
393.891364,302.551047,1.963767,90.000001
393.635647,303.493158,1.962831,90.000001
393.376086,304.434136,1.962093,90.000001
393.112676,305.373979,1.961542,90.000001
392.845403,306.312672,1.961186,90.000001
392.574255,307.250220,1.961023,90.000001
392.299223,308.186612,1.961050,90.000001
392.020295,309.121844,1.961268,90.000001
391.737465,310.055910,1.961668,90.000001
391.450727,310.988798,1.962245,90.000001
391.160067,311.920507,1.962999,90.000001
390.865484,312.851029,1.963919,90.000001
390.566971,313.780350,1.965004,90.000001
390.264521,314.708470,1.966249,90.000001
389.958133,315.635374,1.967639,90.000001
389.647803,316.561056,1.969174,90.000001
389.333528,317.485502,1.970847,90.000001
389.015307,318.408705,1.972640,90.000001
388.693140,319.330650,1.974556,90.000001
388.367023,320.251330,1.976577,90.000001
388.036963,321.170720,1.978694,90.000001
387.702959,322.088814,1.980899,90.000001
387.365010,323.005592,1.983186,90.000001
387.023121,323.921047,1.985535,90.000001
386.677299,324.835149,1.987940,90.000001
386.327542,325.747893,1.990393,90.000001
385.973859,326.659245,1.992887,90.000001
385.616252,327.569202,1.995398,90.000001
385.254729,328.477730,1.997925,90.000001
384.889295,329.384817,2.000456,90.000001
384.519958,330.290438,2.002975,90.000001
384.146720,331.194574,2.005485,90.000001
383.769590,332.097200,2.007971,90.000001
383.388580,332.998286,2.010422,90.000001
383.003692,333.897820,2.012829,90.000001
382.614937,334.795778,2.015181,90.000001
382.222325,335.692131,2.017471,90.000001
381.825863,336.586857,2.019692,90.000001
381.425557,337.479928,2.021842,90.000001
381.021418,338.371326,2.023910,90.000001
380.613456,339.261020,2.025886,90.000001
380.201677,340.148993,2.027769,90.000001
379.786090,341.035218,2.029553,90.000001
379.366705,341.919669,2.031231,90.000001
378.943526,342.802327,2.032806,90.000001
378.516568,343.683167,2.034265,90.000001
378.085835,344.562162,2.035612,90.000001
377.651336,345.439294,2.036842,90.000001
377.213078,346.314540,2.037956,90.000001
376.771068,347.187876,2.038954,90.000001
376.325316,348.059283,2.039835,90.000001
375.875825,348.928742,2.040593,90.000001
375.422606,349.796229,2.041232,90.000001
374.965664,350.661724,2.041753,90.000001
374.505007,351.525207,2.042152,90.000001
374.040640,352.386663,2.042434,90.000001
373.572564,353.246075,2.042601,90.000001
373.100793,354.103415,2.042654,90.000001
372.625324,354.958676,2.042598,90.000001
372.146168,355.811829,2.042434,90.000001
371.663330,356.662866,2.042162,90.000001
371.176809,357.511768,2.041789,90.000001
370.686615,358.358518,2.041318,90.000001
370.192750,359.203104,2.040749,90.000001
369.695216,360.045501,2.040096,90.000001
369.194023,360.885698,2.039351,90.000001
368.689168,361.723683,2.038527,90.000001
368.180661,362.559434,2.037619,90.000001
367.668500,363.392944,2.036638,90.000001
367.152695,364.224188,2.035582,90.000001
366.633246,365.053154,2.034461,90.000001
366.110156,365.879828,2.033281,90.000001
365.583433,366.704193,2.032034,90.000001
365.053078,367.526232,2.030736,90.000001
364.519098,368.345931,2.029382,90.000001
363.981496,369.163271,2.027985,90.000001
363.440279,369.978235,2.026545,90.000001
362.895445,370.790813,2.025068,90.000001
362.347010,371.600977,2.023555,90.000001
361.794973,372.408717,2.022009,90.000001
361.239341,373.214014,2.020437,90.000001
360.680119,374.016849,2.018843,90.000001
360.117320,374.817201,2.017224,90.000001
359.550944,375.615056,2.015592,90.000001
358.981000,376.410392,2.013948,90.000001
358.407496,377.203191,2.012297,90.000001
357.830445,377.993430,2.010633,90.000001
357.249851,378.781091,2.008964,90.000001
356.665722,379.566157,2.007299,90.000001
356.078072,380.348600,2.005636,90.000001
355.486907,381.128400,2.003982,90.000001
354.892236,381.905544,2.002337,90.000001
354.294072,382.680001,2.000710,90.000001
353.692423,383.451758,1.999097,90.000001
353.087303,384.220786,1.997505,90.000001
352.478723,384.987069,1.995933,90.000001
351.866687,385.750585,1.994391,90.000001
351.251218,386.511308,1.992878,90.000001
350.632322,387.269216,1.991400,90.000001
350.010006,388.024298,1.989953,90.000001
349.384291,388.776520,1.988550,90.000001
348.755182,389.525871,1.987184,90.000001
348.122693,390.272324,1.985867,90.000001
347.486840,391.015855,1.984601,90.000001
346.847626,391.756457,1.983388,90.000001
346.205072,392.494097,1.982223,90.000001
345.559188,393.228756,1.981121,90.000001
344.909981,393.960422,1.980082,90.000001
344.257466,394.689069,1.979110,90.000001
343.601650,395.414686,1.978206,90.000001
342.942552,396.137245,1.977375,90.000001
342.280178,396.856739,1.976611,90.000001
341.614543,397.573144,1.975924,90.000001
340.945656,398.286442,1.975313,90.000001
340.273528,398.996622,1.974786,90.000001
339.598173,399.703662,1.974338,90.000001
338.919595,400.407553,1.973978,90.000001
338.237811,401.108274,1.973699,90.000001
337.552831,401.805812,1.973505,90.000001
336.864665,402.500151,1.973403,90.000001
336.173325,403.191282,1.973386,90.000001
335.478819,403.879186,1.973458,90.000001
334.781159,404.563853,1.973622,90.000001
334.080356,405.245268,1.973878,90.000001
333.376426,405.923416,1.974225,90.000001
332.669374,406.598290,1.974661,90.000001
331.959212,407.269879,1.975190,90.000001
331.245954,407.938165,1.975808,90.000001
330.529616,408.603139,1.976509,90.000001
329.810210,409.264788,1.977299,90.000001
329.087743,409.923107,1.978169,90.000001
328.362234,410.578079,1.979118,90.000001
327.633697,411.229689,1.980150,90.000001
326.902141,411.877934,1.981257,90.000001
326.167586,412.522795,1.982439,90.000001
325.430040,413.164269,1.983687,90.000001
324.689525,413.802334,1.985007,90.000001
323.946055,414.436984,1.986383,90.000001
323.199642,415.068207,1.987820,90.000001
322.450308,415.695989,1.989309,90.000001
321.698064,416.320319,1.990855,90.000001
320.942932,416.941188,1.992443,90.000001
320.184927,417.558580,1.994072,90.000001
319.424069,418.172484,1.995738,90.000001
318.660373,418.782888,1.997435,90.000001
317.893862,419.389781,1.999155,90.000001
317.124550,419.993151,2.000904,90.000001
316.352458,420.592982,2.002664,90.000001
315.577610,421.189262,2.004438,90.000001
314.800019,421.781981,2.006221,90.000001
314.019709,422.371124,2.008009,90.000001
313.236694,422.956683,2.009793,90.000001
312.451001,423.538641,2.011574,90.000001
311.662648,424.116986,2.013344,90.000001
310.871653,424.691711,2.015100,90.000001
310.078034,425.262799,2.016843,90.000001
309.281817,425.830241,2.018561,90.000001
308.483021,426.394026,2.020253,90.000001
307.681659,426.954139,2.021922,90.000001
306.877755,427.510572,2.023560,90.000001
306.071333,428.063310,2.025162,90.000001
305.262403,428.612348,2.026729,90.000001
304.450991,429.157672,2.028253,90.000001
303.637109,429.699273,2.029737,90.000001
302.820785,430.237136,2.031179,90.000001
302.002028,430.771257,2.032576,90.000001
301.180862,431.301621,2.033929,90.000001
300.357299,431.828225,2.035234,90.000001
299.531363,432.351050,2.036492,90.000001
298.703066,432.870096,2.037696,90.000001
297.872426,433.385351,2.038849,90.000001
297.039457,433.896808,2.039951,90.000001
296.204183,434.404454,2.041001,90.000001
295.366614,434.908282,2.041999,90.000001
294.526766,435.408289,2.042941,90.000001
293.684664,435.904458,2.043829,90.000001
292.840309,436.396789,2.044665,90.000001
291.993726,436.885267,2.045449,90.000001
291.144928,437.369891,2.046175,90.000001
290.293931,437.850647,2.046854,90.000001
289.440755,438.327530,2.047474,90.000001
288.585408,438.800532,2.048042,90.000001
287.727911,439.269643,2.048559,90.000001
286.868276,439.734855,2.049027,90.000001
286.006517,440.196162,2.049448,90.000001
285.142652,440.653555,2.049823,90.000001
284.276704,441.107023,2.050147,90.000001
283.408680,441.556563,2.050421,90.000001
282.538597,442.002165,2.050650,90.000001
281.666481,442.443818,2.050835,90.000001
280.792341,442.881517,2.050973,90.000001
279.916197,443.315249,2.051073,90.000001
279.038065,443.745009,2.051133,90.000001
278.157964,444.170785,2.051153,90.000001
277.275916,444.592571,2.051135,90.000001
276.391935,445.010357,2.051081,90.000001
275.506038,445.424135,2.050997,90.000001
274.618247,445.833894,2.050881,90.000001
273.728582,446.239625,2.050740,90.000001
272.837064,446.641319,2.050571,90.000001
271.943710,447.038964,2.050386,90.000001
271.048535,447.432559,2.050174,90.000001
270.151571,447.822085,2.049953,90.000001
269.252827,448.207543,2.049710,90.000001
268.352330,448.588913,2.049464,90.000001
267.450104,448.966192,2.049204,90.000001
266.546156,449.339374,2.048937,90.000001
265.640521,449.708443,2.048673,90.000001
264.733212,450.073396,2.048405,90.000001
263.824251,450.434222,2.048148,90.000001
262.913663,450.790908,2.047900,90.000001
262.001462,451.143455,2.047665,90.000001
261.087670,451.491850,2.047443,90.000001
260.172312,451.836085,2.047237,90.000001
259.255401,452.176153,2.047056,90.000001
258.336965,452.512046,2.046896,90.000001
257.417016,452.843756,2.046773,90.000001
256.495579,453.171276,2.046677,90.000001
255.572677,453.494600,2.046613,90.000001
254.648320,453.813720,2.046589,90.000001
253.722530,454.128632,2.046604,90.000001
252.795331,454.439327,2.046661,90.000001
251.866737,454.745801,2.046761,90.000001
250.936769,455.048044,2.046913,90.000001
250.005448,455.346051,2.047115,90.000001
249.072787,455.639819,2.047375,90.000001
248.138807,455.929342,2.047684,90.000001
247.203519,456.214613,2.048063,90.000001
246.266955,456.495625,2.048498,90.000001
245.329124,456.772374,2.049001,90.000001
244.390042,457.044855,2.049572,90.000001
243.449730,457.313062,2.050217,90.000001
242.508205,457.576991,2.050932,90.000001
241.565485,457.836635,2.051728,90.000001
240.621586,458.091992,2.052600,90.000001
239.676528,458.343053,2.053557,90.000001
238.730329,458.589819,2.054596,90.000001
237.783002,458.832279,2.055723,90.000001
236.834568,459.070434,2.056934,90.000001
235.885050,459.304277,2.058233,90.000001
234.934457,459.533807,2.059615,90.000001
233.982806,459.759020,2.061081,90.000001
233.030119,459.979913,2.062627,90.000001
232.076408,460.196486,2.064251,90.000001
231.121690,460.408738,2.065941,90.000001
230.165990,460.616664,2.067691,90.000001
229.209306,460.820272,2.069491,90.000001
228.251659,461.019557,2.071333,90.000001
227.293064,461.214524,2.073199,90.000001
226.333537,461.405173,2.075074,90.000001
225.373073,461.591508,2.076953,90.000001
224.411691,461.773533,2.078805,90.000001
223.449402,461.951249,2.080629,90.000001
222.486197,462.124659,2.082408,90.000001
221.522095,462.293769,2.084122,90.000001
220.557091,462.458579,2.085767,90.000001
219.591194,462.619089,2.087329,90.000001
218.624401,462.775303,2.088798,90.000001
217.656714,462.927217,2.090183,90.000001
216.688143,463.074826,2.091477,90.000001
215.718687,463.218128,2.092695,90.000001
214.748365,463.357117,2.093835,90.000001
213.777192,463.491778,2.094923,90.000001
212.805194,463.622107,2.095967,90.000001
211.832404,463.748084,2.096998,90.000001
210.858868,463.869698,2.098032,90.000001
209.884651,463.986929,2.099099,90.000001
208.909821,464.099766,2.100211,90.000001
207.934456,464.208190,2.101387,90.000001
206.958628,464.312203,2.102614,90.000001
205.982415,464.411793,2.103889,90.000001
205.005884,464.506965,2.105195,90.000001
204.029091,464.597720,2.106506,90.000001
203.052073,464.684072,2.107791,90.000001
202.074870,464.766027,2.109014,90.000001
201.097503,464.843598,2.110142,90.000001
200.119978,464.916797,2.111148,90.000001
199.142318,464.985630,2.112011,90.000001
198.164521,465.050107,2.112713,90.000001
197.186600,465.110235,2.113239,90.000001
196.208558,465.166015,2.113583,90.000001
195.230393,465.217451,2.113744,90.000001
194.252114,465.264544,2.113724,90.000001
193.273724,465.307296,2.113523,90.000001
192.295230,465.345704,2.113149,90.000001
191.316636,465.379765,2.112617,90.000001
190.337951,465.409479,2.111930,90.000001
189.359186,465.434844,2.111099,90.000001
188.380358,465.455855,2.110132,90.000001
187.401470,465.472512,2.109038,90.000001
186.422549,465.484815,2.107819,90.000001
185.443598,465.492761,2.106488,90.000001
184.464639,465.496347,2.105050,90.000001
183.485690,465.495574,2.103510,90.000001
182.506774,465.490440,2.101867,90.000001
181.527907,465.480949,2.100122,90.000001
180.549108,465.467101,2.098279,90.000001
179.570399,465.448893,2.096339,90.000001
178.591802,465.426329,2.094296,90.000001
177.613335,465.399409,2.092156,90.000001
176.635023,465.368136,2.089917,90.000001
175.656887,465.332510,2.087579,90.000001
174.678946,465.292535,2.085139,90.000001
173.701228,465.248213,2.082594,90.000001
172.723745,465.199543,2.079949,90.000001
171.746528,465.146530,2.077199,90.000001
170.769602,465.089177,2.074344,90.000001
169.792977,465.027486,2.071384,90.000001
168.816687,464.961456,2.068326,90.000001
167.840749,464.891093,2.065166,90.000001
166.865184,464.816395,2.061911,90.000001
165.890017,464.737368,2.058557,90.000001
164.915268,464.654013,2.055110,90.000001
163.940961,464.566333,2.051571,90.000001
162.967119,464.474329,2.047952,90.000001
161.993763,464.378003,2.044248,90.000001
161.020915,464.277360,2.040462,90.000001
160.048594,464.172398,2.036607,90.000001
159.076824,464.063124,2.032681,90.000001
158.105626,463.949539,2.028691,90.000001
157.135026,463.831645,2.024647,90.000001
156.165034,463.709444,2.020542,90.000001
155.195684,463.582945,2.016381,90.000001
154.226985,463.452145,2.012176,90.000001
153.258967,463.317049,2.007933,90.000001
152.291645,463.177663,2.003647,90.000001
151.325040,463.033988,1.999331,90.000001
150.359172,462.886029,1.994980,90.000001
149.394057,462.733787,1.990608,90.000001
148.429715,462.577267,1.986217,90.000001
147.466167,462.416476,1.981805,90.000001
146.503431,462.251415,1.977383,90.000001
145.541524,462.082089,1.972950,90.000001
144.580458,461.908498,1.968516,90.000001
143.620251,461.730651,1.964074,90.000001
142.660922,461.548549,1.959638,90.000001
141.702489,461.362200,1.955203,90.000001
140.744960,461.171604,1.950772,90.000001
139.788351,460.976767,1.946351,90.000001
138.832681,460.777696,1.941937,90.000001
137.877960,460.574392,1.937540,90.000001
136.924200,460.366860,1.933150,90.000001
135.971418,460.155106,1.928779,90.000001
135.019625,459.939132,1.924429,90.000001
134.068834,459.718945,1.920089,90.000001
133.119056,459.494548,1.915776,90.000001
132.170300,459.265946,1.911479,90.000001
131.222584,459.033144,1.907199,90.000001
130.275917,458.796148,1.902940,90.000001
129.330307,458.554958,1.898701,90.000001
128.385773,458.309584,1.894486,90.000001
127.442321,458.060027,1.890291,90.000001
126.499960,457.806296,1.886111,90.000001
125.558714,457.548394,1.881953,90.000001
124.618584,457.286328,1.877813,90.000001
123.679583,457.020101,1.873690,90.000001
122.741730,456.749720,1.869586,90.000001
121.805033,456.475190,1.865500,90.000001
120.869509,456.196519,1.861427,90.000001
119.935168,455.913713,1.857367,90.000001
119.002029,455.626779,1.853326,90.000001
118.070101,455.335723,1.849305,90.000001
117.139404,455.040552,1.845295,90.000001
116.209951,454.741274,1.841306,90.000001
115.281755,454.437896,1.837329,90.000001
114.354842,454.130430,1.833373,90.000001
113.429221,453.818882,1.829438,90.000001
112.504911,453.503262,1.825520,90.000001
111.581931,453.183579,1.821629,90.000001
110.660296,452.859845,1.817759,90.000001
109.740030,452.532070,1.813920,90.000001
108.821144,452.200267,1.810116,90.000001
107.903656,451.864446,1.806344,90.000001
106.987590,451.524621,1.802617,90.000001
106.072955,451.180808,1.798927,90.000000
105.159778,450.833018,1.795289,90.000000
104.248072,450.481268,1.791704,90.000001
103.337846,450.125575,1.788172,90.000001
102.429121,449.765950,1.784706,90.000001
101.521910,449.402414,1.781302,90.000001
100.616227,449.034983,1.777969,90.000001
99.712080,448.663674,1.774699,90.000001
98.809487,448.288505,1.771502,90.000001
97.908449,447.909491,1.768379,90.000001
97.008979,447.526649,1.765325,90.000001
96.111082,447.140000,1.762340,90.000001
95.214761,446.749557,1.759425,90.000001
94.320015,446.355335,1.756577,90.000001
93.426850,445.957350,1.753799,90.000001
92.535266,445.555617,1.751082,90.000001
91.645256,445.150151,1.748430,90.000001
90.756819,444.740962,1.745837,90.000001
89.869951,444.328064,1.743311,90.000001
88.984649,443.911468,1.740854,90.000001
88.100902,443.491182,1.738471,90.000000
87.218706,443.067215,1.736178,89.999998
86.338056,442.639575,1.733975,89.999993
85.458954,442.208271,1.731894,89.999984
84.581395,441.773313,1.729949,89.999973
83.705381,441.334704,1.728168,89.999961
82.830922,440.892457,1.726582,89.999948
81.958026,440.446580,1.725222,89.999939
81.086708,439.997090,1.724117,89.999934
80.216990,439.544006,1.723289,89.999935
79.348903,439.087349,1.722764,89.999944
78.482480,438.627157,1.722532,89.999959
77.617762,438.163468,1.722586,89.999976
76.754792,437.696336,1.722878,89.999991
75.893616,437.225815,1.723350,89.999999
75.034261,436.751951,1.723961,90.000001
74.176747,436.274777,1.724671,90.000001
73.321084,435.794328,1.725450,90.000001
72.467269,435.310625,1.726282,90.000001
71.615309,434.823689,1.727150,90.000001
70.765190,434.333535,1.728046,90.000001
69.916905,433.840173,1.728971,90.000001
69.070442,433.343615,1.729927,90.000001
68.225792,432.843871,1.730913,90.000000
67.382939,432.340945,1.731941,90.000000
66.541874,431.834848,1.733021,90.000001
65.702588,431.325582,1.734164,90.000001
64.865070,430.813158,1.735382,90.000001
64.029309,430.297583,1.736687,90.000001
63.195301,429.778865,1.738092,90.000001
62.363040,429.257012,1.739614,90.000001
61.532523,428.732037,1.741260,90.000001
60.703741,428.203944,1.743048,90.000001
59.876693,427.672749,1.744983,90.000001
59.051384,427.138464,1.747077,90.000001
58.227800,426.601097,1.749338,90.000001
57.405949,426.060664,1.751773,90.000001
56.585828,425.517180,1.754388,90.000001
55.767436,424.970659,1.757180,90.000001
54.950772,424.421111,1.760159,90.000001
54.135833,423.868553,1.763321,90.000001
53.322617,423.312995,1.766670,90.000001
52.511125,422.754458,1.770201,90.000001
51.701353,422.192954,1.773911,90.000001
50.893295,421.628492,1.777799,90.000001
50.086948,421.061084,1.781861,90.000001
49.282306,420.490750,1.786092,90.000001
48.479363,419.917495,1.790480,90.000001
47.678113,419.341336,1.795025,90.000001
46.878543,418.762278,1.799715,90.000001
46.080652,418.180337,1.804547,90.000001
45.284422,417.595516,1.809508,90.000001
44.489845,417.007828,1.814589,90.000001
43.696912,416.417278,1.819786,90.000001
42.905613,415.823878,1.825092,90.000001
42.115932,415.227630,1.830493,90.000001
41.327861,414.628548,1.835987,90.000001
40.541390,414.026633,1.841571,90.000001
39.756510,413.421894,1.847240,90.000001
38.973211,412.814342,1.852992,90.000001
38.191487,412.203981,1.858830,90.000001
37.411332,411.590824,1.864757,90.000001
36.632746,410.974877,1.870782,90.000001
35.855726,410.356153,1.876907,90.000001
35.080275,409.734667,1.883146,90.000001
34.306400,409.110433,1.889510,90.000001
33.534107,408.483470,1.896007,90.000001
32.763404,407.853797,1.902643,90.000001
31.994303,407.221440,1.909418,90.000001
31.226822,406.586424,1.916327,90.000001
30.460972,405.948780,1.923353,90.000001
29.696768,405.308542,1.930468,90.000001
28.934227,404.665740,1.937642,90.000001
28.173353,404.020406,1.944849,90.000001
27.414154,403.372561,1.952062,90.000001
26.656631,402.722227,1.959264,90.000001
25.900783,402.069423,1.966433,90.000001
25.146606,401.414167,1.973555,90.000001
24.394100,400.756475,1.980613,90.000001
23.643261,400.096361,1.987599,90.000001
22.894083,399.433839,1.994500,90.000001
22.146566,398.768926,2.001310,90.000001
21.400707,398.101634,2.008021,90.000001
20.656503,397.431979,2.014631,90.000001
19.913953,396.759977,2.021135,90.000001
19.173058,396.085646,2.027531,90.000001
18.433819,395.408998,2.033820,90.000001
17.696237,394.730057,2.039998,90.000001
16.960317,394.048838,2.046067,90.000001
16.226061,393.365362,2.052027,90.000001
15.493477,392.679650,2.057878,90.000001
14.762569,391.991724,2.063620,90.000001
14.033344,391.301609,2.069254,90.000001
13.305811,390.609328,2.074780,90.000001
12.579978,389.914906,2.080200,90.000001
11.855857,389.218370,2.085514,90.000001
11.133455,388.519746,2.090724,90.000001
10.412784,387.819063,2.095831,90.000001
9.693854,387.116349,2.100836,90.000001
8.976677,386.411629,2.105741,90.000001
8.261262,385.704935,2.110546,90.000001
7.547617,384.996293,2.115253,90.000001
6.835751,384.285727,2.119861,90.000001
6.125668,383.573264,2.124369,90.000001
5.417372,382.858922,2.128779,90.000001
4.710863,382.142725,2.133094,90.000001
4.006133,381.424682,2.137319,90.000001
3.303177,380.704804,2.141455,90.000001
2.601983,379.983102,2.145500,90.000001
1.902545,379.259589,2.149440,90.000001
1.204853,378.534279,2.153262,90.000001
0.508902,377.807184,2.156946,90.000001
-0.185314,377.078325,2.160476,90.000001
-0.877797,376.347721,2.163835,90.000001
-1.568546,375.615392,2.167010,90.000001
-2.257560,374.881364,2.169990,90.000001
-2.944839,374.145654,2.172769,90.000001
-3.630375,373.408293,2.175346,90.000001
-4.314161,372.669306,2.177718,90.000001
-4.996197,371.928717,2.179892,90.000001
-5.676474,371.186551,2.181866,90.000001
-6.354990,370.442834,2.183647,90.000001
-7.031740,369.697585,2.185248,90.000001
-7.706727,368.950824,2.186679,90.000001
-8.379953,368.202564,2.187954,90.000001
-9.051428,367.452814,2.189100,90.000001
-9.721163,366.701574,2.190147,90.000001
-10.389174,365.948843,2.191119,90.000001
-11.055477,365.194623,2.192036,90.000001
-11.720081,364.438925,2.192895,90.000001
-12.382993,363.681761,2.193686,90.000001
-13.044220,362.923145,2.194403,90.000001
-13.703764,362.163101,2.195020,90.000001
-14.361623,361.401651,2.195527,90.000001
-15.017796,360.638824,2.195903,90.000001
-15.672281,359.874645,2.196140,90.000001
-16.325072,359.109141,2.196228,90.000001
-16.976165,358.342343,2.196155,90.000001
-17.625559,357.574271,2.195923,90.000001
-18.273250,356.804954,2.195526,90.000001
-18.919239,356.034413,2.194971,90.000001
-19.563535,355.262655,2.194276,90.000001
-20.206144,354.489692,2.193460,90.000001
-20.847085,353.715517,2.192566,90.000001
-21.486374,352.940127,2.191632,90.000001
-22.124025,352.163521,2.190681,90.000001
-22.760056,351.385698,2.189729,90.000001
-23.394473,350.606671,2.188777,90.000001
-24.027282,349.826459,2.187803,90.000001
-24.658486,349.045081,2.186799,90.000001
-25.288083,348.262566,2.185740,90.000001
-25.916078,347.478930,2.184612,90.000001
-26.542464,346.694208,2.183403,90.000001
-27.167246,345.908418,2.182090,90.000001
-27.790421,345.121586,2.180675,90.000001
-28.411991,344.333735,2.179160,90.000001
-29.031972,343.544864,2.177552,90.000001
-29.650370,342.754983,2.175883,90.000001
-30.267204,341.964085,2.174185,90.000001
-30.882493,341.172161,2.172508,90.000001
-31.496256,340.379206,2.170881,90.000001
-32.108504,339.585226,2.169299,90.000001
-32.719249,338.790226,2.167765,90.000001
-33.328489,337.994236,2.166259,90.000001
-33.936237,337.197264,2.164759,90.000001
-34.542484,336.399346,2.163241,90.000001
-35.147238,335.600495,2.161694,90.000001
-35.750500,334.800737,2.160095,90.000001
-36.352274,334.000089,2.158436,90.000001
-36.952566,333.198564,2.156718,90.000001
-37.551389,332.396167,2.154944,90.000001
-38.148757,331.592897,2.153154,90.000001
-38.744691,330.788738,2.151389,90.000001
-39.339209,329.983680,2.149680,90.000001
-39.932332,329.177717,2.148034,90.000001
-40.524061,328.370867,2.146451,90.000001
-41.114404,327.563136,2.144922,90.000001
-41.703368,326.754547,2.143402,90.000001
-42.290951,325.945118,2.141886,90.000001
-42.877151,325.134876,2.140328,90.000001
-43.461969,324.323841,2.138720,90.000001
-44.045403,323.512035,2.137032,90.000001
-44.627461,322.699467,2.135258,90.000001
-45.208149,321.886146,2.133402,90.000001
-45.787473,321.072071,2.131477,90.000001
-46.365448,320.257231,2.129523,90.000001
-46.942098,319.441599,2.127569,90.000001
-47.517433,318.625169,2.125635,90.000001
-48.091467,317.807927,2.123721,90.000001
-48.664200,316.989892,2.121814,90.000001
-49.235641,316.171058,2.119887,90.000001
-49.805785,315.351444,2.117906,90.000001
-50.374635,314.531064,2.115839,90.000001
-50.942192,313.709922,2.113670,90.000001
-51.508460,312.888025,2.111372,90.000001
-52.073437,312.065381,2.108946,90.000001
-52.637137,311.241973,2.106395,90.000001
-53.199569,310.417793,2.103749,90.000001
-53.760750,309.592812,2.101036,90.000001
-54.320693,308.767017,2.098285,90.000001
-54.879405,307.940398,2.095494,90.000001
-55.436897,307.112949,2.092637,90.000001
-55.993166,306.284681,2.089702,90.000001
-56.548208,305.455606,2.086656,90.000001
-57.102026,304.625732,2.083467,90.000001
-57.654619,303.795065,2.080109,90.000001
-58.205977,302.963630,2.076560,90.000001
-58.756110,302.131419,2.072807,90.000001
-59.305013,301.298443,2.068830,90.000001
-59.852697,300.464689,2.064637,90.000001
-60.399174,299.630145,2.060238,90.000001
-60.944454,298.794783,2.055661,90.000001
-61.488562,297.958576,2.050940,90.000001
-62.031521,297.121478,2.046117,90.000001
-62.573357,296.283456,2.041205,90.000001
-63.114086,295.444481,2.036198,90.000001
-63.653718,294.604540,2.031087,90.000001
-64.192269,293.763620,2.025853,90.000001
-64.729744,292.921712,2.020474,90.000001
-65.266149,292.078811,2.014929,90.000001
-65.801493,291.234912,2.009200,90.000001
-66.335778,290.390015,2.003271,90.000001
-66.869006,289.544116,1.997133,90.000001
-67.401179,288.697219,1.990774,90.000001
-67.932301,287.849315,1.984198,90.000001
-68.462375,287.000407,1.977400,90.000001
-68.991404,286.150486,1.970382,90.000001
-69.519391,285.299552,1.963148,90.000001
-70.046337,284.447596,1.955705,90.000001
-70.572248,283.594615,1.948060,90.000001
-71.097130,282.740599,1.940225,90.000001
-71.620981,281.885547,1.932200,90.000001
-72.143809,281.029450,1.924000,90.000001
-72.665617,280.172300,1.915632,90.000001
-73.186404,279.314100,1.907107,90.000001
-73.706171,278.454844,1.898430,90.000001
-74.224917,277.594536,1.889611,90.000001
-74.742640,276.733177,1.880654,90.000001
-75.259335,275.870778,1.871570,90.000001
-75.774994,275.007351,1.862360,90.000001
-76.289609,274.142910,1.853027,90.000001
-76.803166,273.277478,1.843575,90.000001
-77.315655,272.411077,1.834000,90.000001
-77.827057,271.543739,1.824299,90.000001
-78.337355,270.675496,1.814469,90.000001
-78.846527,269.806387,1.804503,90.000001
-79.354555,268.936445,1.794401,90.000001
-79.861421,268.065707,1.784168,90.000001
-80.367103,267.194204,1.773827,90.000001
-80.871587,266.321960,1.763396,90.000001
-81.374857,265.449006,1.752903,90.000001
-81.876896,264.575368,1.742367,90.000001
-82.377690,263.701075,1.731808,90.000001
-82.877219,262.826155,1.721242,90.000001
-83.375469,261.950643,1.710681,90.000001
-83.872423,261.074569,1.700129,90.000001
-84.368061,260.197970,1.689591,90.000001
-84.862369,259.320879,1.679065,90.000001
-85.355327,258.443333,1.668550,90.000001
-85.846921,257.565365,1.658047,90.000001
-86.337135,256.687006,1.647559,90.000001
-86.825956,255.808285,1.637096,90.000001
-87.313371,254.929225,1.626675,90.000001
-87.799370,254.049851,1.616319,90.000001
-88.283943,253.170183,1.606051,90.000001
-88.767078,252.290240,1.595895,90.000001
-89.248765,251.410043,1.585873,90.000001
-89.728996,250.529613,1.576009,90.000001
-90.207760,249.648972,1.566320,90.000001
-90.685048,248.768140,1.556825,90.000001
-91.160849,247.887140,1.547537,90.000001
-91.635154,247.005993,1.538471,90.000001
-92.107955,246.124723,1.529637,90.000001
-92.579241,245.243352,1.521042,90.000001
-93.049005,244.361902,1.512695,90.000001
-93.517241,243.480392,1.504597,90.000001
-93.983940,242.598840,1.496750,90.000001
-94.449101,241.717264,1.489147,90.000001
-94.912721,240.835677,1.481790,90.000001
-95.374797,239.954089,1.474666,90.000001
-95.835335,239.072505,1.467769,90.000001
-96.294339,238.190924,1.461092,90.000001
-96.751816,237.309338,1.454628,90.000001
-97.207778,236.427737,1.448378,90.000001
-97.662238,235.546099,1.442350,90.000001
-98.115214,234.664395,1.436555,90.000001
-98.566723,233.782601,1.431008,90.000001
-99.016783,232.900678,1.425722,90.000001
-99.465418,232.018590,1.420721,90.000001
-99.912646,231.136300,1.416023,90.000001
-100.358485,230.253775,1.411643,90.000001
-100.802958,229.370977,1.407597,90.000001
-101.246078,228.487877,1.403890,90.000001
-101.687862,227.604447,1.400530,90.000001
-102.128329,226.720658,1.397522,90.000001
-102.567491,225.836485,1.394865,90.000001
-103.005367,224.951906,1.392561,90.000001
-103.441967,224.066888,1.390606,90.000001
-103.877306,223.181419,1.389001,90.000001
-104.311402,222.295466,1.387743,90.000001
-104.744263,221.409012,1.386825,90.000001
-105.175903,220.522032,1.386245,90.000001
-105.606341,219.634500,1.385998,90.000001
-106.035584,218.746399,1.386077,90.000001
-106.463649,217.857699,1.386481,90.000001
-106.890550,216.968376,1.387203,90.000001
-107.316298,216.078412,1.388240,90.000001
-107.740908,215.187780,1.389585,90.000001
-108.164393,214.296454,1.391238,90.000001
-108.586766,213.404416,1.393189,90.000001
-109.008038,212.511639,1.395442,90.000001
-109.428221,211.618099,1.397994,90.000001
-109.847325,210.723779,1.400839,90.000001
-110.265363,209.828656,1.403976,90.000001
-110.682345,208.932707,1.407408,90.000001
-111.098279,208.035921,1.411127,90.000001
-111.513176,207.138275,1.415138,90.000001
-111.927044,206.239752,1.419428,90.000001
-112.339889,205.340342,1.423998,90.000001
-112.751721,204.440026,1.428839,90.000001
-113.162546,203.538791,1.433946,90.000001
-113.572372,202.636630,1.439303,90.000001
-113.981204,201.733526,1.444897,90.000001
-114.389052,200.829470,1.450716,90.000001
-114.795918,199.924452,1.456737,90.000001
-115.201814,199.018459,1.462939,90.000001
-115.606746,198.111478,1.469308,90.000001
-116.010719,197.203501,1.475819,90.000001
-116.413743,196.294510,1.482462,90.000001
-116.815822,195.384496,1.489229,90.000001
-117.216964,194.473443,1.496116,90.000001
-117.617174,193.561335,1.503136,90.000001
-118.016456,192.648163,1.510300,90.000001
-118.414809,191.733924,1.517616,90.000001
-118.812232,190.818622,1.525081,90.000001
-119.208722,189.902267,1.532693,90.000001
-119.604269,188.984878,1.540448,90.000001
-119.998868,188.066474,1.548334,90.000001
-120.392504,187.147083,1.556344,90.000001
-120.785168,186.226735,1.564472,90.000001
-121.176849,185.305458,1.572705,90.000001
-121.567533,184.383284,1.581040,90.000001
-121.957206,183.460244,1.589464,90.000001
-122.345859,182.536375,1.597974,90.000001
-122.733479,181.611703,1.606557,90.000001
-123.120055,180.686263,1.615205,90.000001
-123.505576,179.760083,1.623912,90.000001
-123.890030,178.833192,1.632664,90.000001
-124.273410,177.905618,1.641454,90.000001
-124.655708,176.977385,1.650273,90.000001
-125.036914,176.048518,1.659111,90.000001
-125.417021,175.119038,1.667960,90.000001
-125.796024,174.188968,1.676809,90.000001
-126.173915,173.258327,1.685653,90.000001
-126.550692,172.327132,1.694482,90.000001
-126.926349,171.395398,1.703290,90.000001
-127.300880,170.463145,1.712071,90.000001
-127.674283,169.530383,1.720818,90.000001
-128.046555,168.597127,1.729527,90.000001
-128.417693,167.663389,1.738193,90.000001
-128.787693,166.729182,1.746810,90.000001
-129.156555,165.794515,1.755376,90.000001
-129.524275,164.859400,1.763888,90.000001
-129.890852,163.923846,1.772340,90.000001
-130.256285,162.987863,1.780731,90.000001
-130.620571,162.051459,1.789058,90.000001
-130.983709,161.114643,1.797318,90.000001
-131.345698,160.177425,1.805508,90.000001
-131.706538,159.239812,1.813627,90.000001
-132.066226,158.301812,1.821670,90.000001
-132.424762,157.363434,1.829637,90.000001
-132.782145,156.424684,1.837524,90.000001
-133.138374,155.485571,1.845329,90.000001
-133.493450,154.546101,1.853051,90.000001
-133.847369,153.606282,1.860686,90.000001
-134.200132,152.666121,1.868233,90.000001
-134.551739,151.725623,1.875687,90.000001
-134.902192,150.784794,1.883049,90.000001
-135.251488,149.843644,1.890315,90.000001
-135.599626,148.902173,1.897485,90.000001
-135.946609,147.960392,1.904554,90.000001
-136.292436,147.018300,1.911524,90.000001
-136.637108,146.075908,1.918391,90.000001
-136.980624,145.133214,1.925158,90.000001
-137.322986,144.190223,1.931818,90.000001
-137.664195,143.246939,1.938372,90.000001
-138.004253,142.303366,1.944821,90.000001
-138.343160,141.359502,1.951162,90.000001
-138.680918,140.415350,1.957399,90.000001
-139.017528,139.470912,1.963528,90.000001
-139.352993,138.526187,1.969551,90.000001
-139.687314,137.581169,1.975469,90.000001
-140.020494,136.635867,1.981283,90.000001
-140.352535,135.690277,1.986994,90.000001
-140.683440,134.744390,1.992603,90.000001
-141.013209,133.798213,1.998111,90.000001
-141.341848,132.851735,2.003515,90.000001
-141.669357,131.904960,2.008827,90.000001
-141.995741,130.957881,2.014040,90.000001
-142.321002,130.010495,2.019157,90.000001
-142.645141,129.062804,2.024183,90.000001
-142.968162,128.114800,2.029117,90.000001
-143.290066,127.166484,2.033958,90.000001
-143.610857,126.217853,2.038707,90.000001
-143.930536,125.268904,2.043366,90.000001
-144.249105,124.319641,2.047934,90.000001
-144.566565,123.370063,2.052410,90.000001
-144.882917,122.420174,2.056792,90.000001
-145.198162,121.469974,2.061079,90.000001
-145.512300,120.519473,2.065272,90.000001
-145.825329,119.568676,2.069364,90.000001
-146.137251,118.617587,2.073357,90.000001
-146.448062,117.666224,2.077246,90.000001
-146.757763,116.714590,2.081025,90.000001
-147.066350,115.762704,2.084694,90.000001
-147.373821,114.810578,2.088246,90.000001
-147.680171,113.858232,2.091676,90.000001
-147.985400,112.905677,2.094986,90.000001
-148.289504,111.952931,2.098165,90.000001
-148.592479,111.000016,2.101201,90.000001
-148.894323,110.046941,2.104094,90.000001
-149.195034,109.093734,2.106828,90.000001
-149.494612,108.140392,2.109402,90.000001
-149.793055,107.186941,2.111787,90.000001
-150.090364,106.233378,2.113984,90.000001
-150.386544,105.279707,2.115977,90.000001
-150.681599,104.325921,2.117759,90.000001
-150.975535,103.372006,2.119332,90.000001
-151.268362,102.417934,2.120702,90.000001
-151.560086,101.463678,2.121910,90.000001
-151.850721,100.509186,2.123009,90.000001
-152.140275,99.554411,2.124065,90.000001
-152.428762,98.599308,2.125117,90.000001
-152.716187,97.643849,2.126181,90.000001
-153.002559,96.688020,2.127246,90.000001
-153.287884,95.731809,2.128292,90.000001
-153.572165,94.775208,2.129295,90.000001
-153.855403,93.818229,2.130218,90.000001
-154.137603,92.860870,2.131044,90.000001
-154.418759,91.903152,2.131752,90.000001
-154.698872,90.945078,2.132314,90.000001
-154.977939,89.986676,2.132718,90.000001
-155.255957,89.027950,2.132956,90.000001
-155.532923,88.068921,2.133018,90.000001
-155.808828,87.109607,2.132910,90.000001
-156.083673,86.150020,2.132618,90.000001
-156.357453,85.190173,2.132152,90.000001
-156.630164,84.230075,2.131517,90.000001
-156.901802,83.269741,2.130704,90.000001
-157.172365,82.309169,2.129726,90.000001
-157.441851,81.348372,2.128580,90.000001
-157.710255,80.387349,2.127278,90.000001
-157.977579,79.426095,2.125812,90.000001
-158.243820,78.464616,2.124187,90.000001
-158.508978,77.502901,2.122410,90.000001
-158.773053,76.540943,2.120482,90.000001
-159.036043,75.578738,2.118396,90.000001
-159.297950,74.616275,2.116156,90.000001
-159.558777,73.653537,2.113758,90.000001
-159.818521,72.690519,2.111212,90.000001
-160.077185,71.727205,2.108509,90.000001
-160.334769,70.763578,2.105655,90.000001
-160.591277,69.799625,2.102639,90.000001
-160.846708,68.835327,2.099474,90.000001
-161.101065,67.870673,2.096149,90.000001
-161.354347,66.905648,2.092669,90.000001
-161.606556,65.940233,2.089035,90.000001
-161.857690,64.974419,2.085244,90.000001
-162.107754,64.008185,2.081298,90.000001
-162.356745,63.041520,2.077203,90.000001
-162.604664,62.074410,2.072952,90.000001
-162.851510,61.106847,2.068548,90.000001
-163.097279,60.138819,2.063996,90.000001
-163.341973,59.170316,2.059300,90.000001
-163.585591,58.201324,2.054454,90.000001
-163.828129,57.231846,2.049465,90.000001
-164.069583,56.261872,2.044336,90.000001
-164.309952,55.291397,2.039069,90.000001
-164.549235,54.320412,2.033660,90.000001
-164.787424,53.348927,2.028120,90.000001
-165.024519,52.376935,2.022447,90.000001
-165.260512,51.404439,2.016641,90.000001
-165.495399,50.431445,2.010704,90.000001
-165.729178,49.457950,2.004641,90.000001
-165.961842,48.483965,1.998449,90.000001
-166.193385,47.509493,1.992132,90.000001
-166.423801,46.534547,1.985690,90.000001
-166.653087,45.559130,1.979123,90.000001
-166.881234,44.583256,1.972428,90.000001
-167.108235,43.606936,1.965613,90.000001
-167.334085,42.630181,1.958669,90.000001
-167.558780,41.653000,1.951600,90.000001
-167.782310,40.675409,1.944402,90.000001
-168.004674,39.697413,1.937071,90.000001
-168.225859,38.719033,1.929614,90.000001
-168.445865,37.740270,1.922021,90.000001
-168.664683,36.761141,1.914296,90.000001
-168.882310,35.781653,1.906440,90.000001
-169.098740,34.801805,1.898451,90.000001
-169.313967,33.821611,1.890343,90.000001
-169.527990,32.841062,1.882125,90.000001
-169.740799,31.860165,1.873818,90.000001
-169.952394,30.878910,1.865445,90.000001
-170.162766,29.897290,1.857045,90.000001
-170.371915,28.915303,1.848643,90.000001
-170.579831,27.932949,1.840248,90.000001
-170.786513,26.950239,1.831866,90.000001
-170.991953,25.967187,1.823484,90.000001
-171.196147,24.983801,1.815107,90.000001
-171.399086,24.000102,1.806727,90.000001
-171.600765,23.016098,1.798357,90.000001
-171.801177,22.031798,1.790011,90.000001
-172.000316,21.047210,1.781698,90.000001
-172.198178,20.062344,1.773428,90.000001
-172.394755,19.077210,1.765213,90.000001
-172.590044,18.091807,1.757061,90.000001
-172.784039,17.106139,1.748988,90.000001
-172.976735,16.120207,1.741004,90.000001
