284.73342550,-238.78680820,0.00000000,77.31718280
285.40591650,-236.90349270,0.00000000,77.39044830
286.07238350,-235.01820470,0.00000000,77.46376070
286.73310800,-233.13099700,0.00000000,77.53712200
287.38844490,-231.24167510,0.00000000,77.61042880
288.03851410,-229.35066480,0.00000000,77.68364690
288.68354990,-227.45801410,0.00000000,77.75676690
289.32383930,-225.56355810,0.00000000,77.82960530
289.95947660,-223.66764710,0.00000000,77.90226160
290.59065020,-221.77031200,0.00000000,77.97471280
291.21759210,-219.87140750,0.00000000,78.04674690
291.84037480,-217.97123450,0.00000000,78.11854410
292.45915520,-216.06981160,0.00000000,78.19006950
293.07413200,-214.16700270,0.00000000,78.26111210
293.68536470,-212.26308280,0.00000000,78.33189110
294.29299510,-210.35806280,0.00000000,78.40236280
294.89720780,-208.45180780,0.00000000,78.47232910
295.49805790,-206.54458660,0.00000000,78.54202170
296.09568480,-204.63640380,0.00000000,78.61139070
296.69027250,-202.72712020,0.00000000,78.68025180
297.28187680,-200.81701260,0.00000000,78.74883630
297.87064210,-198.90607870,0.00000000,78.81708910
298.45675900,-196.99417060,0.00000000,78.88483630
299.04028440,-195.08158230,0.00000000,78.95230440
299.62137030,-193.16830280,0.00000000,79.01943400
300.20021510,-191.25417160,0.00000000,79.08605590
300.77687390,-189.33950520,0.00000000,79.15239350
301.35150430,-187.42428210,0.00000000,79.21838330
301.92430990,-185.50832490,0.00000000,79.28385650
302.49533800,-183.59197560,0.00000000,79.34903710
303.06474640,-181.67519990,0.00000000,79.41385840
303.63273880,-179.75779900,0.00000000,79.47814880
304.19934620,-177.84014260,0.00000000,79.54213710
304.76471990,-175.92218090,0.00000000,79.60575460
305.32905760,-174.00368850,0.00000000,79.66882600
305.89236460,-172.08505870,0.00000000,79.73158810
306.45478930,-170.16624300,0.00000000,79.79397300
307.01653650,-168.24706550,0.00000000,79.85580500
307.57764490,-166.32787000,0.00000000,79.91732130
308.13825850,-164.40843250,0.00000000,79.97845610
308.69836260,-162.48885030,0.00000000,80.03902270
309.25801860,-160.56911270,0.00000000,80.09927330
309.81727900,-158.64926740,0.00000000,80.15914750
310.37619200,-156.72933600,0.00000000,80.21845760
310.93480900,-154.80930370,0.00000000,80.27745560
311.49316430,-152.88918920,0.00000000,80.33608510
312.05128030,-150.96902760,0.00000000,80.39415630
312.60919050,-149.04879050,0.00000000,80.45192110
313.16691170,-147.12848900,0.00000000,80.50932760
313.72444770,-145.20816130,0.00000000,80.56618440
314.28182030,-143.28776780,0.00000000,80.62274180
314.83903440,-141.36731670,0.00000000,80.67895170
315.39608220,-139.44684980,0.00000000,80.73462180
315.95298010,-137.52631830,0.00000000,80.78999950
316.50972690,-135.60572950,0.00000000,80.84504070
317.06630880,-133.68512980,0.00000000,80.89955230
317.62274140,-131.76446310,0.00000000,80.95377880
318.17902170,-129.84373710,0.00000000,81.00767910
318.73513380,-127.92300350,0.00000000,81.06106040
319.29109530,-126.00220020,0.00000000,81.11416360
319.84690380,-124.08133550,0.00000000,81.16695060
320.40254300,-122.16046730,0.00000000,81.21922920
320.95803350,-120.23952760,0.00000000,81.27123650
321.51337440,-118.31852560,0.00000000,81.32293720
322.06854930,-116.39752530,0.00000000,81.37413990
322.62358200,-114.47645320,0.00000000,81.42507810
323.17847260,-112.55531900,0.00000000,81.47571830
323.73320440,-110.63419290,0.00000000,81.52587120
324.28780370,-108.71299580,0.00000000,81.57576590
324.84227160,-106.79173730,0.00000000,81.62537090
325.39658990,-104.87049330,0.00000000,81.67449900
325.95078600,-102.94918250,0.00000000,81.72337500
326.50486170,-101.02780750,0.00000000,81.77196890
327.05879300,-99.10644310,0.00000000,81.82009490
327.61259180,-97.18498400,0.00000000,81.86797490
328.16623360,-95.26351560,0.00000000,81.91557970
328.71975680,-93.34198990,0.00000000,81.96273010
329.27315950,-91.42045600,0.00000000,82.00964050
329.82645140,-89.49889980,0.00000000,82.05628310
330.37964640,-87.57728200,0.00000000,82.10248040
330.93273240,-85.65565370,0.00000000,82.14844340
331.48571330,-83.73400980,0.00000000,82.19414540
332.03860480,-81.81230350,0.00000000,82.23941240
332.59139330,-79.89058950,0.00000000,82.28445060
333.14408210,-77.96886290,0.00000000,82.32923480
333.69668780,-76.04707290,0.00000000,82.37359360
334.24919530,-74.12527810,0.00000000,82.41772910
334.80160770,-72.20347340,0.00000000,82.46161750
335.35394230,-70.28160400,0.00000000,82.50508970
335.90618280,-68.35973250,0.00000000,82.54834380
336.45833210,-66.43785380,0.00000000,82.59135780
337.01040850,-64.51590850,0.00000000,82.63396440
337.56239420,-62.59396390,0.00000000,82.67635800
338.11429200,-60.67201460,0.00000000,82.71851830
338.66612150,-58.74999680,0.00000000,82.76027960
339.21786330,-56.82798220,0.00000000,82.80183270
339.76952010,-54.90596530,0.00000000,82.84315950
340.32111270,-52.98387810,0.00000000,82.88409520
340.87262050,-51.06179620,0.00000000,82.92482750
341.42404590,-49.13971460,0.00000000,82.96534030
341.97541090,-47.21756060,0.00000000,83.00546940
342.52669350,-45.29541410,0.00000000,83.04539990
343.07789610,-43.37327020,0.00000000,83.08511760
343.62904170,-41.45105210,0.00000000,83.12445880
344.18010720,-39.52884300,0.00000000,83.16360590
344.73109470,-37.60663900,0.00000000,83.20254690
345.28202810,-35.68435940,0.00000000,83.24111810
345.83288380,-33.76208970,0.00000000,83.27949950
346.38366280,-31.83982720,0.00000000,83.31768170
346.93439150,-29.91748550,0.00000000,83.35550080
347.48504870,-27.99518010,0.00000000,83.39313490
348.03566590,-26.07285540,0.00000000,83.43057700
348.58624630,-24.15053370,0.00000000,83.46766100
349.13678050,-22.22817670,0.00000000,83.50456300
349.68725920,-20.30576530,0.00000000,83.54127860
350.23765610,-18.38339270,0.00000000,83.57764200
350.78799460,-16.46097480,0.00000000,83.61382790
351.33827540,-14.53850810,0.00000000,83.64983390
351.88847290,-12.61608010,0.00000000,83.68549340
352.43861130,-10.69360390,0.00000000,83.72097920
352.98868970,-8.77107850,0.00000000,83.75629100
353.53868130,-6.84859240,0.00000000,83.79126170
354.08861000,-4.92605630,0.00000000,83.82606270
354.63847380,-3.00346930,0.00000000,83.86069390
355.18824480,-1.08091990,0.00000000,83.89499170
355.73794560,0.84168120,0.00000000,83.92912250
356.28757310,2.76433550,0.00000000,83.96308730
356.83709890,4.68695560,0.00000000,83.99672690
357.38654390,6.60962960,0.00000000,84.03020180
357.93590450,8.53235980,0.00000000,84.06351420
358.48515170,10.45506010,0.00000000,84.09650950
359.03430540,12.37781720,0.00000000,84.12934240
359.58336210,14.30063390,0.00000000,84.16201640
360.13229280,16.22342500,0.00000000,84.19438080
360.68111780,18.14627570,0.00000000,84.22658550
361.22983460,20.06918920,0.00000000,84.25863470
361.77841600,21.99208030,0.00000000,84.29038160
362.32688430,23.91503260,0.00000000,84.32197160
362.87523970,25.83804910,0.00000000,84.35340960
363.42345900,27.76104360,0.00000000,84.38455240
363.97156880,29.68409800,0.00000000,84.41554130
364.51957490,31.60721420,0.00000000,84.44638160
365.06746020,33.53030330,0.00000000,84.47693350
365.61525920,35.45344690,0.00000000,84.50733460
366.16298560,37.37664260,0.00000000,84.53759040
366.71063060,39.29979680,0.00000000,84.56756400
367.25824110,41.22300190,0.00000000,84.59738910
367.80582300,43.14623640,0.00000000,84.62707130
368.35337750,45.06945830,0.00000000,84.65647590
368.90095930,46.99267740,0.00000000,84.68573460
369.44861080,48.91584330,0.00000000,84.71485290
369.99639910,50.83900680,0.00000000,84.74369550
370.54436010,52.76210590,0.00000000,84.77239190
371.09254700,54.68512220,0.00000000,84.80094710
371.64103250,56.60808730,0.00000000,84.82922390
372.18986770,58.53093670,0.00000000,84.85735110
372.73912070,60.45364880,0.00000000,84.88533360
373.28887840,62.37625060,0.00000000,84.91300380
373.83920490,64.29867380,0.00000000,84.93855390
374.39018030,66.22089300,0.00000000,84.96199360
374.94190200,68.14293210,0.00000000,84.97808570
375.49444280,70.06472000,0.00000000,84.98988970
376.04789020,71.98622890,0.00000000,84.99761740
376.60234670,73.90748080,0.00000000,84.99922350
377.15788830,75.82840340,0.00000000,84.99998940
377.71460230,77.74896850,0.00000000,84.99998700
378.27258830,79.66919800,0.00000000,84.99998170
378.83191480,81.58902200,0.00000000,84.99997910
379.39265680,83.50841510,0.00000000,84.99997900
379.95489720,85.42740310,0.00000000,84.99997910
380.51868190,87.34592280,0.00000000,84.99997910
381.08405820,89.26395580,0.00000000,84.99997910
381.65107590,91.18153790,0.00000000,84.99997900
382.21974160,93.09861690,0.00000000,84.99997900
382.79005690,95.01518670,0.00000000,84.99997900
383.36202170,96.93130000,0.00000000,84.99997890
383.93558440,98.84692020,0.00000000,84.99997890
384.51068290,100.76205870,0.00000000,84.99997880
385.08724950,102.67679480,0.00000000,84.99997880
385.66515520,104.59110990,0.00000000,84.99997870
386.24425650,106.50503900,0.00000000,84.99997860
386.82440200,108.41869790,0.00000000,84.99997860
387.40536860,110.33209500,0.00000000,84.99997850
387.98692440,112.24526330,0.00000000,84.99997850
388.56884950,114.15832660,0.00000000,84.99997850
389.15085340,116.07129270,0.00000000,84.99997850
389.73265410,117.98454010,0.00000000,84.99997850
390.31368460,119.89777460,0.00000000,84.99997860
390.89362800,121.81146290,0.00000000,84.99997870
391.47204830,123.72575940,0.00000000,84.99997880
392.04835630,125.64041860,0.00000000,84.99997900
392.62216170,127.55594780,0.00000000,84.99997910
393.19295730,129.47254280,0.00000000,84.99997930
393.76007970,131.38993540,0.00000000,84.99997940
394.32309100,133.30866360,0.00000000,84.99997940
394.88144600,135.22892890,0.00000000,84.99997940
395.43445220,137.15042860,0.00000000,84.99997930
395.98167100,139.07372170,0.00000000,84.99997900
396.52256250,140.99898980,0.00000000,84.99997860
397.05644850,142.92586890,0.00000000,84.99997790
397.58293810,144.85495360,0.00000000,84.99997720
398.10152630,146.78635570,0.00000000,84.99997650
398.61159870,148.71961910,0.00000000,84.99997670
399.11289340,150.65526580,0.00000000,84.99998070
399.60507400,152.59375910,0.00000000,84.99998830
400.08734650,154.53394900,0.00000000,84.99999610
400.55957960,156.47706650,0.00000000,84.99897970
401.02135540,158.42302400,0.00000000,84.99691670
401.47209480,160.37084710,0.00000000,84.99149920
401.91171920,162.32160570,0.00000000,84.98444320
402.33988190,164.27515140,0.00000000,84.97560280
402.75612790,166.23070320,0.00000000,84.96362400
403.16037480,168.18911150,0.00000000,84.95009840
403.55232740,170.15016600,0.00000000,84.93478300
403.93164080,172.11327500,0.00000000,84.91663810
404.29823020,174.07908670,0.00000000,84.89706870
404.65184960,176.04735050,0.00000000,84.87574240
404.99224410,178.01763360,0.00000000,84.85195800
405.31932480,179.99039030,0.00000000,84.82690170
405.63289360,181.96537650,0.00000000,84.80017610
405.93275170,183.94233140,0.00000000,84.77142700
406.21865430,185.92167510,0.00000000,84.74159480
406.49030210,187.90279460,0.00000000,84.71025790
406.74777880,189.88597940,0.00000000,84.67735680
406.99101850,191.87062700,0.00000000,84.64358230
407.22003460,193.85709780,0.00000000,84.60855450
407.43473520,195.84527040,0.00000000,84.57243700
407.63501030,197.83474000,0.00000000,84.53568230
407.82082750,199.82574680,0.00000000,84.49800940
407.99211740,201.81810720,0.00000000,84.45967920
408.14880940,203.81148050,0.00000000,84.42095090
408.29088660,205.80611150,0.00000000,84.38167740
408.41829920,207.80174530,0.00000000,84.34211120
408.53100580,209.79808190,0.00000000,84.30236810
408.62900200,211.79538890,0.00000000,84.26243910
408.71225390,213.79333960,0.00000000,84.22248900
408.78074470,215.79167250,0.00000000,84.18254180
408.83447690,217.79069070,0.00000000,84.14270040
408.87342310,219.78998550,0.00000000,84.10300190
408.89764620,221.78930450,0.00000000,84.06342500
408.90724830,223.78896130,0.00000000,84.02413250
408.90223600,225.78854160,0.00000000,83.98505030
408.88254250,227.78806870,0.00000000,83.94614490
408.84807350,229.78745110,0.00000000,83.90758330
408.79882150,231.78652330,0.00000000,83.86921300
408.73479500,233.78505720,0.00000000,83.83100880
408.65598520,235.78324090,0.00000000,83.79309070
408.56240270,237.78072100,0.00000000,83.75529830
408.45405640,239.77728250,0.00000000,83.71762020
408.33091970,241.77328460,0.00000000,83.68010550
408.19301750,243.76818330,0.00000000,83.64263990
408.04035770,245.76179390,0.00000000,83.60522160
407.87288980,247.75461710,0.00000000,83.56783720
407.69066020,249.74594080,0.00000000,83.53044550
407.49367250,251.73564460,0.00000000,83.49304620
407.28185890,253.72425660,0.00000000,83.45560250
407.05528690,255.71100610,0.00000000,83.41813220
406.81395300,257.69582120,0.00000000,83.38063330
406.55777120,259.67920170,0.00000000,83.34309400
406.28680710,261.66040290,0.00000000,83.30554870
406.00106770,263.63930040,0.00000000,83.26799800
405.70045770,265.61650980,0.00000000,83.23048080
405.38509450,267.59113020,0.00000000,83.19300780
405.05498440,269.56303980,0.00000000,83.15558590
404.70996880,271.53305410,0.00000000,83.11831950
404.35022460,273.50005790,0.00000000,83.08116830
403.97576250,275.46396550,0.00000000,83.04414590
403.58638200,277.42574650,0.00000000,83.00742170
403.18232590,279.38411960,0.00000000,82.97088700
402.76361300,281.33901130,0.00000000,82.93455720
402.32999720,283.29152980,0.00000000,82.89865790
401.88178440,285.24027240,0.00000000,82.86300850
401.41900720,287.18514670,0.00000000,82.82761740
400.94136970,289.12738440,0.00000000,82.79124190
400.44923230,291.06551720,0.00000000,82.75183600
399.94263610,292.99943750,0.00000000,82.70927620
399.42123960,294.93031890,0.00000000,82.65765890
398.88530340,296.85670070,0.00000000,82.60021890
398.33477810,298.77875080,0.00000000,82.53708860
397.76960610,300.69702010,0.00000000,82.46309830
397.19002720,302.61080850,0.00000000,82.38267490
396.59605450,304.52004110,0.00000000,82.29647190
395.98757960,306.42492310,0.00000000,82.20077080
395.36467700,308.32505510,0.00000000,82.09924030
394.72732430,310.22032560,0.00000000,81.99291240
394.07544950,312.11074400,0.00000000,81.87933910
393.40906050,313.99606750,0.00000000,81.76087820
392.72812470,315.87616600,0.00000000,81.63869650
392.03259470,317.75094340,0.00000000,81.51112950
391.32245100,319.62022590,0.00000000,81.37935070
390.59766000,321.48388210,0.00000000,81.24454020
389.85819530,323.34176840,0.00000000,81.10542320
389.10403870,325.19373110,0.00000000,80.96228730
388.33516210,327.03965370,0.00000000,80.81637700
387.55158620,328.87937640,0.00000000,80.66663840
386.75331880,330.71285880,0.00000000,80.51271780
385.94040440,332.53979560,0.00000000,80.35604490
385.11278010,334.36007520,0.00000000,80.19578050
384.27036300,336.17369010,0.00000000,80.03111830
383.41325380,337.98028630,0.00000000,79.86376010
382.54143310,339.77979080,0.00000000,79.69315840
381.65482750,341.57223610,0.00000000,79.51819320
380.75357540,343.35723220,0.00000000,79.34078490
379.83767820,345.13467590,0.00000000,79.16069280
378.90702850,346.90466970,0.00000000,78.97667900
377.96179760,348.66678560,0.00000000,78.79070570
377.00201060,350.42088480,0.00000000,78.60277640
376.02751800,352.16713980,0.00000000,78.41176260
375.03852380,353.90508530,0.00000000,78.21941940
374.03505820,355.63457820,0.00000000,78.02577770
373.01698280,357.35575900,0.00000000,77.83030480
371.98447620,359.06822670,0.00000000,77.63404320
370.93758980,360.77180540,0.00000000,77.43711160
369.87620850,362.46658550,0.00000000,77.23940700
368.80047130,364.15224660,0.00000000,77.04142720
367.71045470,365.82857700,0.00000000,76.84327690
366.60607200,367.49561500,0.00000000,76.64506200
365.48741840,369.15311950,0.00000000,76.44699090
364.35459650,370.80084640,0.00000000,76.24908140
363.20755090,372.43878360,0.00000000,76.05150770
362.04633330,374.06676160,0.00000000,75.85441310
360.87107060,375.68451150,0.00000000,75.65771120
359.68173980,377.29197450,0.00000000,75.46159500
358.47835410,378.88903960,0.00000000,75.26634850
357.26105950,380.47542280,0.00000000,75.07177030
356.02986340,382.05102640,0.00000000,74.87806100
354.78475210,383.61577690,0.00000000,74.68590370
353.52588170,385.16938880,0.00000000,74.49489120
352.25328390,386.71173720,0.00000000,74.30517360
350.96693660,388.24275930,0.00000000,74.11820970
349.66699880,389.76216880,0.00000000,73.93314190
348.35348070,391.26984930,0.00000000,73.75002360
347.02642360,392.76565480,0.00000000,73.57120970
345.68591830,394.24942800,0.00000000,73.39535420
344.33204150,395.72102280,0.00000000,73.22239200
342.96487680,397.18027270,0.00000000,73.05492250
341.58449430,398.62703250,0.00000000,72.89173610
340.19098660,400.06113990,0.00000000,72.73227090
338.78442610,401.48246030,0.00000000,72.57893430
337.36490400,402.89084880,0.00000000,72.43095400
335.93254170,404.28614140,0.00000000,72.28707640
334.48741740,405.66822640,0.00000000,72.14909090
333.02962810,407.03698390,0.00000000,72.01683070
331.55933550,408.39224610,0.00000000,71.88839570
330.07663570,409.73391800,0.00000000,71.76478090
328.58160980,411.06192640,0.00000000,71.64650950
327.07446930,412.37609270,0.00000000,71.53152970
325.55533450,413.67632810,0.00000000,71.42033500
324.02424240,414.96261800,0.00000000,71.31472320
322.48145700,416.23476010,0.00000000,71.21265520
320.92712510,417.49265540,0.00000000,71.11429960
319.36120840,418.73635030,0.00000000,71.02362920
317.78402460,419.96560450,0.00000000,70.93798400
316.19572270,421.18031340,0.00000000,70.85750320
314.59624560,422.38052370,0.00000000,70.78769030
312.98588920,423.56601190,0.00000000,70.72571880
311.36482490,424.73665290,0.00000000,70.67102850
309.73301550,425.89247160,0.00000000,70.62898340
308.09069840,427.03330000,0.00000000,70.59690230
306.43809310,428.15899590,0.00000000,70.57249150
304.77520520,429.26957330,0.00000000,70.55855680
303.10220570,430.36494450,0.00000000,70.55136670
301.41937930,431.44496540,0.00000000,70.54749370
299.72678540,432.50964810,0.00000000,70.54623060
298.02451270,433.55898770,0.00000000,70.54789340
296.31291180,434.59282110,0.00000000,70.55131360
294.59206420,435.61113380,0.00000000,70.55669670
292.86201820,436.61391080,0.00000000,70.56435300
291.12306480,437.60103730,0.00000000,70.57299510
289.37528500,438.57252640,0.00000000,70.58255870
287.61887250,439.52830990,0.00000000,70.59291970
285.85397590,440.46832580,0.00000000,70.60322990
284.08071250,441.39251900,0.00000000,70.61341950
282.29927940,442.30078670,0.00000000,70.62275560
280.50978080,443.19306690,0.00000000,70.63108040
278.71231930,444.06929120,0.00000000,70.63844070
276.90710340,444.92933480,0.00000000,70.64401090
275.09424460,445.77311750,0.00000000,70.64784810
273.27381590,446.60057270,0.00000000,70.65032910
271.44602100,447.41157340,0.00000000,70.65087750
269.61101850,448.20601540,0.00000000,70.64947090
267.76884570,448.98384760,0.00000000,70.64680480
265.91969020,449.74495650,0.00000000,70.64263980
264.06378330,450.48921720,0.00000000,70.63687190
262.20112400,451.21660270,0.00000000,70.63030530
260.33187780,451.92702260,0.00000000,70.62293320
258.45635850,452.62033930,0.00000000,70.61478710
256.57452860,453.29655230,0.00000000,70.60647810
254.68654060,453.95559450,0.00000000,70.59805020
252.79275230,454.59733630,0.00000000,70.58992530
250.89313020,455.22178980,0.00000000,70.58226680
248.98782440,455.82890760,0.00000000,70.57509850
247.07715810,456.41859550,0.00000000,70.56906980
245.16117560,456.99085340,0.00000000,70.56407670
243.23999920,457.54565930,0.00000000,70.55999430
241.31391550,458.08294920,0.00000000,70.55743310
239.38303920,458.60271340,0.00000000,70.55627040
237.44746750,459.10494790,0.00000000,70.55615220
235.50745070,459.58961080,0.00000000,70.55748090
233.56316130,460.05668400,0.00000000,70.56022060
231.61467660,460.50617170,0.00000000,70.56383950
229.66221380,460.93804520,0.00000000,70.56849960
227.70598690,461.35227810,0.00000000,70.57420370
225.74606140,461.74887470,0.00000000,70.58040810
223.78262850,462.12780980,0.00000000,70.58711710
221.81592540,462.48904940,0.00000000,70.59423880
219.84601540,462.83258980,0.00000000,70.60142190
217.87306880,463.15840520,0.00000000,70.60864010
215.89733300,463.46645700,0.00000000,70.61559690
213.91887680,463.75673350,0.00000000,70.62227320
211.93787030,464.02920540,0.00000000,70.62865770
209.95452700,464.28383740,0.00000000,70.63439700
207.96895870,464.52060820,0.00000000,70.63966450
205.98132650,464.73948970,0.00000000,70.64451850
203.99181890,464.94045230,0.00000000,70.64871760
202.00057620,465.12347300,0.00000000,70.65246850
200.00775900,465.28852870,0.00000000,70.65590330
198.01353920,465.43559800,0.00000000,70.65895730
196.01807020,465.56466400,0.00000000,70.66183220
194.02151950,465.67571220,0.00000000,70.66466050
192.02404990,465.76873230,0.00000000,70.66752550
190.02581350,465.84371820,0.00000000,70.67069510
188.02699000,465.90066740,0.00000000,70.67418280
186.02773990,465.93958260,0.00000000,70.67813270
184.02820070,465.96047100,0.00000000,70.68301200
182.02856820,465.96334410,0.00000000,70.68859010
180.02900490,465.94821880,0.00000000,70.69496670
178.02962510,465.91511580,0.00000000,70.70294880
176.03064110,465.86406190,0.00000000,70.71196560
174.03221620,465.79508850,0.00000000,70.72203600
172.03444870,465.70822830,0.00000000,70.73425280
170.03755420,465.60352360,0.00000000,70.74782240
168.04169290,465.48101930,0.00000000,70.76270220
166.04697040,465.34076070,0.00000000,70.77993390
164.05358090,465.18280330,0.00000000,70.79891030
162.06168380,465.00720480,0.00000000,70.81939290
160.07139670,464.81402330,0.00000000,70.84230770
158.08289380,464.60332590,0.00000000,70.86737520
156.09633170,464.37517500,0.00000000,70.89412120
154.11183130,464.12963490,0.00000000,70.92332050
152.12955970,463.86679190,0.00000000,70.95513040
150.14962670,463.58672990,0.00000000,70.98879940
148.17219320,463.28954100,0.00000000,71.02491550
146.19741350,462.97531800,0.00000000,71.06415970
144.22538880,462.64414980,0.00000000,71.10544380
142.25625730,462.29613480,0.00000000,71.14911740
140.29018990,461.93138210,0.00000000,71.19642110
138.32726380,461.54998730,0.00000000,71.24587230
136.36759770,461.15205590,0.00000000,71.29753310
134.41139110,460.73771310,0.00000000,71.35312540
132.45868740,460.30705380,0.00000000,71.41077830
130.50959140,459.86018510,0.00000000,71.47047450
128.56431600,459.39724000,0.00000000,71.53355300
126.62289620,458.91830920,0.00000000,71.59851080
124.68541440,458.42349030,0.00000000,71.66510660
122.75208940,457.91291360,0.00000000,71.73404070
120.82297240,457.38666240,0.00000000,71.80433880
118.89811170,456.84481200,0.00000000,71.87561820
116.97772930,456.28748150,0.00000000,71.94804900
115.06191820,455.71474870,0.00000000,72.02105480
113.15067920,455.12665600,0.00000000,72.09433350
111.24422880,454.52330600,0.00000000,72.16777280
109.34273550,453.90478360,0.00000000,72.24100540
107.44613280,453.27109140,0.00000000,72.31397910
105.55461820,452.62231340,0.00000000,72.38652660
103.66847460,451.95856270,0.00000000,72.45828320
101.78754430,451.27979490,0.00000000,72.52951190
99.91198670,450.58607330,0.00000000,72.60011560
98.04224330,449.87757050,0.00000000,72.66977270
96.17803510,449.15418720,0.00000000,72.73885150
94.31946300,448.41596060,0.00000000,72.80732040
92.46717800,447.66315210,0.00000000,72.87465570
90.62074590,446.89558600,0.00000000,72.94137720
88.78024260,446.11328320,0.00000000,73.00748690
86.94645380,445.31656480,0.00000000,73.07249510
85.11891520,444.50519630,0.00000000,73.13689860
83.29757100,443.67915000,0.00000000,73.20073570
81.48331670,442.83887000,0.00000000,73.26361450
79.67564840,441.98413980,0.00000000,73.32588530
77.87450720,441.11492850,0.00000000,73.38763180
76.08073460,440.23164530,0.00000000,73.44850270
74.29396640,439.33411710,0.00000000,73.50873520
72.51405040,438.42226280,0.00000000,73.56845390
70.74177630,437.49648800,0.00000000,73.62734060
68.97691090,436.55667730,0.00000000,73.68556800
67.21922670,435.60270570,0.00000000,73.74329710
65.46945980,434.63497360,0.00000000,73.80024910
63.72748710,433.65342030,0.00000000,73.85654570
61.99302360,432.65788300,0.00000000,73.91236950
60.26675830,431.64875870,0.00000000,73.96747170
58.54865040,430.62603160,0.00000000,74.02192910
56.83837760,429.58950940,0.00000000,74.07593550
55.13659080,428.53958820,0.00000000,74.12925950
53.44330170,427.47628410,0.00000000,74.18194900
51.75817100,426.39938450,0.00000000,74.23420490
50.08182140,425.30928910,0.00000000,74.28580640
48.41428750,424.20603000,0.00000000,74.33679070
46.75523260,423.08938560,0.00000000,74.38735980
45.10525920,421.95976400,0.00000000,74.43730090
43.46439900,420.81719730,0.00000000,74.48664720
41.83233400,419.66146570,0.00000000,74.53559320
40.20965520,418.49299070,0.00000000,74.58392230
38.59636890,417.31178770,0.00000000,74.63168750
36.99218940,416.11764970,0.00000000,74.67907250
35.39770180,414.91101680,0.00000000,74.72586170
33.81287080,413.69187400,0.00000000,74.77214420
32.23744900,412.46003660,0.00000000,74.81810400
30.67201940,411.21597140,0.00000000,74.86360230
29.11649550,409.95962960,0.00000000,74.90879100
27.57065550,408.69084760,0.00000000,74.95378220
26.03511850,407.41009630,0.00000000,74.99850410
24.50975930,406.11710670,0.00000000,75.04309810
22.99459550,404.81191330,0.00000000,75.08761890
21.48995440,403.49495670,0.00000000,75.13209550
19.99564660,402.16622020,0.00000000,75.17663000
18.51167550,400.82578490,0.00000000,75.22122620
17.03829240,399.47392080,0.00000000,75.26603970
15.57539990,398.11060990,0.00000000,75.31109440
14.12309240,396.73602090,0.00000000,75.35635730
12.68142450,395.35029870,0.00000000,75.40214360
11.25039000,393.95354760,0.00000000,75.44833870
9.83012010,392.54602340,0.00000000,75.49489270
8.42040890,391.12766280,0.00000000,75.54229540
7.02142780,389.69879680,0.00000000,75.59024590
5.63330410,388.25973880,0.00000000,75.63870150
4.25552890,386.81015490,0.00000000,75.68833120
2.88851120,385.35069000,0.00000000,75.73861920
1.53231050,383.88165150,0.00000000,75.78957610
0.18615950,382.40248250,0.00000000,75.84197400
-1.14929580,380.91431400,0.00000000,75.89515020
-2.47444600,379.41714350,0.00000000,75.94917360
-3.78969420,377.91086380,0.00000000,76.00483580
-5.09480680,376.39591260,0.00000000,76.06138270
-6.38992820,374.87239860,0.00000000,76.11892590
-7.67526720,373.34051980,0.00000000,76.17827160
-8.95090470,371.80064300,0.00000000,76.23858890
-10.21707720,370.25298360,0.00000000,76.30003590
-11.47404780,368.69776540,0.00000000,76.36335700
-12.72199700,367.13535260,0.00000000,76.42767640
-13.96121180,365.56601400,0.00000000,76.49318650
-15.19201160,363.99001410,0.00000000,76.56049170
-16.41466290,362.40772110,0.00000000,76.62872810
-17.62950880,360.81943500,0.00000000,76.69809420
-18.83691710,359.22544870,0.00000000,76.76897320
-20.03721570,357.62612760,0.00000000,76.84060250
-21.23078010,356.02178340,0.00000000,76.91314500
-22.41799610,354.41271400,0.00000000,76.98673260
-23.59922600,352.79922260,0.00000000,77.06079780
-24.77477410,351.18162980,0.00000000,77.13542940
-25.94506740,349.56002530,0.00000000,77.21056520
-27.11026600,347.93497370,0.00000000,77.28588990
-28.27078780,346.30665090,0.00000000,77.36140890
-29.42707970,344.67506800,0.00000000,77.43695100
-30.57916960,343.04074400,0.00000000,77.51243120
-31.72738820,341.40370350,0.00000000,77.58778090
-32.87204140,339.76393430,0.00000000,77.66281660
-34.01307070,338.12187650,0.00000000,77.73761880
-35.15072530,336.47746910,0.00000000,77.81207220
-36.28520960,334.83065160,0.00000000,77.88601050
-37.41639090,333.18179740,0.00000000,77.95961300
-38.54444590,331.53078550,0.00000000,78.03273990
-39.66950420,329.87751900,0.00000000,78.10524740
-40.79138390,328.22232310,0.00000000,78.17736700
-41.91021250,326.56504280,0.00000000,78.24895040
-43.02607350,324.90556240,0.00000000,78.31987130
-44.13876500,323.24417490,0.00000000,78.39038540
-45.24838620,321.58071440,0.00000000,78.46034680
-46.35499640,319.91506400,0.00000000,78.52963910
-47.45839890,318.24748830,0.00000000,78.59852550
-48.55867600,316.57783040,0.00000000,78.66686980
-49.65587350,314.90598560,0.00000000,78.73455630
-50.74981910,313.23218290,0.00000000,78.80184780
-51.84058100,311.55628720,0.00000000,78.86861970
-52.92818950,309.87822050,0.00000000,78.93474960
-54.01251270,308.19815730,0.00000000,79.00049690
-55.09360170,306.51599080,0.00000000,79.06574910
-56.17145830,304.83169040,0.00000000,79.13037040
-57.24600680,303.14534620,0.00000000,79.19461850
-58.31727740,301.45688190,0.00000000,79.25839210
-59.38522280,299.76634270,0.00000000,79.32153760
-60.44983630,298.07370080,0.00000000,79.38431530
-61.51113210,296.37890210,0.00000000,79.44663280
-62.56899490,294.68210500,0.00000000,79.50831750
-63.62347940,292.98313760,0.00000000,79.56963920
-64.67466600,291.28198760,0.00000000,79.63051460
-65.72238120,289.57929760,0.00000000,79.69075200
-66.76708600,287.87426550,0.00000000,79.75061790
-67.80860200,286.16689970,0.00000000,79.81002690
-68.84622440,284.45801810,0.00000000,79.86877850
-69.88057030,282.74647710,0.00000000,79.92716010
-70.91135530,281.03268070,0.00000000,79.98508340
-71.93819560,279.31719010,0.00000000,80.04234870
-72.96159070,277.59908690,0.00000000,80.09924250
-73.98126020,275.87874830,0.00000000,80.15566310
-74.99695850,274.15649450,0.00000000,80.21142730
-76.00899440,272.43169900,0.00000000,80.26681680
-77.01712110,270.70467100,0.00000000,80.32171190
-78.02122890,268.97548430,0.00000000,80.37595460
-79.02142000,267.24383950,0.00000000,80.42981660
-80.01751290,265.50992220,0.00000000,80.48315590
-81.00949800,263.77361490,0.00000000,80.53584460
-81.99727800,262.03493480,0.00000000,80.58814170
-82.98078790,260.29389430,0.00000000,80.63987920
-83.96015130,258.55026350,0.00000000,80.69095920
-84.93513700,256.80439120,0.00000000,80.74163130
-85.90570630,255.05611120,0.00000000,80.79170220
-86.87191660,253.30484120,0.00000000,80.84111200
-87.83305140,251.55156900,0.00000000,80.89009620
-88.78942100,249.79549390,0.00000000,80.93844230
-89.74114230,248.03612250,0.00000000,80.98610540
-90.68727440,246.27493080,0.00000000,81.03331470
-91.62835340,244.51066080,0.00000000,81.07985070
-92.56449730,242.74280890,0.00000000,81.12565960
-93.49459010,240.97321680,0.00000000,81.17097980
-94.41924130,239.20046520,0.00000000,81.21560770
-95.33871540,237.42376530,0.00000000,81.25944580
-96.25175300,235.64529020,0.00000000,81.30276280
-97.15884100,233.86384670,0.00000000,81.34540600
-98.06056840,232.07800630,0.00000000,81.38719150
-98.95557990,230.29020350,0.00000000,81.42844360
-99.84402350,228.49983020,0.00000000,81.46909550
-100.72667390,226.70473870,0.00000000,81.50885970
-101.60172490,224.90754880,0.00000000,81.54811470
-102.46993220,223.10650380,0.00000000,81.58686130
-103.33136050,221.30209710,0.00000000,81.62476290
-104.18598230,219.49438570,0.00000000,81.66220840
-105.03378370,217.68322480,0.00000000,81.69924200
-105.87447320,215.86906260,0.00000000,81.73569860
-106.70808950,214.05165500,0.00000000,81.77177120
-107.53473910,212.23069720,0.00000000,81.80756940
-108.35410250,210.40665300,0.00000000,81.84304140
-109.16572160,208.57994380,0.00000000,81.87827360
-109.97019580,206.74917340,0.00000000,81.91337010
-110.76747300,204.91483200,0.00000000,81.94832370
-111.55704720,203.07862920,0.00000000,81.98318840
-112.34000400,201.23828050,0.00000000,82.01803670
-113.11607810,199.39456420,0.00000000,82.05288200
-113.88454770,197.54945770,0.00000000,82.08779470
-114.64656570,195.70039760,0.00000000,82.12276960
-115.40205290,193.84812980,0.00000000,82.15781680
-116.15068850,191.99436310,0.00000000,82.19303140
-116.89327580,190.13744490,0.00000000,82.22835230
-117.62955270,188.27800590,0.00000000,82.26378620
-118.35927680,186.41656910,0.00000000,82.29942500
-119.08283990,184.55241710,0.00000000,82.33516380
-119.80035080,182.68563420,0.00000000,82.37100350
-120.51162880,180.81705700,0.00000000,82.40701810
-121.21708620,178.94597410,0.00000000,82.44310890
-121.91682140,177.07248650,0.00000000,82.47927530
-122.61069570,175.19733750,0.00000000,82.51556100
-123.29907610,173.31990320,0.00000000,82.55189170
-123.98205410,171.44028990,0.00000000,82.58826630
-124.65954020,169.55910380,0.00000000,82.62469730
-125.33184000,167.67584970,0.00000000,82.66114230
-125.99904030,165.79062910,0.00000000,82.69760050
-126.66109880,163.90390690,0.00000000,82.73405870
-127.31825810,162.01531830,0.00000000,82.77050380
-127.97062300,160.12495870,0.00000000,82.80693580
-128.61824620,158.23315670,0.00000000,82.84332070
-129.26136300,156.33970590,0.00000000,82.87967180
-129.89999980,154.44477290,0.00000000,82.91599010
-130.53417970,152.54836200,0.00000000,82.95222850
-131.16398680,150.65049240,0.00000000,82.98841660
-131.78951160,148.75120530,0.00000000,83.02455590
-132.41084210,146.85053920,0.00000000,83.06058700
-133.02806490,144.94853660,0.00000000,83.09655510
-133.64126420,143.04524360,0.00000000,83.13246210
-134.25053420,141.14067030,0.00000000,83.16823890
-134.85595140,139.23487660,0.00000000,83.20394190
-135.45759630,137.32790690,0.00000000,83.23957350
-136.05556580,135.41974920,0.00000000,83.27505600
-136.64992770,133.51047910,0.00000000,83.31045560
-137.24075950,131.60013740,0.00000000,83.34577490
-137.82815930,129.68869450,0.00000000,83.38092870
-138.41218720,127.77623830,0.00000000,83.41599140
-138.99291800,125.86280640,0.00000000,83.45096590
-139.57044950,123.94835490,0.00000000,83.48576080
-140.14483560,122.03298130,0.00000000,83.52045770
-140.71614810,120.11671950,0.00000000,83.55505970
-141.28448390,118.19951570,0.00000000,83.58947040
-141.84989190,116.28147320,0.00000000,83.62377730
-142.41244190,114.36262240,0.00000000,83.65798390
-142.97222870,112.44290440,0.00000000,83.69199050
-143.52929850,110.52242420,0.00000000,83.72588860
-144.08371950,108.60120890,0.00000000,83.75968250
-144.63558410,106.67919980,0.00000000,83.79327020
-145.18493790,104.75649900,0.00000000,83.82674610
-145.73184900,102.83313040,0.00000000,83.86011490
-146.27640660,100.90904130,0.00000000,83.89327340
-146.81865830,98.98432640,0.00000000,83.92631730
-147.35867240,97.05900610,0.00000000,83.95925210
-147.89653430,95.13303950,0.00000000,83.99197360
-148.43229620,93.20650940,0.00000000,84.02457760
-148.96602610,91.27943140,0.00000000,84.05707050
-149.49781060,89.35178460,0.00000000,84.08934640
-150.02774810,87.42364550,0.00000000,84.12150110
-150.55592510,85.49503070,0.00000000,84.15354170
-151.08239430,83.56593610,0.00000000,84.18535920
-151.60718070,81.63639180,0.00000000,84.21704950
-152.13033540,79.70639530,0.00000000,84.24862090
-152.65191570,77.77598400,0.00000000,84.27995900
-153.17198140,75.84516080,0.00000000,84.31116180
-153.69058760,73.91392710,0.00000000,84.34223870
-154.20776950,71.98233970,0.00000000,84.37306860
-154.72357680,70.05037380,0.00000000,84.40375270
-155.23804420,68.11802700,0.00000000,84.43430220
-155.75117930,66.18536490,0.00000000,84.46458630
-156.26300770,64.25234080,0.00000000,84.49471110
-156.77353260,62.31894440,0.00000000,84.52468930
-157.28272340,60.38524220,0.00000000,84.55437650
-157.79056790,58.45116780,0.00000000,84.58388430
-158.29702550,56.51669890,0.00000000,84.61322770
-158.80201580,54.58189790,0.00000000,84.64223850
-159.30547650,52.64667830,0.00000000,84.67103690
-159.80731220,50.71100240,0.00000000,84.69964060
-160.30738230,48.77492670,0.00000000,84.72783970
-160.80556570,46.83834300,0.00000000,84.75577000
-161.30170530,44.90119560,0.00000000,84.78345380
-161.79559430,42.96353800,0.00000000,84.81061200
-162.28705020,41.02523780,0.00000000,84.83741140
-162.77585370,39.08622100,0.00000000,84.86388200
-163.26173300,37.14654510,0.00000000,84.88964340
-163.74444950,35.20605220,0.00000000,84.91490770
-164.22373010,33.26465220,0.00000000,84.93954990
-164.69924650,31.32241760,0.00000000,84.96040880
-165.17071860,29.37916530,0.00000000,84.97726750
-165.63783380,27.43479220,0.00000000,84.99050710
-166.10022100,25.48939920,0.00000000,84.99649900
-166.55757540,23.54277930,0.00000000,84.99947280
-167.00955460,21.59482210,0.00000000,84.99999220
-167.45577730,19.64568520,0.00000000,84.99998590
-167.89609750,17.69499470,0.00000000,84.99998170
-168.33024840,15.74304320,0.00000000,84.99997950
-168.75803540,13.78938060,0.00000000,84.99997940
-169.17878250,11.83430220,0.00000000,84.99997930
-169.59190530,9.87827560,0.00000000,84.99997930
-169.99743070,7.91965070,0.00000000,84.99997920
-170.39476970,5.95968050,0.00000000,84.99997910
-170.78352280,3.99886610,0.00000000,84.99997900
-171.16383830,2.03503110,0.00000000,84.99997890
-171.53511030,0.06992370,0.00000000,84.99997880
-171.89700080,-1.89588230,0.00000000,84.99997870
-172.24974590,-3.86487520,0.00000000,84.99997870
-172.59280380,-5.83516620,0.00000000,84.99997870
-172.92588630,-7.80603210,0.00000000,84.99997880
-173.24924580,-9.77988350,0.00000000,84.99997890
-173.56249370,-11.75520620,0.00000000,84.99997940
-173.86537750,-13.73105760,0.00000000,84.99998240
-174.15808560,-15.70932830,0.00000000,84.99999490
-174.44037690,-17.68927270,0.00000000,84.99999450
-174.71184850,-19.66971760,0.00000000,84.99983780
-174.97256450,-21.65208820,0.00000000,84.99929830
-175.22263570,-23.63620660,0.00000000,84.99846580
-175.46203250,-25.62136120,0.00000000,84.99751070
-175.69077160,-27.60762150,0.00000000,84.99645330
-175.90890460,-29.59549770,0.00000000,84.99541350
-176.11634620,-31.58430520,0.00000000,84.99447490
-176.31314480,-33.57405620,0.00000000,84.99365760
-176.49929410,-35.56496840,0.00000000,84.99320690
-176.67429290,-37.55604300,0.00000000,84.99309770
-176.83814440,-39.54918310,0.00000000,84.99333030
-176.99092050,-41.54247780,0.00000000,84.99418880
-177.13315000,-43.53637320,0.00000000,84.99568790
-177.26518850,-45.53253190,0.00000000,84.99743520
-177.38697700,-47.52856040,0.00000000,84.99912830
-177.49866660,-49.52429080,0.00000000,84.99975540
-177.60052070,-51.52202600,0.00000000,84.99998220
-177.69268550,-53.51994520,0.00000000,84.99998070
-177.77555630,-55.51746650,0.00000000,84.99997910
-177.84948490,-57.51623630,0.00000000,84.99997810
-177.91457130,-59.51507110,0.00000000,84.99997810
-177.97087880,-61.51353610,0.00000000,84.99997820
-178.01866830,-63.51278220,0.00000000,84.99997830
-178.05822370,-65.51228960,0.00000000,84.99997840
-178.08985010,-67.51135890,0.00000000,84.99997850
-178.11390200,-69.51101060,0.00000000,84.99997850
-178.13072710,-71.51079540,0.00000000,84.99997860
-178.14069690,-73.51017310,0.00000000,84.99997870
-178.14420690,-75.50993960,0.00000000,84.99997870
-178.14165870,-77.50973150,0.00000000,84.99997880
-178.13347040,-79.50921180,0.00000000,84.99997890
-178.12006510,-81.50890730,0.00000000,84.99997900
-178.10187600,-83.50855120,0.00000000,84.99997910
-178.07934170,-85.50801340,0.00000000,84.99997910
-178.05288390,-87.50753980,0.00000000,84.99997920
-178.02297720,-89.50698500,0.00000000,84.99997920
-177.99017670,-91.50645140,0.00000000,84.99997930
-177.95509520,-93.50585150,0.00000000,84.99997930
-177.91813170,-95.50507260,0.00000000,84.99997940
-177.87937960,-97.50444990,0.00000000,84.99997940
-177.83911980,-99.50360490,0.00000000,84.99997940
-177.79767990,-101.50276140,0.00000000,84.99997940
-177.75536360,-103.50200640,0.00000000,84.99997940
-177.71245430,-105.50113940,0.00000000,84.99997930
-177.66920070,-107.50028630,0.00000000,84.99997930
-177.62581990,-109.49946090,0.00000000,84.99997920
-177.58249440,-111.49860480,0.00000000,84.99997920
-177.53936950,-113.49778300,0.00000000,84.99997910
-177.49655610,-115.49692350,0.00000000,84.99997910
-177.45412100,-117.49610310,0.00000000,84.99997900
-177.41209460,-119.49533360,0.00000000,84.99997890
-177.37047000,-121.49445010,0.00000000,84.99997890
-177.32919230,-123.49366980,0.00000000,84.99997880
-177.28815630,-125.49295090,0.00000000,84.99997880
-177.24719230,-127.49204200,0.00000000,84.99997870
-177.20605770,-129.49131100,0.00000000,84.99997870
-177.16454270,-131.49059540,0.00000000,84.99997870
-177.12248470,-133.48968140,0.00000000,84.99997870
-177.07960720,-135.48891370,0.00000000,84.99997880
-177.03558590,-137.48813470,0.00000000,84.99997880
-176.99006620,-139.48715770,0.00000000,84.99997890
-176.94264770,-141.48629110,0.00000000,84.99997910
-176.89291470,-143.48536520,0.00000000,84.99997920
-176.84042780,-145.48423750,0.00000000,84.99997940
-176.78471760,-147.48315520,0.00000000,84.99997960
-176.72531210,-149.48195030,0.00000000,84.99997980
-176.66172880,-151.48052350,0.00000000,84.99997990
-176.59347280,-153.47904540,0.00000000,84.99998010
-176.52006210,-155.47736110,0.00000000,84.99998020
-176.44101870,-157.47540420,0.00000000,84.99998020
-176.35587180,-159.47326730,0.00000000,84.99998020
-176.26417580,-161.47081640,0.00000000,84.99998010
-176.16550300,-163.46800320,0.00000000,84.99997990
-176.05944820,-165.46485380,0.00000000,84.99997960
-175.94563870,-167.46125780,0.00000000,84.99997930
-175.82372900,-169.45717200,0.00000000,84.99997890
-175.69340440,-171.45257480,0.00000000,84.99997840
-175.55438430,-173.44737810,0.00000000,84.99997780
-175.40641830,-175.44153560,0.00000000,84.99997720
-175.24928870,-177.43499830,0.00000000,84.99997660
-175.08280810,-179.42769640,0.00000000,84.99997590
-174.90681740,-181.41957820,0.00000000,84.99997540
-174.72118600,-183.41058400,0.00000000,84.99997490
-174.52580570,-185.40065620,0.00000000,84.99997450
-174.32059100,-187.38973990,0.00000000,84.99997440
-174.10547480,-189.37777350,0.00000000,84.99997440
-173.88040270,-191.36470630,0.00000000,84.99997480
-173.64533110,-193.35048430,0.00000000,84.99997540
-173.40022300,-195.33504100,0.00000000,84.99997620
-173.14503970,-197.31832960,0.00000000,84.99997740
-172.87973860,-199.30029720,0.00000000,84.99997880
-172.60424690,-201.28088450,0.00000000,84.99998090
-172.31847780,-203.26002620,0.00000000,84.99998560
-172.02235030,-205.23768140,0.00000000,84.99999290
-171.71581290,-207.21361680,0.00000000,84.99983770
-171.39873510,-209.18799190,0.00000000,84.99882830
-171.07099310,-211.16061300,0.00000000,84.99665930
-170.73243480,-213.13131630,0.00000000,84.99355270
-170.38284280,-215.10019590,0.00000000,84.98855770
-170.02203120,-217.06702950,0.00000000,84.98188080
-169.64978940,-219.03165340,0.00000000,84.97385250
-169.26585220,-220.99412000,0.00000000,84.96319540
-168.87000110,-222.95418980,0.00000000,84.95043890
-168.46199840,-224.91171350,0.00000000,84.93599430
-168.04157830,-226.86667680,0.00000000,84.91837230
-167.60852580,-228.81884840,0.00000000,84.89844550
-167.16261390,-230.76811070,0.00000000,84.87665660
-166.70362410,-232.71435550,0.00000000,84.85147580
-166.23135970,-234.65742610,0.00000000,84.82404880
-165.74569500,-236.59714830,0.00000000,84.79479350
-165.24660050,-238.53330810,0.00000000,84.76232050
-164.73413170,-240.46577890,0.00000000,84.72791810
-164.20784790,-242.39538770,0.00000000,84.69193700
-163.66787960,-244.32033780,0.00000000,84.65329380
-163.11375540,-246.24167990,0.00000000,84.61323380
-162.54537710,-248.15930080,0.00000000,84.57199500
-161.96303480,-250.07192650,0.00000000,84.52887720
-161.36636470,-251.98051370,0.00000000,84.48495490
-160.75535860,-253.88486350,0.00000000,84.44033150
-160.13026810,-255.78405020,0.00000000,84.39478110
-159.49083380,-257.67876800,0.00000000,84.34901040
-158.83713090,-259.56871560,0.00000000,84.30302650
-158.16930480,-261.45345000,0.00000000,84.25709800
-157.48726260,-263.33324920,0.00000000,84.21140260
-156.79112340,-265.20781890,0.00000000,84.16596990
-156.08091600,-267.07714500,0.00000000,84.12135890
-155.35674040,-268.94107290,0.00000000,84.07728590
-154.61867390,-270.79945150,0.00000000,84.03386850
-153.86660310,-272.65247730,0.00000000,83.99166810
-153.10061040,-274.49965980,0.00000000,83.95013810
-152.32081450,-276.34080510,0.00000000,83.90946420
-151.52719490,-278.17654030,0.00000000,83.86998850
-150.72023630,-280.00599490,0.00000000,83.83113270
-149.89986940,-281.82944060,0.00000000,83.79307870
-149.06597160,-283.64720560,0.00000000,83.75590470
-148.21895310,-285.45844420,0.00000000,83.71782410
-147.35869840,-287.26344840,0.00000000,83.67758170
-146.48509890,-289.06245370,0.00000000,83.63028580
-145.59854510,-290.85465070,0.00000000,83.57778320
-144.69886720,-292.64036030,0.00000000,83.51718210
-143.78595700,-294.41972660,0.00000000,83.44595880
-142.86017310,-296.19196200,0.00000000,83.36814100
-141.92128900,-297.95739080,0.00000000,83.28092230
-140.96918480,-299.71608680,0.00000000,83.18353020
-140.00419280,-301.46727590,0.00000000,83.08008270
-139.02605030,-303.21126520,0.00000000,82.96837000
-138.03462560,-304.94809310,0.00000000,82.84835840
-137.03024600,-306.67699600,0.00000000,82.72346010
-136.01264290,-308.39825130,0.00000000,82.59206190
-134.98167430,-310.11190070,0.00000000,82.45410640
-133.93768560,-311.81718930,0.00000000,82.31224990
-132.88042860,-313.51435620,0.00000000,82.16525570
-131.80974630,-315.20348020,0.00000000,82.01268650
-130.72601750,-316.88381210,0.00000000,81.85673010
-129.62903200,-318.55554340,0.00000000,81.69634530
-128.51860590,-320.21881460,0.00000000,81.53064680
-127.39515710,-321.87287880,0.00000000,81.36170000
-126.25852410,-323.51787040,0.00000000,81.18862070
-125.10848130,-325.15400410,0.00000000,81.01013490
-123.94548420,-326.78053470,0.00000000,80.82842970
-122.76942530,-328.39753110,0.00000000,80.64284060
-121.58002780,-330.00528200,0.00000000,80.45181410
-120.37777410,-331.60304980,0.00000000,80.25772960
-119.16261510,-333.19083270,0.00000000,80.06021150
-117.93421590,-334.76897830,0.00000000,79.85757500
-116.69306650,-336.33670460,0.00000000,79.65229050
-115.43906980,-337.89401540,0.00000000,79.44426970
-114.17199510,-339.44113050,0.00000000,79.23192460
-112.89224150,-340.97756140,0.00000000,79.01758930
-111.59981380,-342.50327330,0.00000000,78.80129400
-110.29462590,-344.01828090,0.00000000,78.58199010
-108.97687810,-345.52227110,0.00000000,78.36137370
-107.64657690,-347.01515720,0.00000000,78.13955420
-106.30374480,-348.49682930,0.00000000,77.91614550
-104.94847360,-349.96710050,0.00000000,77.69207670
-103.58078280,-351.42586370,0.00000000,77.46749700
-102.20076340,-352.87293450,0.00000000,77.24242540
-100.80845930,-354.30817970,0.00000000,77.01728170
-99.40388510,-355.73149460,0.00000000,76.79214210
-97.98716960,-357.14266000,0.00000000,76.56720720
-96.55835170,-358.54154920,0.00000000,76.34263560
-95.11743330,-359.92807070,0.00000000,76.11838140
-93.66455820,-361.30199700,0.00000000,75.89468970
-92.19978610,-362.66318460,0.00000000,75.67165020
-90.72310630,-364.01155510,0.00000000,75.44910370
-89.23466260,-365.34688890,0.00000000,75.22729280
-87.73454470,-366.66902030,0.00000000,75.00638630
-86.22273740,-367.97787610,0.00000000,74.78613090
-84.69937670,-369.27325180,0.00000000,74.56677710
-83.16457550,-370.55496740,0.00000000,74.34871610
-81.61832910,-371.82294210,0.00000000,74.13157240
-80.06076510,-373.07698620,0.00000000,73.91561790
-78.49199920,-374.31692340,0.00000000,73.70164120
-76.91205890,-375.54264900,0.00000000,73.48902760
-75.32106820,-376.75398340,0.00000000,73.27804230
-73.71911450,-377.95077820,0.00000000,73.07007150
-72.10628400,-379.13288770,0.00000000,72.86406230
-70.48270950,-380.30013510,0.00000000,72.66018860
-68.84840490,-381.45243110,0.00000000,72.46059810
-67.20356680,-382.58955740,0.00000000,72.26359060
-65.54832350,-383.71138960,0.00000000,72.06919080
-63.88257700,-384.81802500,0.00000000,71.88020860
-62.20665970,-385.90934550,0.00000000,71.69429630
-60.52129770,-386.98477060,0.00000000,71.51141220
-58.82521720,-388.04482480,0.00000000,71.33410500
-57.11952030,-389.08871340,0.00000000,71.16027990
-55.40459760,-390.11616020,0.00000000,70.98960470
-53.67930950,-391.12779350,0.00000000,70.82413950
-51.94463700,-392.12299110,0.00000000,70.66235530
-50.20122740,-393.10136770,0.00000000,70.50360040
-48.44807230,-394.06346920,0.00000000,70.34939030
-46.68570920,-395.00897450,0.00000000,70.19916580
-44.91508100,-395.93737950,0.00000000,70.05200600
-43.13550390,-396.84904750,0.00000000,69.90909120
-41.34685430,-397.74402980,0.00000000,69.77134890
-39.55040940,-398.62169430,0.00000000,69.63750980
-37.74584910,-399.48220920,0.00000000,69.50845240
-35.93238470,-400.32593240,0.00000000,69.38767770
-34.11165150,-401.15209030,0.00000000,69.27287810
-32.28325140,-401.96063560,0.00000000,69.16431800
-30.44688620,-402.75136750,0.00000000,69.06875550
-28.60309850,-403.52420860,0.00000000,68.98234530
-26.75120130,-404.27965760,0.00000000,68.90484230
-24.89280020,-405.01716630,0.00000000,68.84203650
-23.02751270,-405.73688910,0.00000000,68.79174210
-21.15483440,-406.43900570,0.00000000,68.75126780
-19.27579940,-407.12313700,0.00000000,68.72411440
-17.39081130,-407.78917680,0.00000000,68.70922320
-15.49893120,-408.43750490,0.00000000,68.70080700
-13.60090540,-409.06792230,0.00000000,68.69885790
-11.69784390,-409.68015510,0.00000000,68.70303090
-9.78847940,-410.27470620,0.00000000,68.71075810
-7.87329940,-410.85150230,0.00000000,68.72229440
-5.95383420,-411.41018550,0.00000000,68.73907320
-4.02871010,-411.95125500,0.00000000,68.75808820
-2.09825310,-412.47467660,0.00000000,68.77924060
-0.16398140,-412.98012260,0.00000000,68.80269950
1.77540590,-413.46810330,0.00000000,68.82641530
3.71914750,-413.93854140,0.00000000,68.85027960
5.66686180,-414.39135450,0.00000000,68.87295450
7.61861900,-414.82641080,0.00000000,68.89402220
9.57421860,-415.24356920,0.00000000,68.91352490
11.53361870,-415.64279000,0.00000000,68.92957590
13.49660670,-416.02397960,0.00000000,68.94274750
15.46297380,-416.38704250,0.00000000,68.95349080
17.43266370,-416.73190980,0.00000000,68.96018700
19.40547600,-417.05848440,0.00000000,68.96370010
21.38118760,-417.36666910,0.00000000,68.96485970
23.35973020,-417.65639510,0.00000000,68.96269220
25.34092420,-417.92758080,0.00000000,68.95797200
27.32451470,-418.18014330,0.00000000,68.95165290
29.31041780,-418.41402990,0.00000000,68.94341680
31.29848590,-418.62918700,0.00000000,68.93393590
33.28842890,-418.82555670,0.00000000,68.92394550
35.28014170,-419.00311010,0.00000000,68.91358220
37.27351830,-419.16182570,0.00000000,68.90362630
39.26823610,-419.30167590,0.00000000,68.89427660
41.26416640,-419.42265840,0.00000000,68.88584280
43.26124870,-419.52478210,0.00000000,68.87944610
45.25913530,-419.60805060,0.00000000,68.87453590
47.25767520,-419.67248730,0.00000000,68.87133570
49.25684910,-419.71812490,0.00000000,68.87137970
51.25629590,-419.74499440,0.00000000,68.87334190
53.25585110,-419.75313900,0.00000000,68.87723530
55.25551330,-419.74260430,0.00000000,68.88474720
57.25493240,-419.71343950,0.00000000,68.89407540
59.25395170,-419.66569590,0.00000000,68.90517030
61.25251690,-419.59942100,0.00000000,68.91901490
63.25035220,-419.51466670,0.00000000,68.93424270
65.24729570,-419.41147990,0.00000000,68.95061690
67.24323940,-419.28990070,0.00000000,68.96841570
69.23795980,-419.14997110,0.00000000,68.98680340
71.23132230,-418.99172910,0.00000000,69.00554430
73.22315950,-418.81522370,0.00000000,69.02446740
75.21335990,-418.62050660,0.00000000,69.04314220
77.20162140,-418.40759640,0.00000000,69.06152960
79.18785200,-418.17647020,0.00000000,69.07933390
81.17196820,-417.92712690,0.00000000,69.09634730
83.15358970,-417.65960690,0.00000000,69.11279580
85.13266350,-417.37391020,0.00000000,69.12848340
87.10919990,-417.07002470,0.00000000,69.14333920
89.08269990,-416.74801920,0.00000000,69.15775960
91.05308760,-416.40790360,0.00000000,69.17171340
93.02052690,-416.04964380,0.00000000,69.18534790
94.98441050,-415.67335030,0.00000000,69.19900610
96.94461390,-415.27905660,0.00000000,69.21273980
98.90145000,-414.86670750,0.00000000,69.22714830
100.85423220,-414.43646330,0.00000000,69.24223600
102.80285770,-413.98837120,0.00000000,69.25804870
104.74757690,-413.52239870,0.00000000,69.27569630
106.68779260,-413.03872340,0.00000000,69.29481960
108.62339810,-412.53731520,0.00000000,69.31537740
110.55435860,-412.01811560,0.00000000,69.33867780
112.48039790,-411.48132180,0.00000000,69.36437860
114.40182470,-410.92700150,0.00000000,69.39213020
116.31799070,-410.35546770,0.00000000,69.42319470
118.22884820,-409.76681500,0.00000000,69.45756130
120.13466240,-409.16103920,0.00000000,69.49442350
122.03493230,-408.53838530,0.00000000,69.53482910
123.92937840,-407.89904320,0.00000000,69.57926750
125.81844320,-407.24296190,0.00000000,69.62643130
127.70172490,-406.57038030,0.00000000,69.67706490
129.57871890,-405.88159250,0.00000000,69.73218000
131.45000940,-405.17649740,0.00000000,69.79002180
133.31530300,-404.45531400,0.00000000,69.85101460
135.17392430,-403.71842440,0.00000000,69.91655480
137.02653150,-402.96568970,0.00000000,69.98458170
138.87292470,-402.19729790,0.00000000,70.05523990
140.71234530,-401.41368740,0.00000000,70.13002720
142.54552730,-400.61471760,0.00000000,70.20680510
144.37218350,-399.80067120,0.00000000,70.28554670
146.19186680,-398.97186290,0.00000000,70.36743930
148.00482150,-398.12819730,0.00000000,70.45063290
149.81090970,-397.26977270,0.00000000,70.53507840
151.60985080,-396.39680290,0.00000000,70.62117450
153.40174140,-395.50930980,0.00000000,70.70783370
155.18650000,-394.60739060,0.00000000,70.79495250
156.96385320,-393.69123580,0.00000000,70.88236180
158.73384640,-392.76086570,0.00000000,70.96961360
160.49642470,-391.81634260,0.00000000,71.05667540
162.25131350,-390.85784250,0.00000000,71.14311160
163.99852130,-389.88538460,0.00000000,71.22888120
165.73801960,-388.89899980,0.00000000,71.31407140
167.46952400,-387.89886180,0.00000000,71.39816850
169.19301180,-386.88499510,0.00000000,71.48141060
170.90849370,-385.85740110,0.00000000,71.56399010
172.61567090,-384.81626560,0.00000000,71.64551150
174.31448720,-383.76162910,0.00000000,71.72606620
176.00500650,-382.69345190,0.00000000,71.80591190
177.68690830,-381.61193600,0.00000000,71.88467890
179.36009120,-380.51714900,0.00000000,71.96244100
181.02469360,-379.40899910,0.00000000,72.03951360
182.68037220,-378.28771380,0.00000000,72.11559650
184.32696620,-377.15340730,0.00000000,72.19071460
185.96471200,-376.00591720,0.00000000,72.26519560
187.59323990,-374.84550220,0.00000000,72.33878410
189.21231110,-373.67233890,0.00000000,72.41142480
190.82228180,-372.48616900,0.00000000,72.48345230
192.42274660,-371.28728720,0.00000000,72.55462900
194.01337450,-370.07594630,0.00000000,72.62484970
195.59466130,-368.85176570,0.00000000,72.69446960
197.16615110,-367.61508950,0.00000000,72.76326590
198.72742120,-366.36625350,0.00000000,72.83111980
200.27912120,-365.10473400,0.00000000,72.89839560
201.82070830,-363.83093530,0.00000000,72.96487920
203.35166010,-362.54519840,0.00000000,73.03045220
204.87265000,-361.24667520,0.00000000,73.09547120
206.38292250,-359.93590070,0.00000000,73.15971540
207.88230200,-358.61334170,0.00000000,73.22308750
209.37152460,-357.27847150,0.00000000,73.28592590
210.84990520,-355.93191410,0.00000000,73.34799070
212.31731990,-354.57379100,0.00000000,73.40922970
213.77418740,-353.20371360,0.00000000,73.46995540
215.21991850,-351.82223750,0.00000000,73.52990570
216.65456220,-350.42933020,0.00000000,73.58909370
218.07822560,-349.02489920,0.00000000,73.64779230
219.49055560,-347.60930820,0.00000000,73.70571730
220.89165360,-346.18247670,0.00000000,73.76295080
222.28133760,-344.74461080,0.00000000,73.81971910
223.65959600,-343.29574490,0.00000000,73.87571970
225.02640930,-341.83591990,0.00000000,73.93109880
226.38140300,-340.36556220,0.00000000,73.98603600
227.72496460,-338.88427550,0.00000000,74.04021970
229.05678640,-337.39244190,0.00000000,74.09385010
230.37653940,-335.89079490,0.00000000,74.14706320
231.68510510,-334.37868600,0.00000000,74.19954280
232.98176660,-332.85669350,0.00000000,74.25150120
234.26657550,-331.32444040,0.00000000,74.30305050
235.53920130,-329.78208420,0.00000000,74.35387180
236.79956440,-328.22971020,0.00000000,74.40423360
238.04765380,-326.66733090,0.00000000,74.45423130
239.28324240,-325.09521990,0.00000000,74.50364070
240.50635940,-323.51334780,0.00000000,74.55273960
241.71702540,-321.92169640,0.00000000,74.60158370
242.91489460,-320.32074080,0.00000000,74.65002840
244.10013050,-318.71029430,0.00000000,74.69829810
245.27277620,-317.09032890,0.00000000,74.74641920
246.43236580,-315.46153940,0.00000000,74.79435240
247.57922460,-313.82353410,0.00000000,74.84224820
248.71340700,-312.17629320,0.00000000,74.89011110
249.83430540,-310.52078750,0.00000000,74.93803100
250.94245300,-308.85634420,0.00000000,74.98604060
252.03785050,-307.18296660,0.00000000,75.03414190
253.11979830,-305.50166790,0.00000000,75.08253750
254.18886760,-303.81157990,0.00000000,75.13113760
255.24479740,-302.11334200,0.00000000,75.17997440
256.28766540,-300.40726690,0.00000000,75.22932670
257.31765350,-298.69328540,0.00000000,75.27898410
258.33476010,-296.97158370,0.00000000,75.32902680
259.33895850,-295.24242330,0.00000000,75.37973390
260.33036810,-293.50582560,0.00000000,75.43082920
261.30900140,-291.76200970,0.00000000,75.48245500
262.27491690,-290.01113230,0.00000000,75.53484700
263.22819640,-288.25332510,0.00000000,75.58769580
264.16889910,-286.48877730,0.00000000,75.64121450
265.09713690,-284.71759730,0.00000000,75.69556600
266.01296720,-282.94001780,0.00000000,75.75043480
266.91651650,-281.15615830,0.00000000,75.80611440
267.80792630,-279.36612790,0.00000000,75.86267410
268.68724470,-277.57024990,0.00000000,75.91980930
269.55468310,-275.76853480,0.00000000,75.97790300
270.41039380,-273.96111900,0.00000000,76.03690850
271.25438670,-272.14841320,0.00000000,76.09654450
272.08696540,-270.33025760,0.00000000,76.15728610
272.90829050,-268.50698900,0.00000000,76.21895050
273.71848060,-266.67904350,0.00000000,76.28128760
274.51799130,-264.84608360,0.00000000,76.34483590
275.30691950,-263.00860660,0.00000000,76.40926820
276.08545840,-261.16693710,0.00000000,76.47438140
276.85407080,-259.32079110,0.00000000,76.54073720
277.61289310,-257.47069560,0.00000000,76.60788520
278.36218480,-255.61692380,0.00000000,76.67567610
279.10243180,-253.75920950,0.00000000,76.74462680
279.83380200,-251.89810130,0.00000000,76.81421610
280.55659790,-250.03383450,0.00000000,76.88435170
281.27131950,-248.16613780,0.00000000,76.95543170
281.97814460,-246.29557670,0.00000000,77.02695150
282.67739070,-244.42235160,0.00000000,77.09886860
283.36955510,-242.54615950,0.00000000,77.17141160
284.05479430,-240.66759440,0.00000000,77.20690460
284.73342550,-238.78680820,0.00000000,77.31718280
