-179.293586,17.697008,2.248535
-179.536300,16.722713,2.245979
-179.777706,15.748152,2.243612
-180.018167,14.773381,2.241467
-180.257952,13.798445,2.239547
-180.497275,12.823339,2.237827
-180.736310,11.848024,2.236288
-180.975193,10.872450,2.234887
-181.214046,9.896525,2.233601
-181.452974,8.920125,2.232390
-181.692064,7.943125,2.231243
-181.931397,6.965364,2.230124
-182.171043,5.986678,2.229043
-182.411058,5.006876,2.227983
-182.651491,4.025753,2.226955
-182.892365,3.043117,2.225966
-183.133691,2.058762,2.225030
-183.375449,1.072476,2.224179
-183.617588,0.084061,2.223426
-183.860016,-0.906691,2.222809
-184.102583,-1.899957,2.222361
-184.345074,-2.895920,2.222122
-184.587175,-3.894733,2.222126
-184.828468,-4.896554,2.222404
-185.068368,-5.901509,2.223008
-185.306095,-6.909739,2.223939
-185.540590,-7.921369,2.225209
-185.770430,-8.936528,2.226806
-185.993694,-9.955389,2.228651
-186.207781,-10.978152,2.230626
-186.410350,-12.004899,2.232613
-186.602556,-13.034974,2.234718
-186.786019,-14.067694,2.237068
-186.961841,-15.102479,2.239705
-187.130812,-16.138843,2.242641
-187.293593,-17.176365,2.245819
-187.450641,-18.214675,2.249189
-187.602283,-19.253506,2.252720
-187.748697,-20.292628,2.256398
-187.890035,-21.331870,2.260217
-188.026324,-22.371107,2.264188
-188.157582,-23.410240,2.268307
-188.283907,-24.449199,2.272576
-188.405229,-25.487917,2.276987
-188.521558,-26.526359,2.281469
-188.632927,-27.564476,2.285952
-188.739327,-28.602235,2.290341
-188.840738,-29.639611,2.294570
-188.937191,-30.676611,2.298620
-189.028799,-31.713241,2.302517
-189.115466,-32.749525,2.306293
-189.197181,-33.785515,2.310000
-189.274126,-34.821223,2.313695
-189.346235,-35.856680,2.317436
-189.413508,-36.891903,2.321240
-189.476015,-37.926897,2.325108
-189.533529,-38.961662,2.328976
-189.585976,-39.996156,2.332751
-189.633463,-41.030316,2.336325
-189.676122,-42.064113,2.339626
-189.714137,-43.097486,2.342652
-189.747520,-44.130429,2.345393
-189.776236,-45.162919,2.347883
-189.800583,-46.194937,2.350172
-189.820597,-47.226487,2.352321
-189.836313,-48.257544,2.354370
-189.847865,-49.288113,2.356361
-189.855260,-50.318185,2.358358
-189.858415,-51.347724,2.360382
-189.857584,-52.376723,2.362494
-189.852805,-53.405131,2.364731
-189.844072,-54.432913,2.367108
-189.831463,-55.459993,2.369670
-189.815086,-56.486301,2.372412
-189.795029,-57.511763,2.375336
-189.771402,-58.536287,2.378422
-189.744334,-59.559836,2.381649
-189.713987,-60.582366,2.384998
-189.680566,-61.603864,2.388455
-189.644089,-62.624341,2.391978
-189.604728,-63.643792,2.395550
-189.562694,-64.662254,2.399140
-189.518055,-65.679733,2.402726
-189.470899,-66.696261,2.406264
-189.421351,-67.711857,2.409749
-189.369368,-68.726540,2.413183
-189.315002,-69.740287,2.416595
-189.258375,-70.753116,2.420089
-189.199627,-71.765011,2.423772
-189.138974,-72.775978,2.427733
-189.076546,-73.786038,2.432007
-189.012460,-74.795240,2.436565
-188.946907,-75.803618,2.441386
-188.879975,-76.811229,2.446414
-188.811728,-77.818119,2.451588
-188.742238,-78.824329,2.456891
-188.671482,-79.829896,2.462331
-188.599440,-80.834817,2.467960
-188.526248,-81.839135,2.473869
-188.452072,-82.842875,2.480139
-188.377062,-83.846080,2.486781
-188.301321,-84.848827,2.493776
-188.224916,-85.851165,2.501075
-188.147940,-86.853162,2.508595
-188.070437,-87.854892,2.516267
-187.992424,-88.856400,2.523994
-187.913914,-89.857734,2.531714
-187.834883,-90.858914,2.539379
-187.755273,-91.859955,2.546974
-187.675041,-92.860843,2.554552
-187.594228,-93.861561,2.562211
-187.512961,-94.862099,2.570069
-187.431299,-95.862439,2.578186
-187.349266,-96.862592,2.586578
-187.266902,-97.862577,2.595227
-187.184229,-98.862403,2.604121
-187.101252,-99.862105,2.613228
-187.017981,-100.861692,2.622510
-186.934415,-101.861199,2.631943
-186.850540,-102.860650,2.641478
-186.766356,-103.860080,2.651115
-186.681861,-104.859496,2.660821
-186.597035,-105.858931,2.670582
-186.511868,-106.858394,2.680383
-186.426346,-107.857916,2.690226
-186.340436,-108.857494,2.700108
-186.254142,-109.857137,2.710010
-186.167447,-110.856867,2.719946
-186.080328,-111.856683,2.729920
-185.992773,-112.856589,2.739921
-185.904772,-113.856584,2.749960
-185.816283,-114.856671,2.760048
-185.727305,-115.856849,2.770188
-185.637830,-116.857124,2.780390
-185.547835,-117.857485,2.790658
-185.457301,-118.857943,2.801011
-185.366222,-119.858490,2.811455
-185.274554,-120.859136,2.822009
-185.182289,-121.859881,2.832679
-185.089428,-122.860739,2.843474
-184.995943,-123.861701,2.854408
-184.901815,-124.862779,2.865474
-184.807039,-125.863991,2.876673
-184.711575,-126.865336,2.887996
-184.615407,-127.866826,2.899420
-184.518544,-128.868457,2.910924
-184.420958,-129.870254,2.922470
-184.322628,-130.872199,2.934021
-184.223551,-131.874302,2.945512
-184.123686,-132.876544,2.956909
-184.022999,-133.878899,2.968167
-183.921487,-134.881356,2.979275
-183.819099,-135.883857,2.990253
-183.715753,-136.886342,3.001183
-183.611356,-137.888737,3.012200
-183.505949,-138.890976,3.023469
-183.399623,-139.893017,3.035119
-183.292409,-140.894822,3.047216
-183.184321,-141.896394,3.059774
-183.075394,-142.897723,3.072790
-182.965659,-143.898827,3.086210
-182.855102,-144.899735,3.100003
-182.743771,-145.900473,3.114103
-182.631690,-146.901072,3.128451
-182.518855,-147.901562,3.142978
-182.405277,-148.901989,3.157615
-182.290963,-149.902365,3.172284
-182.175873,-150.902714,3.186934
-182.060018,-151.903040,3.201542
-181.943372,-152.903337,3.216095
-181.825869,-153.903581,3.230657
-181.707392,-154.903709,3.245351
-181.587901,-155.903674,3.260336
-181.467488,-156.903452,3.275778
-181.346234,-157.903031,3.291748
-181.224179,-158.902404,3.308283
-181.101369,-159.901592,3.325365
-180.977848,-160.900617,3.342969
-180.853620,-161.899505,3.361011
-180.728715,-162.898291,3.379437
-180.603159,-163.897006,3.398166
-180.476940,-164.895694,3.417124
-180.350038,-165.894365,3.436242
-180.222430,-166.893038,3.455481
-180.094029,-167.891727,3.474834
-179.964762,-168.890396,3.494330
-179.834556,-169.889010,3.514105
-179.703454,-170.887555,3.534312
-179.571549,-171.886026,3.555046
-179.438875,-172.884415,3.576346
-179.305464,-173.882736,3.598180
-179.171344,-174.881000,3.620501
-179.036487,-175.879232,3.643244
-178.900826,-176.877423,3.666372
-178.764270,-177.875566,3.689883
-178.626742,-178.873647,3.713848
-178.488270,-179.871655,3.738347
-178.348934,-180.869608,3.763409
-178.208762,-181.867518,3.789007
-178.067722,-182.865400,3.815102
-177.925682,-183.863255,3.841646
-177.782580,-184.861076,3.868669
-177.638469,-185.858854,3.896231
-177.493373,-186.856606,3.924365
-177.347242,-187.854328,3.953069
-177.199993,-188.852006,3.982355
-177.051619,-189.849647,4.012227
-176.902122,-190.847257,4.042649
-176.751423,-191.844828,4.073566
-176.599508,-192.842379,4.104959
-176.446372,-193.839889,4.136810
-176.291988,-194.837368,4.169097
-176.136309,-195.834804,4.201775
-175.979322,-196.832187,4.234815
-175.821024,-197.829500,4.268212
-175.661336,-198.826732,4.301926
-175.500210,-199.823862,4.335891
-175.337691,-200.820887,4.370047
-175.173769,-201.817794,4.404368
-175.008407,-202.814566,4.438808
-174.841564,-203.811173,4.473338
-174.673214,-204.807594,4.507910
-174.503365,-205.803827,4.542433
-174.332020,-206.799872,4.576814
-174.159193,-207.795724,4.610898
-173.984901,-208.791403,4.644514
-173.809153,-209.786927,4.677491
-173.631967,-210.782301,4.709643
-173.453353,-211.777538,4.740788
-173.273297,-212.772631,4.770823
-173.091817,-213.767560,4.799666
-172.908941,-214.762309,4.827273
-172.724691,-215.756872,4.853566
-172.539056,-216.751212,4.878506
-172.351997,-217.745291,4.902117
-172.163487,-218.739072,4.924478
-171.973531,-219.732503,4.945679
-171.782121,-220.725565,4.965811
-171.589254,-221.718246,4.984932
-171.394944,-222.710533,5.003077
-171.199179,-223.702443,5.020257
-171.001948,-224.694008,5.036404
-170.803320,-225.685256,5.051534
-170.603331,-226.676237,5.065660
-170.401950,-227.666972,5.078798
-170.199100,-228.657469,5.090941
-169.994831,-229.647773,5.102127
-169.789082,-230.637900,5.112377
-169.581799,-231.627842,5.121758
-169.373007,-232.617638,5.130372
-169.162667,-233.607268,5.138323
-168.950725,-234.596725,5.145726
-168.737181,-235.586017,5.152691
-168.522032,-236.575149,5.159249
-168.305130,-237.564103,5.165444
-168.086422,-238.552873,5.171345
-167.865944,-239.541473,5.176982
-167.643783,-240.529946,5.182302
-167.419944,-241.518329,5.187184
-167.194352,-242.506628,5.191487
-166.966952,-243.494858,5.195146
-166.737598,-244.482968,5.198203
-166.506220,-245.470905,5.200839
-166.272795,-246.458635,5.203287
-166.037257,-247.446129,5.205690
-165.799643,-248.433378,5.208116
-165.559949,-249.420404,5.210574
-165.318114,-250.407203,5.213022
-165.074108,-251.393793,5.215408
-164.827923,-252.380200,5.217685
-164.579437,-253.366425,5.219778
-164.328655,-254.352495,5.221657
-164.075552,-255.338425,5.223297
-163.820026,-256.324207,5.224658
-163.562006,-257.309835,5.225716
-163.301482,-258.295337,5.226483
-163.038297,-259.280667,5.226928
-162.772429,-260.265817,5.227065
-162.503863,-261.250794,5.226924
-162.232493,-262.235547,5.226504
-161.958206,-263.220062,5.225795
-161.681016,-264.204317,5.224844
-161.400779,-265.188259,5.223641
-161.117416,-266.171848,5.222204
-160.830949,-267.155090,5.220577
-160.541280,-268.137926,5.218784
-160.248273,-269.120308,5.216821
-159.951935,-270.102220,5.214746
-159.652163,-271.083627,5.212566
-159.348820,-272.064460,5.210286
-159.041942,-273.044729,5.207979
-158.731474,-274.024400,5.205646
-158.417253,-275.003421,5.203306
-158.099257,-275.981790,5.200967
-157.777468,-276.959478,5.198646
-157.451685,-277.936422,5.196308
-157.121967,-278.912637,5.193957
-156.788302,-279.888111,5.191576
-156.450563,-280.862797,5.189073
-156.108681,-281.836663,5.186388
-155.762732,-282.809702,5.183457
-155.412532,-283.781822,5.180149
-155.058113,-284.753002,5.176397
-154.699528,-285.723203,5.172143
-154.336680,-286.692322,5.167329
-153.969442,-287.660209,5.161962
-153.597891,-288.626773,5.156197
-153.222044,-289.591881,5.150302
-152.841855,-290.555384,5.144549
-152.457322,-291.517154,5.139137
-152.068364,-292.477061,5.134159
-151.675008,-293.435058,5.129642
-151.277367,-294.391123,5.125601
-150.875325,-295.345174,5.121955
-150.468992,-296.297243,5.118684
-150.058460,-297.247351,5.115740
-149.643678,-298.195471,5.113057
-149.224606,-299.141577,5.110567
-148.801368,-300.085737,5.108261
-148.373851,-301.027904,5.106084
-147.942085,-301.968089,5.103999
-147.506171,-302.906338,5.102021
-147.066066,-303.842642,5.100123
-146.621674,-304.776959,5.098251
-146.173107,-305.709336,5.096432
-145.720319,-306.639740,5.094635
-145.263245,-307.568137,5.092838
-144.802008,-308.494576,5.091056
-144.336603,-309.419044,5.089287
-143.866929,-310.341476,5.087501
-143.393037,-311.261879,5.085705
-142.914977,-312.180258,5.083898
-142.432618,-313.096528,5.082048
-141.946071,-314.010732,5.080182
-141.455381,-314.922858,5.078313
-140.960465,-315.832843,5.076415
-140.461296,-316.740651,5.074491
-139.957985,-317.646322,5.072559
-139.450406,-318.549745,5.070606
-138.938607,-319.450932,5.068630
-138.422677,-320.349900,5.066674
-137.902556,-321.246598,5.064727
-137.378172,-322.140949,5.062761
-136.849647,-323.032991,5.060818
-136.316913,-323.922660,5.058887
-135.779931,-324.809889,5.056959
-135.238812,-325.694740,5.055082
-134.693562,-326.577155,5.053235
-134.144078,-327.457047,5.051405
-133.590435,-328.334423,5.049615
-133.032673,-329.209279,5.047856
-132.470677,-330.081485,5.046112
-131.904580,-330.951095,5.044394
-131.334429,-331.818083,5.042733
-130.760148,-332.682369,5.041083
-130.181746,-333.543874,5.039449
-129.599342,-334.402654,5.037863
-129.012823,-335.258569,5.036295
-128.422281,-336.111606,5.034755
-127.827817,-336.961793,5.033291
-127.229401,-337.809037,5.031910
-126.626968,-338.653227,5.030604
-126.020667,-339.494429,5.029440
-125.410466,-340.332531,5.028447
-124.796329,-341.167485,5.027635
-124.178399,-341.999333,5.027078
-123.556683,-342.828048,5.026792
-122.931077,-343.653541,5.026731
-122.301671,-344.475848,5.026899
-121.668556,-345.295069,5.027274
-121.031783,-346.111224,5.027859
-120.391282,-346.924256,5.028697
-119.747045,-347.734150,5.029796
-119.099006,-348.540874,5.031101
-118.447246,-349.344529,5.032589
-117.791793,-350.145152,5.034200
-117.132634,-350.942779,5.035836
-116.469633,-351.737328,5.037358
-115.802902,-352.528908,5.038753
-115.132514,-353.317550,5.040028
-114.458392,-354.103177,5.041155
-113.780537,-354.885740,5.042140
-113.099102,-355.665319,5.043043
-112.413985,-356.441788,5.043855
-111.725267,-357.215151,5.044607
-111.033062,-357.985449,5.045345
-110.337372,-358.752618,5.046076
-109.638136,-359.516547,5.046773
-108.935512,-360.277323,5.047515
-108.229505,-361.034891,5.048274
-107.520096,-361.789183,5.049053
-106.807431,-362.540270,5.049889
-106.091541,-363.288163,5.050784
-105.372378,-364.032743,5.051713
-104.650012,-364.774050,5.052685
-103.924539,-365.512137,5.053723
-103.195885,-366.246893,5.054786
-102.464165,-366.978385,5.055891
-101.729457,-367.706662,5.057050
-100.991731,-368.431661,5.058232
-100.250969,-369.153317,5.059402
-99.507319,-369.871752,5.060592
-98.760741,-370.586869,5.061761
-98.011259,-371.298671,5.062897
-97.258995,-372.007227,5.064028
-96.503961,-372.712512,5.065135
-95.746090,-373.414415,5.066182
-94.985501,-374.113005,5.067206
-94.222231,-374.808282,5.068226
-93.456234,-375.500135,5.069225
-92.687606,-376.188635,5.070269
-91.916389,-376.873797,5.071406
-91.142511,-377.555516,5.072649
-90.365973,-378.233751,5.074039
-89.586855,-378.908594,5.075653
-88.805036,-379.579936,5.077496
-88.020517,-380.247806,5.079573
-87.233303,-380.912287,5.081879
-86.443444,-381.573535,5.084388
-85.650992,-382.231719,5.087070
-84.855707,-382.886679,5.089812
-84.057540,-383.538442,5.092515
-83.256369,-384.186965,5.095072
-82.452185,-384.832308,5.097434
-81.645025,-385.474549,5.099613
-80.834830,-386.113646,5.101595
-80.021519,-386.749453,5.103353
-79.205159,-387.382067,5.104936
-78.385736,-388.011396,5.106349
-77.563189,-388.637329,5.107594
-76.737600,-389.259906,5.108709
-75.908981,-389.879076,5.109722
-75.077241,-390.494668,5.110597
-74.242410,-391.106651,5.111351
-73.404567,-391.715041,5.112022
-72.563606,-392.319654,5.112578
-71.719598,-392.920499,5.113054
-70.872584,-393.517582,5.113460
-70.022502,-394.110764,5.113797
-69.169306,-394.699888,5.114017
-68.313094,-395.285060,5.114188
-67.453803,-395.866127,5.114276
-66.591427,-396.443012,5.114269
-65.726030,-397.015765,5.114207
-64.857596,-397.584311,5.114083
-63.986032,-398.148438,5.113841
-63.111398,-398.708211,5.113510
-62.233734,-399.263591,5.113107
-61.352939,-399.814420,5.112578
-60.469102,-400.360737,5.111961
-59.582256,-400.902542,5.111249
-58.692314,-401.439650,5.110411
-57.799271,-401.971979,5.109424
-56.903240,-402.499636,5.108332
-56.004130,-403.022427,5.107082
-55.101993,-403.540347,5.105686
-54.196896,-404.053445,5.104167
-53.288827,-404.561610,5.102494
-52.377706,-405.064640,5.100630
-51.463667,-405.562677,5.098622
-50.546702,-406.055629,5.096435
-49.626795,-406.543379,5.094061
-48.704050,-407.026006,5.091535
-47.778489,-407.503494,5.088844
-46.850060,-407.975618,5.085950
-45.918836,-408.442415,5.082866
-44.984898,-408.903965,5.079616
-44.048198,-409.360072,5.076170
-43.108840,-409.810806,5.072544
-42.166888,-410.256219,5.068771
-41.222331,-410.696167,5.064810
-40.275162,-411.130526,5.060645
-39.325523,-411.559487,5.056339
-38.373400,-411.982906,5.051853
-37.418834,-412.400771,5.047194
-36.461931,-412.813183,5.042406
-35.502714,-413.220103,5.037474
-34.541157,-413.621330,5.032364
-33.577367,-414.017030,5.027124
-32.611419,-414.407209,5.021766
-31.643295,-414.791751,5.016263
-30.673100,-415.170780,5.010660
-29.700897,-415.544345,5.004983
-28.726669,-415.912288,4.999187
-27.750479,-416.274616,4.993280
-26.772431,-416.631515,4.987317
-25.792517,-416.982827,4.981268
-24.810820,-417.328641,4.975157
-23.827422,-417.669082,4.969006
-22.842344,-418.004077,4.962815
-21.855594,-418.333502,4.956525
-20.867294,-418.657594,4.950214
-19.877480,-418.976308,4.943867
-18.886194,-419.289628,4.937453
-17.893543,-419.597702,4.931019
-16.899569,-419.900570,4.924564
-15.904283,-420.198081,4.918041
-14.907783,-420.490363,4.911483
-13.910157,-420.777554,4.904905
-12.911426,-421.059541,4.898287
-11.911682,-421.336470,4.891663
-10.911006,-421.608450,4.885051
-9.909435,-421.875393,4.878453
-8.906990,-422.137270,4.871856
-7.903795,-422.394328,4.865340
-6.899872,-422.646491,4.858913
-5.895266,-422.893811,4.852620
-4.890033,-423.136435,4.846516
-3.884204,-423.374369,4.840646
-2.877739,-423.607491,4.834995
-1.870679,-423.835996,4.829647
-0.863010,-424.059953,4.824614
0.145264,-424.279573,4.819941
1.154135,-424.495246,4.815690
2.163789,-424.706490,4.811669
3.174250,-424.913374,4.807828
4.185566,-425.115837,4.804098
5.197709,-425.314105,4.800514
6.210643,-425.508278,4.797064
7.224371,-425.698319,4.793725
8.238830,-425.884348,4.790514
9.253985,-426.066460,4.787437
10.269807,-426.244557,4.784484
11.286252,-426.418646,4.781629
12.303253,-426.588904,4.778937
13.320783,-426.755253,4.776381
14.338782,-426.917740,4.773965
15.357201,-427.076460,4.771722
16.376013,-427.231400,4.769653
17.395192,-427.382429,4.767725
18.414684,-427.529713,4.765982
19.434459,-427.673268,4.764428
20.454500,-427.813032,4.763065
21.474778,-427.949095,4.761893
22.495265,-428.081501,4.760949
23.515968,-428.210138,4.760197
24.536873,-428.334996,4.759642
25.557965,-428.456221,4.759308
26.579237,-428.573713,4.759194
27.600706,-428.687495,4.759299
28.622365,-428.797638,4.759649
29.644230,-428.904108,4.760245
30.666328,-429.006749,4.761040
31.688665,-429.105681,4.762082
32.711272,-429.200928,4.763368
33.734175,-429.292379,4.764877
34.757393,-429.380088,4.766636
35.780966,-429.464089,4.768634
36.804928,-429.544250,4.770842
37.829329,-429.620469,4.773225
38.854171,-429.692890,4.775813
39.879506,-429.761399,4.778558
40.905357,-429.825940,4.781430
41.931728,-429.886555,4.784407
42.958644,-429.943192,4.787453
43.986085,-429.995626,4.790495
45.014050,-430.043866,4.793511
46.042469,-430.087966,4.796481
47.071305,-430.127706,4.799349
48.100449,-430.163061,4.802105
49.129813,-430.194020,4.804753
50.159327,-430.220437,4.807258
51.188926,-430.242392,4.809673
52.218556,-430.259981,4.812020
53.248190,-430.273054,4.814307
54.277808,-430.281666,4.816547
55.307409,-430.285862,4.818779
56.336967,-430.285528,4.820985
57.366488,-430.280492,4.823148
58.395972,-430.270935,4.825319
59.425411,-430.256778,4.827487
60.454807,-430.237941,4.829646
61.484164,-430.214494,4.831821
62.513478,-430.186413,4.834032
63.542749,-430.153475,4.836221
64.571986,-430.115729,4.838422
65.601200,-430.073255,4.840673
66.630403,-430.025877,4.842941
67.659633,-429.973624,4.845249
68.688932,-429.916545,4.847616
69.718340,-429.854404,4.849990
70.747878,-429.786979,4.852318
71.777564,-429.714457,4.854625
72.807390,-429.636952,4.856928
73.837311,-429.554376,4.859181
74.867291,-429.466829,4.861392
75.897278,-429.374360,4.863559
76.927190,-429.276743,4.865622
77.956965,-429.174002,4.867583
78.986596,-429.066302,4.869496
80.015996,-428.953308,4.871297
81.045118,-428.834919,4.872959
82.073949,-428.711380,4.874553
83.102410,-428.582687,4.876081
84.130422,-428.448673,4.877504
85.157936,-428.309548,4.878875
86.184902,-428.165283,4.880200
87.211236,-428.015622,4.881419
88.236918,-427.860765,4.882595
89.261889,-427.700748,4.883749
90.286052,-427.535315,4.884803
91.309433,-427.364871,4.885888
92.331963,-427.189282,4.886973
93.353592,-427.008404,4.888029
94.374305,-426.822351,4.889092
95.394128,-426.631412,4.890253
96.412970,-426.435200,4.891424
97.430782,-426.233639,4.892587
98.447599,-426.026983,4.893815
99.463387,-425.815157,4.895096
100.478125,-425.598080,4.896412
101.491842,-425.375924,4.897828
102.504511,-425.148625,4.899313
103.516063,-424.915968,4.900818
104.526526,-424.678152,4.902380
105.535870,-424.435295,4.903990
106.544007,-424.187081,4.905567
107.550932,-423.933736,4.907149
108.556654,-423.675470,4.908767
109.561063,-423.412032,4.910330
110.564076,-423.143269,4.911790
111.565731,-422.869600,4.913243
112.565972,-422.590996,4.914660
113.564728,-422.307366,4.915992
114.561965,-422.018771,4.917265
115.557669,-421.725362,4.918496
116.551725,-421.426948,4.919626
117.544135,-421.123676,4.920671
118.534882,-420.815643,4.921667
119.523917,-420.502836,4.922602
120.511218,-420.185287,4.923471
121.496748,-419.863023,4.924293
122.480481,-419.535995,4.925060
123.462386,-419.204193,4.925783
124.442582,-418.868000,4.926569
125.420996,-418.527300,4.927372
126.397571,-418.182011,4.928156
127.372269,-417.832148,4.928897
128.345106,-417.477801,4.929613
129.316008,-417.118861,4.930255
130.284987,-416.755478,4.930851
131.251965,-416.387491,4.931344
132.216995,-416.015097,4.931810
133.180085,-415.638364,4.932266
134.141299,-415.257411,4.932774
135.100648,-414.872294,4.933346
136.057994,-414.482716,4.933888
137.013375,-414.088800,4.934424
137.966755,-413.690475,4.934948
138.918206,-413.287926,4.935517
139.867704,-412.881111,4.936139
140.815421,-412.470398,4.936913
141.761146,-412.055337,4.937719
142.704863,-411.635971,4.938536
143.646567,-411.212319,4.939361
144.586333,-410.784635,4.940261
145.524095,-410.352810,4.941190
146.459806,-409.916838,4.942128
147.393313,-409.476483,4.942984
148.324756,-409.032073,4.943862
149.254122,-408.583671,4.944769
150.181298,-408.131102,4.945624
151.106203,-407.674287,4.946414
152.028976,-407.213516,4.947227
152.949540,-406.748707,4.948048
153.867757,-406.279613,4.948797
154.783705,-405.806391,4.949556
155.697448,-405.329189,4.950391
156.608937,-404.847863,4.951290
157.518252,-404.362560,4.952318
158.425432,-403.873330,4.953515
159.330319,-403.379911,4.954777
160.232897,-402.882287,4.956084
161.133240,-402.380595,4.957480
162.031344,-401.874833,4.958951
162.927195,-401.364983,4.960488
163.820810,-400.851084,4.962098
164.712164,-400.333074,4.963787
165.601198,-399.810830,4.965547
166.488002,-399.284479,4.967436
167.372576,-398.754031,4.969476
168.254910,-398.219435,4.971647
169.134992,-397.680725,4.973917
170.012767,-397.137813,4.976272
170.888178,-396.590622,4.978669
171.761301,-396.039276,4.981143
172.632185,-395.483889,4.983709
173.500708,-394.924281,4.986333
174.366943,-394.360525,4.989067
175.230888,-393.792657,4.991944
176.092445,-393.220511,4.994935
176.951537,-392.644020,4.998016
177.808301,-392.063441,5.001238
178.662616,-391.478636,5.004533
179.514453,-390.889632,5.007899
180.363862,-390.296566,5.011356
181.210791,-389.699453,5.014850
182.054981,-389.097981,5.018267
182.896505,-388.492362,5.021664
183.735461,-387.882790,5.025065
184.571694,-387.269174,5.028396
185.405141,-386.651479,5.031640
186.235873,-386.029904,5.034857
187.063752,-385.404308,5.037962
187.888707,-384.774703,5.040953
188.710834,-384.141243,5.043899
189.530061,-383.503900,5.046811
190.346321,-382.862627,5.049699
191.159754,-382.217641,5.052650
191.970240,-381.568850,5.055605
192.777553,-380.916065,5.058464
193.581774,-380.259455,5.061245
194.383029,-379.599238,5.064002
195.181138,-378.935269,5.066651
195.976029,-378.267533,5.069138
196.767745,-377.596144,5.071517
197.556294,-376.921159,5.073817
198.341480,-376.242400,5.075987
199.123750,-375.560421,5.078240
199.902879,-374.875015,5.080476
200.678629,-374.185986,5.082593
201.451013,-373.493435,5.084568
202.220299,-372.797715,5.086516
202.986134,-372.098522,5.088291
203.748526,-371.395954,5.089846
204.507426,-370.690079,5.091168
205.263210,-369.981323,5.092400
206.015602,-369.269509,5.093407
206.764496,-368.554597,5.094115
207.509675,-367.836458,5.094454
208.251531,-367.115536,5.094568
208.989964,-366.391810,5.094406
209.724767,-365.665135,5.093880
210.455995,-364.935623,5.093035
211.184015,-364.203647,5.092037
211.908485,-363.468902,5.090778
212.629588,-362.731601,5.089373
213.347494,-361.991914,5.087853
214.061973,-361.249660,5.086111
214.772920,-360.504796,5.084068
215.480790,-359.757776,5.081860
216.185516,-359.008560,5.079425
216.886760,-358.256864,5.076597
217.584507,-357.502728,5.073358
218.279221,-356.746569,5.069863
218.970736,-355.988235,5.066073
219.659078,-355.227747,5.061999
220.344623,-354.465414,5.057773
221.027069,-353.700993,5.053264
221.706256,-352.934338,5.048366
222.382440,-352.165676,5.043158
223.055854,-351.395178,5.037732
223.726274,-350.622653,5.032001
224.394013,-349.848320,5.026091
225.059095,-349.072191,5.019969
225.721273,-348.294045,5.013497
226.380531,-347.513885,5.006654
227.037165,-346.731919,4.999525
227.691154,-345.948110,4.992117
228.342494,-345.162415,4.984415
228.991429,-344.375006,4.976518
229.637835,-343.585764,4.968334
230.281577,-342.794578,4.959787
230.922729,-342.001487,4.950878
231.561424,-341.206558,4.941658
232.197677,-340.409779,4.932139
232.831479,-339.611116,4.922343
233.462938,-338.810604,4.912300
234.091965,-338.008193,4.901945
234.718583,-337.203871,4.891263
235.342833,-336.397662,4.880271
235.964738,-335.589554,4.869002
236.584273,-334.779495,4.857466
237.201334,-333.967407,4.845662
237.816033,-333.153362,4.833592
238.428288,-332.337324,4.821212
239.038279,-331.519421,4.808543
239.645835,-330.699549,4.795517
240.250946,-329.877701,4.782121
240.853713,-329.053956,4.768330
241.454371,-328.228501,4.754242
242.052516,-327.401009,4.739752
242.648227,-326.571548,4.724929
243.241579,-325.740145,4.709833
243.832338,-324.906624,4.694419
244.420540,-324.071029,4.678681
245.006495,-323.233584,4.662693
245.590083,-322.394196,4.646440
246.170975,-321.552617,4.629852
246.749480,-320.709079,4.613043
247.325307,-319.863371,4.595961
247.898409,-319.015479,4.578595
248.468923,-318.165515,4.560940
249.037219,-317.313766,4.543110
249.602753,-316.459853,4.524969
250.165518,-315.603808,4.506560
250.725652,-314.745737,4.487957
251.282797,-313.885435,4.469087
251.837045,-313.023001,4.449957
252.388712,-312.158715,4.430617
252.937746,-311.292569,4.411045
253.483611,-310.424277,4.391105
254.026433,-309.553960,4.370815
254.566676,-308.681959,4.350264
255.104090,-307.808140,4.329421
255.638446,-306.932389,4.308278
256.170106,-306.054952,4.286953
256.698575,-305.175547,4.265379
257.223719,-304.294129,4.243526
257.745900,-303.410935,4.221455
258.265490,-302.526236,4.199268
258.781899,-301.639687,4.176846
259.295339,-300.751425,4.154270
259.805854,-299.861502,4.131586
260.312922,-298.969637,4.108699
260.816735,-298.075978,4.085636
261.317761,-297.180827,4.062485
261.815853,-296.284126,4.039225
262.310711,-295.385728,4.015821
262.802702,-294.485865,3.992378
263.291381,-293.584332,3.968817
263.776596,-292.681067,3.945119
264.258704,-291.776334,3.921326
264.738007,-290.870329,3.897492
265.214016,-289.962840,3.873495
265.686803,-289.053933,3.849352
266.156583,-288.143780,3.825073
266.623589,-287.232538,3.800702
267.087304,-286.319944,3.776167
267.548101,-285.406215,3.751576
268.005960,-284.491373,3.726955
268.460496,-283.575223,3.702257
268.911950,-282.657925,3.677520
269.360636,-281.739653,3.652790
269.806363,-280.820335,3.628043
270.249000,-279.899905,3.603278
270.688966,-278.978585,3.578592
271.125837,-278.056166,3.553917
271.559636,-277.132678,3.529255
271.990636,-276.208261,3.504641
272.419134,-275.283069,3.480120
272.844655,-274.356877,3.455605
273.267482,-273.429806,3.431162
273.687749,-272.501921,3.406822
274.105007,-271.573006,3.382532
274.519515,-270.643183,3.358307
274.931631,-269.712618,3.334188
275.341413,-268.781316,3.310185
275.748452,-267.849088,3.286235
276.153273,-266.916146,3.262434
276.555575,-265.982338,3.238761
276.955192,-265.047578,3.215178
277.352404,-264.111987,3.191716
277.747691,-263.175747,3.168426
278.140619,-262.238657,3.145246
278.531270,-261.300720,3.122200
278.920079,-260.362101,3.099359
279.306457,-259.422523,3.076645
279.690551,-258.482032,3.054062
280.072670,-257.540742,3.031642
280.453162,-256.598778,3.009421
280.831465,-255.655876,2.987333
281.208040,-254.712192,2.965456
281.582860,-253.767702,2.943816
281.955598,-252.822244,2.922397
282.326694,-251.875976,2.901260
282.695772,-250.928745,2.880369
283.062763,-249.980521,2.859712
283.427980,-249.031435,2.839307
283.791879,-248.081686,2.819196
284.154025,-247.131103,2.799325
284.514472,-246.179725,2.779690
284.873354,-245.227614,2.760336
285.230340,-244.274668,2.741207
285.585565,-243.320969,2.722316
285.939297,-242.366652,2.703682
286.291647,-241.411784,2.685321
286.642353,-240.456289,2.667213
286.991567,-239.500258,2.649392
287.339192,-238.543682,2.631882
287.685186,-237.586569,2.614693
288.029584,-236.628972,2.597849
288.372476,-235.670952,2.581370
288.713886,-234.712568,2.565249
289.053753,-233.753843,2.549467
289.391921,-232.794776,2.533995
289.728561,-231.835454,2.518873
290.063621,-230.875903,2.504095
290.397244,-229.916201,2.489710
290.729594,-228.956440,2.475749
291.060408,-227.996552,2.462191
291.390150,-227.036730,2.449093
291.718641,-226.076952,2.436428
292.045547,-225.117134,2.424146
292.370756,-224.157283,2.412212
292.694919,-223.197635,2.400715
293.017673,-222.238089,2.389615
293.339014,-221.278656,2.378917
293.659544,-220.319533,2.368707
293.978597,-219.360517,2.358925
294.296682,-218.401767,2.349616
294.613941,-217.443332,2.340785
294.929778,-216.485033,2.332347
295.243993,-215.526813,2.324264
295.557303,-214.568888,2.316609
295.869586,-213.611208,2.309364
296.180453,-212.653629,2.302495
296.490785,-211.696410,2.296096
296.799962,-210.739330,2.290109
297.108189,-209.782422,2.284546
297.416045,-208.825845,2.279441
297.722744,-207.869334,2.274700
298.028098,-206.912817,2.270264
298.332451,-205.956378,2.266161
298.636146,-205.000091,2.262408
298.938659,-204.043773,2.258962
299.240719,-203.087589,2.255889
299.542024,-202.131434,2.253157
299.842400,-201.175220,2.250743
300.142610,-200.219138,2.248694
300.441988,-199.262984,2.246920
300.740366,-198.306679,2.245379
301.037777,-197.350225,2.244047
301.334742,-196.393755,2.242955
301.630835,-195.437121,2.242069
301.926385,-194.480403,2.241419
302.221512,-193.523598,2.241010
302.515840,-192.566604,2.240808
302.809992,-191.609572,2.240848
303.103689,-190.652422,2.241080
303.396668,-189.695075,2.241447
303.688786,-188.737500,2.241906
303.980465,-187.779814,2.242484
304.271557,-186.821964,2.243167
304.562045,-185.863946,2.243956
304.852296,-184.905858,2.244895
305.141998,-183.947611,2.245940
305.431401,-182.989269,2.247115
305.720616,-182.030871,2.248415
306.009342,-181.072349,2.249769
306.297392,-180.113655,2.251132
306.584938,-179.154851,2.252516
306.872127,-178.195976,2.253927
307.158789,-177.236991,2.255355
307.445232,-176.277978,2.256835
307.731359,-175.318900,2.258363
308.017134,-174.359761,2.259938
308.302855,-173.400644,2.261570
308.588285,-172.441484,2.263219
308.873282,-171.482261,2.264839
309.157757,-170.522948,2.266401
309.441978,-169.563632,2.267933
309.725845,-168.604276,2.269431
310.009470,-167.644912,2.270925
310.292945,-166.685542,2.272419
310.576149,-165.726147,2.273923
310.859371,-164.766788,2.275441
311.142446,-163.807439,2.276955
311.425279,-162.848068,2.278417
311.707690,-161.888634,2.279793
311.989875,-160.929180,2.281105
312.271878,-159.969715,2.282358
312.553667,-159.010237,2.283571
312.835417,-158.050761,2.284766
313.117006,-157.091255,2.285946
313.398613,-156.131768,2.287126
313.680213,-155.172288,2.288292
313.961691,-154.212788,2.289412
314.242903,-153.253228,2.290447
314.523906,-152.293624,2.291396
314.804836,-151.334007,2.292287
315.085611,-150.374362,2.293122
315.366397,-149.414703,2.293944
315.647128,-148.455019,2.294755
315.927858,-147.495325,2.295575
316.208689,-146.535651,2.296404
316.489484,-145.575949,2.297203
316.770140,-144.616232,2.297959
317.050602,-143.656468,2.298641
317.331044,-142.696717,2.299290
317.611417,-141.736977,2.299897
317.891845,-140.777273,2.300471
318.172325,-139.817627,2.301023
318.452783,-138.858016,2.301510
318.733105,-137.898429,2.301917
319.013378,-136.938880,2.302256
319.293675,-135.979382,2.302553
319.573914,-135.019912,2.302811
319.854255,-134.060515,2.303055
320.134663,-133.101165,2.303278
320.415055,-132.141838,2.303450
320.695288,-131.182491,2.303577
320.975527,-130.223156,2.303685
321.255813,-129.263818,2.303808
321.536189,-128.304481,2.303974
321.816729,-127.345148,2.304205
322.097300,-126.385780,2.304502
322.377899,-125.426370,2.304831
322.658570,-124.466938,2.305212
322.939393,-123.507506,2.305656
323.220255,-122.548051,2.306112
323.501183,-121.588609,2.306568
323.782091,-120.629160,2.306969
324.062858,-119.669682,2.307331
324.343674,-118.710228,2.307674
324.624571,-117.750816,2.308018
324.905565,-116.791451,2.308342
325.186583,-115.832129,2.308638
325.467496,-114.872804,2.308920
325.748443,-113.913508,2.309229
326.029453,-112.954231,2.309583
326.310517,-111.994979,2.309991
326.591678,-111.035774,2.310403
326.872936,-110.076616,2.310789
327.154244,-109.117510,2.311117
327.435523,-108.158405,2.311389
327.716672,-107.199272,2.311623
327.997876,-106.240113,2.311917
328.279097,-105.280896,2.312319
328.560268,-104.321576,2.312859
328.841434,-103.362158,2.313537
329.122620,-102.402672,2.314329
329.403836,-101.443117,2.315211
329.685078,-100.483524,2.316152
329.966338,-99.523901,2.317116
330.247601,-98.564278,2.318087
330.528860,-97.604655,2.319031
330.810097,-96.645060,2.319933
331.091305,-95.685502,2.320781
331.372474,-94.725988,2.321583
331.653604,-93.766524,2.322322
331.934693,-92.807104,2.323020
332.215746,-91.847720,2.323672
332.496764,-90.888371,2.324285
332.777757,-89.929043,2.324887
333.058741,-88.969706,2.325481
333.339716,-88.010350,2.326093
333.620697,-87.050945,2.326743
333.901691,-86.091465,2.327466
334.182695,-85.131890,2.328279
334.463706,-84.172186,2.329214
334.744710,-83.212346,2.330296
335.025684,-82.252336,2.331525
335.306581,-81.292162,2.332904
335.587333,-80.331804,2.334412
335.867844,-79.371277,2.335960
336.148015,-78.410608,2.337473
336.427909,-77.449850,2.338857
336.707637,-76.489089,2.340086
336.987272,-75.528355,2.341153
337.266866,-74.567672,2.342108
337.546452,-73.607056,2.343000
337.826052,-72.646488,2.343888
338.105649,-71.685969,2.344823
338.385221,-70.725476,2.345849
338.664706,-69.764998,2.346943
338.943969,-68.804525,2.348066
339.222866,-67.844024,2.349126
339.501418,-66.883546,2.350068
339.779772,-65.923125,2.350891
340.058050,-64.962795,2.351627
340.336338,-64.002564,2.352316
340.614668,-63.042404,2.353020
340.893018,-62.082292,2.353791
341.171319,-61.122180,2.354636
341.449450,-60.162035,2.355544
341.727307,-59.201836,2.356450
342.004921,-58.241600,2.357300
342.282430,-57.281378,2.358073
342.559965,-56.321189,2.358781
342.837577,-55.361040,2.359469
343.115257,-54.400891,2.360192
343.392927,-53.440704,2.360965
343.670415,-52.480427,2.361788
343.947645,-51.520048,2.362626
344.224724,-50.559601,2.363436
344.501811,-49.599154,2.364201
344.779001,-48.638730,2.364936
345.056304,-47.678320,2.365658
345.333636,-46.717901,2.366394
345.610850,-45.757421,2.367137
345.887893,-44.796891,2.367841
346.164850,-43.836347,2.368489
346.441859,-42.875835,2.369087
346.719023,-41.915368,2.369659
346.996322,-40.954949,2.370254
347.273647,-39.994516,2.370894
347.550827,-39.034050,2.371579
347.827884,-38.073547,2.372273
348.104957,-37.113084,2.372950
348.382174,-36.152705,2.373603
348.659583,-35.192434,2.374230
348.937109,-34.232258,2.374817
349.214615,-33.272147,2.375336
349.492014,-32.312093,2.375743
349.769397,-31.352132,2.376038
350.046963,-30.392285,2.376273
350.324768,-29.432567,2.376513
350.602759,-28.472934,2.376808
350.880773,-27.513332,2.377156
351.158759,-26.553736,2.377556
351.436809,-25.594200,2.377965
351.715054,-24.634752,2.378391
351.993562,-23.675431,2.378837
352.272269,-22.716211,2.379303
352.551063,-21.757083,2.379762
352.829882,-20.798032,2.380159
353.108785,-19.839103,2.380476
353.387923,-18.880349,2.380721
353.667350,-17.921767,2.380925
353.947004,-16.963342,2.381061
354.226718,-16.005039,2.381104
354.506425,-15.046827,2.381015
354.786284,-14.088741,2.380841
355.066480,-13.130796,2.380639
355.347017,-12.172962,2.380470
355.627757,-11.215158,2.380369
355.908532,-10.257312,2.380342
356.189390,-9.299436,2.380365
356.470506,-8.341581,2.380428
356.751973,-7.383750,2.380524
357.033751,-6.425939,2.380666
357.315648,-5.468083,2.380834
357.597605,-4.510166,2.380996
357.879731,-3.552219,2.381142
358.162138,-2.594305,2.381251
358.444855,-1.636422,2.381349
358.727757,-0.678523,2.381445
359.010720,0.279418,2.381519
359.293763,1.237393,2.381566
359.576998,2.195353,2.381565
359.860502,3.153275,2.381543
360.144232,4.111196,2.381517
360.428021,5.069153,2.381500
360.711831,6.027169,2.381455
360.995743,6.985204,2.381388
361.279853,7.943239,2.381308
361.564193,8.901291,2.381224
361.848610,9.859405,2.381174
362.133009,10.817620,2.381125
362.417439,11.775937,2.381069
362.701998,12.734310,2.381016
362.986748,13.692748,2.380973
363.271587,14.651292,2.380982
363.556348,15.610008,2.381035
363.841045,16.568892,2.381123
364.125791,17.527902,2.381250
364.410644,18.487023,2.381434
364.695566,19.446274,2.381697
364.980341,20.405712,2.382050
365.264910,21.365344,2.382469
365.549383,22.325091,2.382948
365.833868,23.284916,2.383446
366.118346,24.244767,2.383938
366.402665,25.204679,2.384383
366.686657,26.164659,2.384747
366.970373,27.124671,2.385024
367.254004,28.084660,2.385271
367.537544,29.044645,2.385535
367.820894,30.004631,2.385823
368.103931,30.964671,2.386118
368.386632,31.924753,2.386427
368.669151,32.884848,2.386775
368.951530,33.844965,2.387210
369.233667,34.805143,2.387745
369.515490,35.765411,2.388367
369.796997,36.725770,2.389044
370.078256,37.686207,2.389812
370.359333,38.646723,2.390686
370.640111,39.607369,2.391691
370.920510,40.568178,2.392813
371.200552,41.529124,2.394037
371.480326,42.490207,2.395359
371.759905,43.451399,2.396801
372.039197,44.412745,2.398392
372.318019,45.374296,2.400133
372.596409,46.336041,2.401994
372.874499,47.297935,2.403987
373.152359,48.259954,2.406105
373.429964,49.222099,2.408389
373.707135,50.184429,2.410848
373.983811,51.146956,2.413461
374.260100,52.109627,2.416211
374.536137,53.072395,2.419112
374.811960,54.035231,2.422172
375.087462,54.998168,2.425421
375.362469,55.961254,2.428846
375.636993,56.924459,2.432415
375.911151,57.887720,2.436114
376.185068,58.851004,2.439941
376.458797,59.814295,2.443921
376.732231,60.777615,2.448046
377.005267,61.740983,2.452299
377.277890,62.704394,2.456649
377.550182,63.667837,2.461071
377.822281,64.631269,2.465606
378.094259,65.594692,2.470328
378.366084,66.558148,2.475299
378.637584,67.521708,2.480531
378.908608,68.485415,2.486022
379.179245,69.449235,2.491739
379.449696,70.413089,2.497632
379.720072,71.376940,2.503687
379.990388,72.340773,2.509915
380.260563,73.304610,2.516286
380.530469,74.268464,2.522754
380.800030,75.232343,2.529259
381.069300,76.196214,2.535767
381.338467,77.160025,2.542320
381.607645,78.123781,2.548988
381.876822,79.087476,2.555844
382.145873,80.051183,2.562903
382.414669,81.014921,2.570166
382.683226,81.978683,2.577578
382.951653,82.942413,2.585104
383.220089,83.906080,2.592741
383.488582,84.869653,2.600507
383.757055,85.833161,2.608393
384.025407,86.796624,2.616356
384.293591,87.760028,2.624331
384.561694,88.723364,2.632324
384.829884,89.686577,2.640355
385.098156,90.649692,2.648466
385.366441,91.612742,2.656652
385.634700,92.575752,2.664903
385.902972,93.538703,2.673209
386.171379,94.501597,2.681627
386.439915,95.464463,2.690204
386.708412,96.427367,2.698961
386.976923,97.390321,2.707909
387.245614,98.353280,2.717061
387.514450,99.316259,2.726403
387.783351,100.279276,2.735919
388.052400,101.242314,2.745598
388.321657,102.205348,2.755436
388.590980,103.168415,2.765414
388.860378,104.131515,2.775505
389.129976,105.094575,2.785682
389.399805,106.057584,2.795882
389.669792,107.020554,2.806085
389.939899,107.983496,2.816291
390.210179,108.946404,2.826540
390.480678,109.909272,2.836858
390.751433,110.872108,2.847253
391.022397,111.834927,2.857745
391.293488,112.797787,2.868368
391.564609,113.760727,2.879182
391.835807,114.723771,2.890208
392.107133,115.686900,2.901462
392.378597,116.650106,2.912896
392.650204,117.613393,2.924448
392.921925,118.576760,2.936067
393.193732,119.540193,2.947687
393.465592,120.503721,2.959256
393.737461,121.467352,2.970746
394.009287,122.431118,2.982154
394.281006,123.395046,2.993500
394.552539,124.359222,3.004861
394.823842,125.323685,3.016345
395.094933,126.288480,3.028044
395.365802,127.253644,3.039979
395.636421,128.219186,3.052143
395.906760,129.185142,3.064513
396.176776,130.151522,3.077021
396.446423,131.118319,3.089628
396.715661,132.085546,3.102252
396.984448,133.053201,3.114843
397.252735,134.021295,3.127372
397.520464,134.989844,3.139807
397.787557,135.958868,3.152167
398.053913,136.928420,3.164489
398.319458,137.898534,3.176861
398.584213,138.869227,3.189372
398.848166,139.840506,3.202040
399.111297,140.812381,3.214829
399.373558,141.784855,3.227711
399.634885,142.757917,3.240607
399.895219,143.731587,3.253473
400.154477,144.705858,3.266274
400.412583,145.680767,3.278998
400.669454,146.656325,3.291703
400.925114,147.632540,3.304443
401.179553,148.609423,3.317250
401.432747,149.586970,3.330129
401.684647,150.565189,3.343046
401.935167,151.544108,3.356016
402.184187,152.523748,3.369057
402.431699,153.504126,3.382206
402.677722,154.485215,3.395461
402.922247,155.467023,3.408785
403.165205,156.449533,3.422155
403.406494,157.432779,3.435549
403.646066,158.416766,3.449006
403.883954,159.401482,3.462560
404.120136,160.386924,3.476218
404.354536,161.373120,3.489994
404.587047,162.360076,3.503925
404.817695,163.347791,3.518033
405.046483,164.336250,3.532342
405.273355,165.325471,3.546844
405.498201,166.315457,3.561564
405.721047,167.306199,3.576511
405.941912,168.297685,3.591698
406.160734,169.289906,3.607113
406.377431,170.282875,3.622759
406.592050,171.276575,3.638652
406.804594,172.270989,3.654784
407.014991,173.266120,3.671138
407.223223,174.261978,3.687721
407.429333,175.258534,3.704534
407.633287,176.255811,3.721551
407.835031,177.253807,3.738783
408.034613,178.252547,3.756237
408.232009,179.252025,3.773912
408.427144,180.252301,3.791832
408.620043,181.253382,3.810042
408.810676,182.255325,3.828608
408.998931,183.258172,3.847573
409.184826,184.261951,3.866975
409.368327,185.266704,3.886832
409.549311,186.272467,3.907124
409.727740,187.279264,3.927856
409.903580,188.287121,3.948992
410.076705,189.296067,3.970506
410.246991,190.306112,3.992384
410.414373,191.317276,4.014620
410.578735,192.329554,4.037172
410.739937,193.342963,4.059992
410.897851,194.357484,4.083022
411.052376,195.373107,4.106247
411.203410,196.389805,4.129651
411.350851,197.407572,4.153255
411.494644,198.426367,4.177095
411.634769,199.446165,4.201223
411.771207,200.466903,4.225680
411.903946,201.488541,4.250480
412.033003,202.511014,4.275612
412.158375,203.534249,4.301020
412.280049,204.558163,4.326622
412.398014,205.582672,4.352307
412.512270,206.607682,4.377970
412.622836,207.633080,4.403485
412.729761,208.658755,4.428766
412.833103,209.684572,4.453765
412.932952,210.710422,4.478513
413.029435,211.736165,4.503081
413.122646,212.761726,4.527536
413.212641,213.787009,4.551955
413.299526,214.811959,4.576366
413.383328,215.836524,4.600806
413.464114,216.860689,4.625297
413.541943,217.884435,4.649879
413.616852,218.907789,4.674608
413.688854,219.930772,4.699542
413.757945,220.953420,4.724674
413.824142,221.975769,4.749984
413.887460,222.997875,4.775410
413.947876,224.019770,4.800919
414.005383,225.041524,4.826418
414.059967,226.063185,4.851848
414.111561,227.084801,4.877112
414.160159,228.106438,4.902147
414.205742,229.128144,4.926918
414.248236,230.149982,4.951372
414.287591,231.172001,4.975487
414.323790,232.194274,4.999264
414.356758,233.216834,5.022684
414.386435,234.239745,5.045756
414.412685,235.263042,5.068470
414.435480,236.286772,5.090842
414.454786,237.310970,5.112898
414.470521,238.335646,5.134646
414.482667,239.360832,5.156091
414.491112,240.386533,5.177261
414.495722,241.412759,5.198151
414.496431,242.439484,5.218767
414.493267,243.466693,5.239108
414.486135,244.494381,5.259141
414.474990,245.522493,5.278817
414.459858,246.550990,5.298019
414.440676,247.579843,5.316611
414.417467,248.609004,5.334578
414.390156,249.638417,5.351951
414.358741,250.668036,5.368776
414.323168,251.697834,5.385022
414.283381,252.727753,5.400686
414.239386,253.757754,5.415875
414.191091,254.787782,5.430693
414.138548,255.817806,5.445239
414.081691,256.847786,5.459454
414.020585,257.877700,5.473341
413.955170,258.907525,5.486902
413.885344,259.937198,5.500284
413.811066,260.966674,5.513672
413.732271,261.995916,5.527147
413.649135,263.024927,5.540704
413.561748,264.053715,5.554233
413.470140,265.082286,5.567528
413.374415,266.110677,5.580383
413.274571,267.138875,5.592595
413.170475,268.166881,5.603960
413.062243,269.194643,5.614475
412.949740,270.222115,5.624212
412.832932,271.249196,5.633458
412.711822,272.275801,5.642563
412.586252,273.301836,5.651743
412.456349,274.327248,5.661148
412.322171,275.352018,5.670839
412.183697,276.376126,5.680774
412.041012,277.399565,5.690909
411.894157,278.422353,5.701185
411.742989,279.444462,5.711493
411.587654,280.465928,5.721796
411.428204,281.486760,5.732063
411.264582,282.506974,5.742248
411.096838,283.526587,5.752339
410.924992,284.545611,5.762316
410.748862,285.564011,5.772112
410.568534,286.581824,5.781766
410.384071,287.599054,5.791291
410.195386,288.615687,5.800672
410.002504,289.631717,5.809917
409.805452,290.647137,5.819055
409.604037,291.661907,5.828035
409.398294,292.676024,5.836862
409.188332,293.689478,5.845590
408.974050,294.702232,5.854188
408.755460,295.714270,5.862664
408.532613,296.725575,5.871046
408.305347,297.736085,5.879296
408.073615,298.745767,5.887394
407.837586,299.754622,5.895397
407.597168,300.762602,5.903288
407.352360,301.769675,5.911054
407.103221,302.775821,5.918743
406.849659,303.780983,5.926301
406.591539,304.785091,5.933698
406.329072,305.788157,5.940992
406.062206,306.790141,5.948178
405.790922,307.790997,5.955233
405.515286,308.790705,5.962193
405.235276,309.789232,5.969033
404.950705,310.786476,5.975690
404.661776,311.782462,5.982227
404.368515,312.777158,5.988638
404.070877,313.770516,5.994913
403.768921,314.762527,6.001067
403.462698,315.753159,6.007099
403.152010,316.742317,6.012947
402.836991,317.730021,6.018638
402.517764,318.716262,6.024204
402.194260,319.700998,6.029622
401.866531,320.684205,6.034891
401.534663,321.665891,6.040030
401.198497,322.645970,6.044995
400.858061,323.624426,6.049765
400.513546,324.601286,6.054412
400.164886,325.576529,6.058906
399.812110,326.550122,6.063243
399.455305,327.522085,6.067444
399.094391,328.492360,6.071488
398.729258,329.460898,6.075328
398.360134,330.427753,6.079033
397.986990,331.392917,6.082583
397.609807,332.356345,6.085987
397.228651,333.318076,6.089252
396.843520,334.278074,6.092377
396.454211,335.236258,6.095302
396.060912,336.192682,6.098066
395.663661,337.147359,6.100694
395.262388,338.100260,6.103163
394.857129,339.051377,6.105490
394.447927,340.000718,6.107690
394.034573,340.948197,6.109698
393.617122,341.893816,6.111526
393.195702,342.837636,6.113215
392.770222,343.779594,6.114749
392.340669,344.719692,6.116129
391.907113,345.657937,6.117376
391.469397,346.594256,6.118444
391.027417,347.528587,6.119301
390.581373,348.461006,6.120009
390.131184,349.391466,6.120563
389.676809,350.319940,6.120942
389.218294,351.246433,6.121170
388.755589,352.170898,6.121228
388.288472,353.093214,6.121038
387.817126,354.013450,6.120675
387.341564,354.931589,6.120152
386.861707,355.847577,6.119441
386.377578,356.761400,6.118552
385.889204,357.673055,6.117503
385.396362,358.582387,6.116215
384.899138,359.489407,6.114717
384.397650,360.394177,6.113055
383.891822,361.296600,6.111200
383.381652,362.196666,6.109152
382.867223,363.094379,6.106950
382.348382,363.989614,6.104528
381.825077,364.882316,6.101867
381.297528,365.772570,6.099057
380.765689,366.660318,6.096050
380.229548,367.545524,6.092872
379.689203,368.428196,6.089537
379.144602,369.308282,6.086034
378.595599,370.185635,6.082298
378.042428,371.060381,6.078424
377.485126,371.932501,6.074406
376.923677,372.801940,6.070235
376.358144,373.668713,6.065953
375.788590,374.532822,6.061551
375.214831,375.394110,6.056980
374.637038,376.252657,6.052283
374.055345,377.108519,6.047508
373.469724,377.961629,6.042642
372.880212,378.812010,6.037702
372.286925,379.659688,6.032725
371.689733,380.504551,6.027655
371.088667,381.346588,6.022501
370.483933,382.185927,6.017351
369.875519,383.022519,6.012180
369.263443,383.856357,6.007006
368.647808,384.687493,6.001859
368.028564,385.515880,5.996738
367.405615,386.341413,5.991596
366.779190,387.164235,5.986515
366.149304,387.984353,5.981512
365.515945,388.801741,5.976575
364.879188,389.616418,5.971739
364.239056,390.428412,5.967013
363.595398,391.237570,5.962343
362.948351,392.043996,5.957788
362.298009,392.847740,5.953397
361.644335,393.648758,5.949138
360.987345,394.447060,5.945041
360.327105,395.242689,5.941128
359.663494,396.035502,5.937363
358.996507,396.825514,5.933737
358.326305,397.612824,5.930330
357.652838,398.397381,5.927120
356.976096,399.179173,5.924106
356.296149,399.958216,5.921324
355.612917,400.734452,5.918754
354.926297,401.507768,5.916339
354.236464,402.278286,5.914159
353.543403,403.045983,5.912213
352.847085,403.810800,5.910484
352.147537,404.572759,5.908989
351.444767,405.331829,5.907745
350.738613,406.087847,5.906667
350.029198,406.840900,5.905815
349.316586,407.591012,5.905204
348.600717,408.338114,5.904816
347.881613,409.082180,5.904647
347.159318,409.823238,5.904721
346.433692,410.561117,5.904974
345.704773,411.295826,5.905399
344.972686,412.027447,5.906061
344.237383,412.755901,5.906925
343.498865,413.481158,5.907975
342.757202,414.203249,5.909232
342.012307,414.922059,5.910654
341.264128,415.637491,5.912202
340.512837,416.349677,5.913937
339.758412,417.058569,5.915839
339.000833,417.764115,5.917899
338.240166,418.466348,5.920118
337.476405,419.165211,5.922487
336.709423,419.860539,5.924935
335.939379,420.552480,5.927513
335.166318,421.241023,5.930229
334.390201,421.926116,5.933050
333.611075,422.607752,5.935987
332.828978,423.285968,5.939037
332.043778,423.960566,5.942135
331.255573,424.631620,5.945296
330.464453,425.299217,5.948563
329.670390,425.963278,5.951889
328.873387,426.623787,5.955281
328.073517,427.280804,5.958755
327.270689,427.934180,5.962249
326.464885,428.583867,5.965744
325.656253,429.230018,5.969308
324.844768,429.872574,5.972901
324.030411,430.511489,5.976518
323.213242,431.146818,5.980172
322.393239,431.778493,5.983834
321.570290,432.406349,5.987439
320.744549,433.030546,5.991060
319.916023,433.651088,5.994686
319.084679,434.267895,5.998296
318.250553,434.880975,6.001893
317.413671,435.490353,6.005478
316.573898,436.095806,6.008982
315.731320,436.697423,6.012440
314.886019,437.295277,6.015867
314.037948,437.889281,6.019246
313.187100,438.479403,6.022564
312.333550,439.065691,6.025846
311.477193,439.647972,6.029036
310.618025,440.226193,6.032107
309.756168,440.800509,6.035119
308.891601,441.370832,6.038056
308.024306,441.937109,6.040888
307.154345,442.499378,6.043644
306.281688,443.057564,6.046289
305.406252,443.611467,6.048773
304.528180,444.161273,6.051161
303.647493,444.706957,6.053448
302.764158,445.248445,6.055608
301.878224,445.785738,6.057651
300.989731,446.318849,6.059593
300.098562,446.847552,6.061344
299.204835,447.371951,6.062953
298.308616,447.892128,6.064453
297.409890,448.407986,6.065823
296.508675,448.919507,6.067042
295.605038,449.426763,6.068158
294.698919,449.929565,6.069101
293.790340,450.427896,6.069870
292.879424,450.921928,6.070523
291.966175,451.411592,6.071040
291.050595,451.896844,6.071410
290.132747,452.377763,6.071674
289.212635,452.854267,6.071809
288.290210,453.326206,6.071757
287.365600,453.793795,6.071598
286.438840,454.257027,6.071345
285.509923,454.715845,6.070964
284.578898,455.170283,6.070480
283.645812,455.620384,6.069915
282.710577,456.065937,6.069195
281.773302,456.507085,6.068379
280.834056,456.943928,6.067498
279.892827,457.376393,6.066539
278.949630,457.804474,6.065497
278.004526,458.228271,6.064418
277.057474,458.647620,6.063236
276.108496,459.062506,6.061977
275.157677,459.473125,6.060687
274.205031,459.879412,6.059376
273.250546,460.281335,6.058012
272.294272,460.678972,6.056653
271.336224,461.072259,6.055277
270.376339,461.461052,6.053829
269.414725,461.845540,6.052399
268.451403,462.225738,6.050980
267.486358,462.601575,6.049564
266.519627,462.973071,6.048163
265.551243,463.340269,6.046807
264.581135,463.702958,6.045430
263.609381,464.061247,6.044068
262.636017,464.415229,6.042776
261.661054,464.764831,6.041509
260.684483,465.110010,6.040285
259.706355,465.450852,6.039139
258.726646,465.787197,6.038017
257.745364,466.118998,6.036916
256.762575,466.446424,6.035899
255.778288,466.769417,6.034962
254.792507,467.087913,6.034072
253.805264,467.401967,6.033271
252.816580,467.711533,6.032540
251.826414,468.016427,6.031843
250.834861,468.316837,6.031222
249.841926,468.612768,6.030709
248.847621,468.904138,6.030276
247.851975,469.190959,6.029931
246.855023,469.473274,6.029696
245.856732,469.750875,6.029515
244.857154,470.023868,6.029422
243.856347,470.292348,6.029459
242.854305,470.556241,6.029598
241.851054,470.815516,6.029843
240.846640,471.070269,6.030219
239.841051,471.320350,6.030689
238.834296,471.565735,6.031236
237.826460,471.806597,6.031928
236.817554,472.042891,6.032739
235.807586,472.274577,6.033652
234.796610,472.501730,6.034690
233.784644,472.724321,6.035835
232.771671,472.942194,6.037029
231.757786,473.155554,6.038329
230.743021,473.364423,6.039723
229.727386,473.568743,6.041185
228.710925,473.768547,6.042714
227.693704,473.963906,6.044298
226.675712,474.154625,6.045886
225.657018,474.340833,6.047476
224.637704,474.522645,6.049091
223.617785,474.699996,6.050714
222.597318,474.872865,6.052309
221.576361,475.041364,6.053912
220.554951,475.205360,6.055484
219.533142,475.364826,6.057000
218.510991,475.519948,6.058541
217.488552,475.670686,6.060094
216.465840,475.816978,6.061681
215.442889,475.958902,6.063326
214.419709,476.096438,6.065072
213.396277,476.229417,6.066870
212.372585,476.358017,6.068806
211.348587,476.482267,6.070877
210.324224,476.602256,6.073121
209.299426,476.718043,6.075518
208.274117,476.829603,6.078058
207.248233,476.937032,6.080727
206.221674,477.039987,6.083379
205.194421,477.138632,6.086024
204.166471,477.233010,6.088640
203.137805,477.323030,6.091177
202.108440,477.408684,6.093611
201.078434,477.490046,6.095949
200.047781,477.566896,6.098102
199.016546,477.639303,6.100086
197.984774,477.707365,6.101933
196.952510,477.770993,6.103610
195.919798,477.830113,6.105093
194.886687,477.884821,6.106416
193.853219,477.934967,6.107546
192.819435,477.980472,6.108456
191.785385,478.021500,6.109200
190.751108,478.058001,6.109779
189.716632,478.089883,6.110164
188.681992,478.117202,6.110382
187.647230,478.139939,6.110436
186.612353,478.157894,6.110267
185.577414,478.171239,6.109927
184.542426,478.180006,6.109419
183.507422,478.184103,6.108719
182.472409,478.183516,6.107822
181.437419,478.178334,6.106756
180.402477,478.168351,6.105446
179.367596,478.153646,6.103904
178.332795,478.134340,6.102176
177.298102,478.110368,6.100219
176.263526,478.081669,6.098011
175.229089,478.048362,6.095575
174.194813,478.010331,6.092871
173.160715,477.967500,6.089872
172.126814,477.920073,6.086619
171.093118,477.868019,6.083110
170.059646,477.811263,6.079306
169.026427,477.749877,6.075230
167.993460,477.683878,6.070868
166.960779,477.613077,6.066167
165.928399,477.537661,6.061167
164.896321,477.457681,6.055893
163.864577,477.373054,6.050310
162.833177,477.283772,6.044417
161.802130,477.189951,6.038234
160.771470,477.091395,6.031708
159.741210,476.988166,6.024863
158.711358,476.880408,6.017727
157.681932,476.768051,6.010291
156.652960,476.651025,6.002526
155.624438,476.529448,5.994465
154.596411,476.403225,5.986098
153.568890,476.272247,5.977396
152.541893,476.136706,5.968405
151.515424,475.996582,5.959122
150.489520,475.851772,5.949539
149.464195,475.702324,5.939655
148.439465,475.548265,5.929501
147.415386,475.389390,5.919000
146.391957,475.225841,5.908211
145.369183,475.057670,5.897164
144.347109,474.884783,5.885823
143.325761,474.707130,5.874187
142.305155,474.524824,5.862287
141.285350,474.337671,5.850083
140.266360,474.145682,5.837577
139.248190,473.948994,5.824822
138.230885,473.747535,5.811809
137.214495,473.541212,5.798503
136.199018,473.330118,5.784955
135.184509,473.114177,5.771137
134.171029,472.893254,5.757026
133.158566,472.667527,5.742672
132.147154,472.436987,5.728074
131.136852,472.201523,5.713227
130.127683,471.961178,5.698120
129.119675,471.715994,5.682791
128.112902,471.465762,5.667180
127.107369,471.210632,5.651332
126.103096,470.950676,5.635269
125.100127,470.685809,5.618967
124.098520,470.415989,5.602420
123.098268,470.141351,5.585676
122.099443,469.861723,5.568676
121.102081,469.577140,5.551436
120.106171,469.287762,5.534004
119.111750,468.993540,5.516363
118.118878,468.694401,5.498488
117.127545,468.390469,5.480426
116.137797,468.081700,5.462159
115.149695,467.767986,5.443647
114.163210,467.449539,5.424949
113.178357,467.126368,5.406073
112.195193,466.798398,5.386990
111.213728,466.465685,5.367721
110.233945,466.128310,5.348282
109.255945,465.786099,5.328619
108.279683,465.439212,5.308788
107.305155,465.087748,5.288800
106.332403,464.731641,5.268653
105.361451,464.370860,5.248320
104.392266,464.005567,5.227850
103.424922,463.635621,5.207210
102.459420,463.261055,5.186395
101.495718,462.882035,5.165468
100.533839,462.498533,5.144409
99.573830,462.110471,5.123193
98.615668,461.717981,5.101868
97.659370,461.321051,5.080413
96.705002,460.919563,5.058804
95.752506,460.513708,5.037085
94.801894,460.103519,5.015281
93.853211,459.688915,4.993351
92.906480,459.269939,4.971301
91.961667,458.846690,4.949167
91.018881,458.419013,4.926897
90.078095,457.987027,4.904522
89.139298,457.550846,4.882065
88.202542,457.110427,4.859499
87.267886,456.665720,4.836821
86.335304,456.216883,4.814060
85.404878,455.763829,4.791191
84.476657,455.306558,4.768203
83.550604,454.845232,4.745138
82.626771,454.379870,4.721996
81.705235,453.910413,4.698746
80.785999,453.436958,4.675432
79.869078,452.959550,4.652043
78.954572,452.478083,4.628558
78.042442,451.992729,4.605022
77.132678,451.503550,4.581440
76.225329,451.010496,4.557804
75.320414,450.513569,4.534116
74.417871,450.012866,4.510425
73.517757,449.508253,4.486699
72.620006,448.999775,4.463007
71.724370,448.487775,4.439475
70.830798,447.972188,4.416169
69.939488,447.452537,4.393033
69.050387,446.928834,4.370093
68.163402,446.401200,4.347379
67.278597,445.869512,4.324837
66.395936,445.333877,4.302461
65.515356,444.794414,4.280237
64.636913,444.251106,4.258134
63.760670,443.703914,4.236099
62.886582,443.152997,4.214144
62.014718,442.598303,4.192248
61.145144,442.039822,4.170391
60.277800,441.477717,4.148604
59.412723,440.912006,4.126898
58.549988,440.342626,4.105263
57.689592,439.769670,4.083729
56.831528,439.193187,4.062327
55.975906,438.613073,4.041034
55.122662,438.029458,4.019906
54.271789,437.442413,3.998961
53.423345,436.851879,3.978211
52.577359,436.257834,3.957659
51.733777,435.660416,3.937341
50.892690,435.059500,3.917244
50.054085,434.455130,3.897379
49.217904,433.847406,3.877788
48.384186,433.236303,3.858460
47.553003,432.621749,3.839381
46.724289,432.003849,3.820577
45.898081,431.382566,3.802042
45.074446,430.757829,3.783764
44.253321,430.129774,3.765757
43.434713,429.498404,3.748027
42.618702,428.863648,3.730546
41.805288,428.225534,3.713327
40.994444,427.584133,3.696370
40.186308,426.939333,3.679641
39.380824,426.291229,3.663154
38.577989,425.639893,3.646916
37.777884,424.985289,3.630912
36.980579,424.327381,3.615111
36.186016,423.666304,3.599529
35.394327,423.001995,3.584150
34.605537,422.334481,3.568957
33.819611,421.663900,3.553957
33.036607,420.990251,3.539136
32.256635,420.313508,3.524465
31.479662,419.633786,3.509951
30.705728,418.951120,3.495575
29.934947,418.265472,3.481297
29.167254,417.576992,3.467135
28.402651,416.885733,3.453067
27.641223,416.191654,3.439060
26.882982,415.494797,3.425097
26.127870,414.795249,3.411192
25.376001,414.092891,3.397331
24.627308,413.387759,3.383540
23.881724,412.679899,3.369885
23.138845,411.969625,3.356520
22.398582,411.256940,3.343505
21.661258,410.541446,3.330796
20.926757,409.823229,3.318393
20.195158,409.102190,3.306242
19.466366,408.378427,3.294329
18.740287,407.652051,3.282616
18.016937,406.923051,3.271060
17.296381,406.191421,3.259596
16.578498,405.457319,3.248227
15.863332,404.720738,3.236908
15.150916,403.981707,3.225623
14.441152,403.240380,3.214361
13.734037,402.496817,3.203125
13.029637,401.750998,3.191897
12.327913,401.003043,3.180675
11.628810,400.253044,3.169485
10.932422,399.500986,3.158304
10.238655,398.746992,3.147151
9.547476,397.991184,3.136038
8.858908,397.233556,3.124966
8.172988,396.474167,3.113917
7.489600,395.713145,3.102913
6.808807,394.950495,3.091944
6.130585,394.186284,3.081002
5.454843,393.420627,3.070102
4.781575,392.653566,3.059220
4.110830,391.885106,3.048332
3.442509,391.115323,3.037449
2.776588,390.344272,3.026538
2.113097,389.571917,3.015581
1.451936,388.798324,3.004586
0.793064,388.023502,2.993550
0.136507,387.247369,2.982479
-0.517740,386.469878,2.971415
-1.169914,385.691104,2.960458
-1.820290,384.911179,2.949710
-2.468713,384.129885,2.939167
-3.115289,383.347259,2.928850
-3.760104,382.563341,2.918738
-4.403156,381.778115,2.908790
-5.044467,380.991604,2.898973
-5.684124,380.203908,2.889244
-6.322081,379.415026,2.879562
-6.958368,378.625025,2.869895
-7.593045,377.833984,2.860224
-8.226097,377.041955,2.850522
-8.857478,376.248957,2.840757
-9.487257,375.455068,2.830934
-10.115430,374.660335,2.821024
-10.741974,373.864762,2.811013
-11.366944,373.068412,2.800925
-11.990358,372.271290,2.790765
-12.612183,371.473353,2.780553
-13.232427,370.674563,2.770343
-13.851180,369.874921,2.760228
-14.468555,369.074442,2.750278
-15.084532,368.273055,2.740542
-15.699215,367.470821,2.731028
-16.312671,366.667784,2.721722
-16.924905,365.863953,2.712610
-17.535946,365.059377,2.703638
-18.145850,364.254136,2.694788
-18.754592,363.448249,2.686004
-19.362198,362.641780,2.677267
-19.968703,361.834795,2.668551
-20.574096,361.027334,2.659819
-21.178359,360.219404,2.651062
-21.781528,359.411067,2.642261
-22.383595,358.602332,2.633417
-22.984551,357.793167,2.624552
-23.584415,356.983568,2.615701
-24.183163,356.173460,2.606933
-24.780821,355.362809,2.598322
-25.377479,354.551637,2.589919
-25.973259,353.739995,2.581763
-26.568209,352.927916,2.573858
-27.162354,352.115435,2.566163
-27.755746,351.302610,2.558666
-28.348412,350.489496,2.551315
-28.940350,349.676107,2.544084
-29.531563,348.862500,2.536945
-30.122089,348.048712,2.529854
-30.711903,347.234762,2.522801
-31.301008,346.420671,2.515785
-31.889423,345.606421,2.508811
-32.477117,344.791979,2.501921
-33.064006,343.977243,2.495154
-33.650162,343.162206,2.488597
-34.235719,342.346935,2.482308
-34.820750,341.531461,2.476285
-35.405323,340.715822,2.470537
-35.989480,339.900094,2.465030
-36.573264,339.084297,2.459731
-37.156669,338.268491,2.454598
-37.739733,337.452707,2.449611
-38.322467,336.636980,2.444731
-38.904864,335.821330,2.439937
-39.486931,335.005763,2.435226
-40.068660,334.190258,2.430597
-40.650007,333.374767,2.426104
-41.230937,332.559204,2.421805
-41.811578,331.743622,2.417754
-42.392038,330.928064,2.413979
-42.972385,330.112598,2.410485
-43.552681,329.297270,2.407264
-44.132972,328.482137,2.404255
-44.713289,327.667249,2.401449
-45.293649,326.852662,2.398781
-45.874062,326.038408,2.396235
-46.454531,325.224529,2.393765
-47.035055,324.411025,2.391356
-47.615604,323.597885,2.389008
-48.196146,322.785078,2.386736
-48.776656,321.972551,2.384592
-49.357294,321.160355,2.382639
-49.938173,320.348547,2.380921
-50.519401,319.537175,2.379449
-51.101017,318.726296,2.378211
-51.683068,317.915928,2.377172
-52.265576,317.106127,2.376288
-52.848578,316.296943,2.375511
-53.432053,315.488374,2.374818
-54.015999,314.680429,2.374160
-54.600392,313.873116,2.373541
-55.185181,313.066364,2.372954
-55.770351,312.260144,2.372444
-56.356289,311.454680,2.372101
-56.942923,310.649890,2.371966
-57.530189,309.845715,2.372037
-58.118158,309.042191,2.372287
-58.706884,308.239388,2.372710
-59.296355,307.437334,2.373259
-59.886572,306.636052,2.373886
-60.477558,305.835585,2.374549
-61.069279,305.035978,2.375214
-61.661690,304.237189,2.375844
-62.254769,303.439249,2.376400
-62.848459,302.642101,2.376881
-63.442681,301.845668,2.377281
-64.037377,301.049867,2.377641
-64.632906,300.254896,2.378047
-65.229742,299.461006,2.378625
-65.827325,298.667702,2.379343
-66.425658,297.874923,2.380196
-67.024749,297.082646,2.381184
-67.624598,296.290825,2.382275
-68.225209,295.499445,2.383443
-68.826576,294.708492,2.384653
-69.428647,293.917897,2.385870
-70.031393,293.127640,2.387070
-70.634770,292.337680,2.388225
-71.238716,291.547970,2.389309
-71.843189,290.758451,2.390324
-72.448150,289.969091,2.391249
-73.053537,289.179812,2.392076
-73.659296,288.390555,2.392797
-74.265381,287.601249,2.393416
-74.871740,286.811822,2.393930
-75.478329,286.022175,2.394349
-76.085089,285.232240,2.394652
-76.691993,284.441907,2.394863
-77.298990,283.651078,2.394973
-77.906025,282.859656,2.394995
-78.513065,282.067533,2.394934
-79.120065,281.274598,2.394795
-79.726955,280.480727,2.394586
-80.333692,279.685819,2.394328
-80.940214,278.889768,2.394022
-81.546439,278.092446,2.393683
-82.152303,277.293769,2.393319
-82.757720,276.493629,2.392930
-83.362537,275.691914,2.392492
-83.966648,274.888545,2.391982
-84.569917,274.083473,2.391340
-85.172233,273.276642,2.390508
-85.773551,272.468070,2.389435
-86.373796,271.657719,2.388133
-86.972909,270.845537,2.386602
-87.570892,270.031524,2.384891
-88.167661,269.215576,2.383022
-88.763182,268.397642,2.381046
-89.357416,267.577677,2.379000
-89.950271,266.755568,2.376933
-90.541627,265.931234,2.374858
-91.131475,265.104649,2.372814
-91.719655,264.275718,2.370815
-92.306061,263.444401,2.368847
-92.890590,262.610665,2.366906
-93.473122,261.774515,2.364924
-94.053601,260.935998,2.362857
-94.631940,260.095137,2.360656
-95.208079,259.251940,2.358309
-95.782037,258.406461,2.355824
-96.353779,257.558702,2.353231
-96.923190,256.708601,2.350555
-97.490305,255.856167,2.347823
-98.055105,255.001398,2.345077
-98.617511,254.144221,2.342347
-99.177547,253.284641,2.339657
-99.735194,252.422631,2.337040
-100.290321,251.558103,2.334492
-100.842931,250.691035,2.332052
-101.393044,249.821441,2.329721
-101.940541,248.949240,2.327511
-102.485419,248.074450,2.325445
-103.027672,247.197067,2.323541
-103.567136,246.317027,2.321786
-104.103735,245.434300,2.320216
-104.637490,244.548963,2.318824
-105.168216,243.660958,2.317620
-105.695831,242.770328,2.316577
-106.220267,241.877111,2.315683
-106.741803,240.981585,2.314927
-107.261072,240.084254,2.314336
-107.777339,239.184757,2.313815
-108.290172,238.282973,2.313307
-108.799598,237.379029,2.312788
-109.305642,236.473043,2.312251
-109.808180,235.565023,2.311691
-110.307212,234.655050,2.311121
-110.802813,233.743214,2.310581
-111.294902,232.829509,2.310078
-111.783493,231.914001,2.309634
-112.268628,230.996721,2.309283
-112.750212,230.077658,2.309030
-113.228170,229.156800,2.308876
-113.702628,228.234216,2.308844
-114.173499,227.309906,2.308924
-114.640781,226.383875,2.309123
-115.104521,225.456164,2.309439
-115.564656,224.526781,2.309866
-116.021061,223.595670,2.310393
-116.473849,222.662926,2.311012
-116.922983,221.728562,2.311722
-117.368418,220.792561,2.312506
-117.810195,219.854995,2.313373
-118.248302,218.915887,2.314309
-118.682594,217.975187,2.315307
-119.113146,217.032973,2.316364
-119.539991,216.089301,2.317470
-119.963052,215.144141,2.318637
-120.382380,214.197570,2.319858
-120.798007,213.249632,2.321128
-121.209810,212.300284,2.322450
-121.617813,211.349575,2.323809
-122.022124,210.397586,2.325240
-122.422669,209.444292,2.326722
-122.819496,208.489755,2.328275
-123.212678,207.534025,2.329901
-123.602137,206.577079,2.331608
-123.987838,205.618943,2.333414
-124.369948,204.659716,2.335332
-124.748412,203.699388,2.337375
-125.123260,202.738022,2.339579
-125.494577,201.775700,2.341934
-125.862329,200.812440,2.344473
-126.226441,199.848302,2.347157
-126.587087,198.883412,2.349979
-126.944243,197.917864,2.352880
-127.297868,196.951763,2.355754
-127.647981,195.985223,2.358513
-127.994562,195.018348,2.361083
-128.337766,194.051260,2.363460
-128.677750,193.084104,2.365658
-129.014563,192.116908,2.367680
-129.348333,191.149764,2.369580
-129.679185,190.182729,2.371384
-130.007140,189.215793,2.373117
-130.332285,188.248987,2.374816
-130.654802,187.282363,2.376508
-130.974729,186.315898,2.378207
-131.292185,185.349594,2.379914
-131.607286,184.383479,2.381647
-131.920084,183.417505,2.383400
-132.230614,182.451665,2.385174
-132.539052,181.485967,2.386972
-132.845446,180.520387,2.388778
-133.149876,179.554901,2.390598
-133.452446,178.589513,2.392418
-133.753213,177.624200,2.394225
-134.052180,176.658923,2.396025
-134.349485,175.693693,2.397804
-134.645184,174.728497,2.399549
-134.939318,173.763310,2.401272
-135.231966,172.798138,2.402964
-135.523182,171.832963,2.404605
-135.812956,170.867758,2.406206
-136.101373,169.902531,2.407767
-136.388491,168.937287,2.409264
-136.674327,167.972004,2.410719
-136.958933,167.006684,2.412115
-137.242359,166.041331,2.413453
-137.524590,165.075929,2.414728
-137.805664,164.110479,2.415941
-138.085647,163.144983,2.417087
-138.364536,162.179454,2.418170
-138.642369,161.213875,2.419191
-138.919184,160.248267,2.420136
-139.194980,159.282613,2.421018
-139.469763,158.316916,2.421819
-139.743598,157.351187,2.422550
-140.016488,156.385428,2.423210
-140.288456,155.419645,2.423800
-140.559541,154.453841,2.424312
-140.829754,153.488011,2.424743
-141.099095,152.522147,2.425103
-141.367618,151.556282,2.425385
-141.635347,150.590396,2.425596
-141.902301,149.624505,2.425731
-142.168521,148.658600,2.425797
-142.434028,147.692700,2.425788
-142.698826,146.726784,2.425720
-142.962973,145.760862,2.425578
-143.226499,144.794939,2.425373
-143.489427,143.829018,2.425106
-143.751803,142.863090,2.424780
-144.013654,141.897162,2.424405
-144.274996,140.931231,2.423972
-144.535879,139.965291,2.423496
-144.796343,138.999336,2.422978
-145.056412,138.033382,2.422422
-145.316128,137.067422,2.421838
-145.575530,136.101439,2.421222
-145.834633,135.135447,2.420584
-146.093484,134.169432,2.419919
-146.352119,133.203403,2.419250
-146.610568,132.237350,2.418569
-146.868864,131.271273,2.417880
-147.127040,130.305182,2.417195
-147.385124,129.339067,2.416516
-147.643145,128.372934,2.415837
-147.901135,127.406785,2.415169
-148.159123,126.440624,2.414514
-148.417131,125.474460,2.413872
-148.675184,124.508300,2.413246
-148.933312,123.542159,2.412634
-149.191532,122.576041,2.412038
-149.449863,121.609971,2.411463
-149.708325,120.643962,2.410902
-149.966938,119.678029,2.410360
-150.225709,118.712207,2.409835
-150.484664,117.746504,2.409317
-150.743816,116.780959,2.408813
-151.003165,115.815591,2.408311
-151.262729,114.850439,2.407810
-151.522514,113.885523,2.407310
-151.782525,112.920871,2.406800
-152.042773,111.956523,2.406257
-152.303280,110.992493,2.405686
-152.564033,110.028824,2.405054
-152.825046,109.065509,2.404359
-153.086324,108.102588,2.403555
-153.347868,107.140053,2.402636
-153.609685,106.177903,2.401576
-153.871794,105.216128,2.400358
-154.134177,104.254694,2.398984
-154.396825,103.293546,2.397458
-154.659931,102.332690,2.395862
-154.923660,101.372084,2.394295
-155.187651,100.411549,2.392830
-155.451957,99.451023,2.391538
-155.716648,98.490487,2.390449
-155.981739,97.529920,2.389554
-156.247254,96.569311,2.388825
-156.513223,95.608661,2.388229
-156.779645,94.647990,2.387715
-157.046529,93.687300,2.387259
-157.313897,92.726637,2.386832
-157.581743,91.766006,2.386395
-157.850053,90.805451,2.385929
-158.118841,89.844984,2.385426
-158.388103,88.884642,2.384868
-158.657826,87.924456,2.384265
-158.928040,86.964453,2.383597
-159.198742,86.004657,2.382882
-159.469915,85.045083,2.382122
-159.741575,84.085760,2.381305
-160.013725,83.126690,2.380450
-160.286361,82.167898,2.379551
-160.559506,81.209392,2.378628
-160.833177,80.251173,2.377670
-161.107354,79.293247,2.376681
-161.382055,78.335609,2.375674
-161.657288,77.378252,2.374650
-161.933045,76.421176,2.373598
-162.209351,75.464370,2.372526
-162.486223,74.507821,2.371431
-162.763638,73.551514,2.370321
-163.041606,72.595434,2.369190
-163.320130,71.639560,2.368043
-163.599203,70.683869,2.366863
-163.878831,69.728339,2.365672
-164.159033,68.772959,2.364454
-164.439773,67.817700,2.363212
-164.721051,66.862531,2.361947
-165.002861,65.907439,2.360655
-165.285189,64.952386,2.359336
-165.568027,63.997355,2.357997
-165.851383,63.042322,2.356629
-166.135218,62.087266,2.355230
-166.419516,61.132158,2.353807
-166.704267,60.176978,2.352362
-166.989448,59.221693,2.350883
-167.275036,58.266297,2.349378
-167.561024,57.310771,2.347848
-167.847382,56.355088,2.346293
-168.134079,55.399222,2.344703
-168.421093,54.443175,2.343092
-168.708397,53.486922,2.341453
-168.995961,52.530452,2.339782
-169.283764,51.573763,2.338081
-169.571774,50.616833,2.336354
-169.859955,49.659660,2.334591
-170.148277,48.702235,2.332798
-170.436705,47.744565,2.330973
-170.725210,46.786634,2.329111
-171.013752,45.828455,2.327204
-171.302297,44.870026,2.325264
-171.590813,43.911355,2.323273
-171.879260,42.952439,2.321229
-172.167605,41.993295,2.319123
-172.455818,41.033915,2.316937
-172.743843,40.074326,2.314680
-173.031654,39.114512,2.312312
-173.319216,38.154498,2.309836
-173.606485,37.194280,2.307230
-173.893423,36.233841,2.304475
-174.179985,35.273191,2.301574
-174.466092,34.312283,2.298523
-174.751678,33.351106,2.295350
-175.036789,32.389637,2.292099
-175.321355,31.427824,2.288856
-175.605331,30.465632,2.285679
-175.888756,29.503056,2.282601
-176.171615,28.540113,2.279627
-176.453898,27.576817,2.276715
-176.735579,26.613179,2.273855
-177.016573,25.649230,2.270996
-177.296845,24.684976,2.268140
-177.576217,23.720391,2.265292
-177.854659,22.755495,2.262446
-178.132165,21.790318,2.259605
-178.408742,20.824898,2.256782
-178.684203,19.859196,2.253975
-178.958288,18.893144,2.251216
-179.230841,17.926721,2.248535
